step,time_s,acceleration_x_m_s2,acceleration_y_m_s2,acceleration_z_m_s2,angular_acceleration_x_rad_s2,angular_acceleration_y_rad_s2,angular_acceleration_z_rad_s2,inferred_nonmagnetic_force_x_N,inferred_nonmagnetic_force_y_N,inferred_nonmagnetic_force_z_N,inferred_nonmagnetic_torque_x_Nm,inferred_nonmagnetic_torque_y_Nm,inferred_nonmagnetic_torque_z_Nm
1,2.5e-05,-0.0028933123247543084,0.0,0.0,5.7087469616292275,-125.08278853542939,12.764048734616773,2.576329377713039e-08,0.0,0.0,-4.143300474473205e-12,4.914984004329489e-10,-5.015486047772751e-11
2,5e-05,-0.014232296956671142,-1.8892255317817237e-05,-6.642576626997346e-05,28.798395012270166,-614.3098318299385,20.794283704129064,7.588206323105961e-08,-1.6822474355816762e-10,-5.914835104881557e-10,-1.2656782261043828e-11,1.4500768753712422e-09,1.6578261131466445e-11
3,7.500000000000001e-05,-0.03624739194408908,-0.00011770924449540434,-0.0004764691494361006,75.53450809730111,-1561.4453776213452,-66.98848571861177,1.2525485118770648e-07,-1.0481335942453734e-09,-4.242685647047832e-09,-2.1517061729374832e-11,2.403351939877019e-09,3.205734995211142e-10
4,0.0001,-0.068189476244494,-6.88302453781809e-05,-0.0014398680632870028,146.41641888505524,-2924.1750160173287,-365.71075025612345,1.7531152013539314e-07,-6.128940236621806e-10,-1.2821202743095109e-08,-3.0764964792690065e-11,3.411569975344424e-09,8.529151369396165e-10
5,0.000125,-0.1090394335652408,-0.00015173533104035627,-0.0035787041458445693,241.76866423064016,-4663.576850542917,-977.4245495360551,2.298861333390134e-07,-1.3511164614054544e-09,-3.186631649200105e-08,-4.045427275952924e-11,4.520194312962609e-09,1.6210499740980984e-09
6,0.00015,-0.15848578979391167,0.0007086071659020711,-0.006887133416285138,361.809635206326,-6747.179030252576,-1992.7584335853073,2.8651165334249476e-07,6.309742101300827e-09,-6.132598958223874e-08,-5.061121425895963e-11,5.748599908287996e-09,2.6422539532089252e-09
7,0.000175,-0.2160452141513995,0.0014469882697988451,-0.009238656976817914,506.61859064633836,-9157.4497876271,-3492.8269090715485,3.442513808654441e-07,1.288460411547685e-08,-8.226496384904006e-08,-6.127025910534917e-11,7.0574790851038805e-09,3.936274490449485e-09
8,0.0002,-0.2807074994853793,0.0035904805245872444,-0.011854516288392764,676.1653545285956,-11856.59757469711,-5547.374232351039,4.068602093338316e-07,3.197117841879081e-08,-1.0555769700720947e-07,-7.24666797019309e-11,8.487949552111861e-09,5.532972054199658e-09
9,0.000225,-0.35269769588584443,0.005363842201626202,-0.017646844884135707,870.3274368247876,-14807.366418001786,-8217.365471837591,4.6709384105083653e-07,4.776195132214093e-08,-1.5713507494495794e-07,-8.423973802843847e-11,1.0080627783201371e-08,7.4626886548264e-09
10,0.0002500000000000001,-0.42844541351183457,0.007971886469669906,-0.025551041749026566,1088.890547950386,-18002.740845463835,-11561.089935725762,5.515042842347234e-07,7.098509598111814e-08,-2.275174336554883e-07,-9.665049462836047e-11,1.1759675510575373e-08,9.73301015732542e-09
11,0.0002750000000000001,-0.5116082054154448,0.01488573784733497,-0.03248962831093602,1331.5775795336997,-21415.587386391337,-15623.170794042848,6.222829380218938e-07,1.3254899374985572e-07,-2.8930158411276815e-07,-1.0978088691936768e-10,1.3531411627462591e-08,1.237287452499472e-08
12,0.0003000000000000001,-0.6022396607900133,0.026514825683007025,-0.03844564826625421,1598.0846598288351,-25023.679215359945,-20443.848067665585,6.737125486174152e-07,2.3609937913589042e-07,-3.4233654011750706e-07,-1.2372693181465261e-10,1.5386649705261418e-08,1.539716924523186e-08
13,0.0003250000000000001,-0.6952012096862868,0.0352303710706803,-0.044569022552858314,1888.0879069598047,-28804.15793693285,-26060.445856928236,7.463091925082886e-07,3.137063330514542e-07,-3.968616908602649e-07,-1.3861009141778384e-10,1.732305286857881e-08,1.880216697845746e-08
14,0.0003500000000000001,-0.7878354319029188,0.03953205394449959,-0.05505117368300411,2201.250773394742,-32734.6778801841,-32495.103308596805,8.584958502173168e-07,3.5201036219689665e-07,-4.901992599404221e-07,-1.5460183860928005e-10,1.9341137384396345e-08,2.2615021590125172e-08
15,0.0003750000000000001,-0.8931851196252145,0.0478510718093263,-0.06243856345549608,2537.260013585455,-36803.25917358255,-39772.9613615434,8.888942018850509e-07,4.260864649926522e-07,-5.559797466602721e-07,-1.719088145419883e-10,2.140596184585821e-08,2.6823639142444224e-08
16,0.0004000000000000001,-0.9933958729666594,0.05963813095453011,-0.06155958502739108,2895.8440804793754,-40990.18924060011,-47900.3361204411,9.912478876187598e-07,5.310434946669664e-07,-5.481529457742141e-07,-1.9079902326905333e-10,2.3518540948789834e-08,3.146377655345075e-08
17,0.0004250000000000001,-1.0913194411187082,0.0850278976452925,-0.0579458620439073,3276.8080363489357,-45273.398419498866,-56886.50226067524,1.1349241984852802e-06,7.571248660386028e-07,-5.159748065335545e-07,-2.1156120043610452e-10,2.5694888238009545e-08,3.6534729014945604e-08
18,0.0004500000000000002,-1.2099074005546053,0.10330615481991363,-0.08113977651206854,3680.0282294531253,-49619.26736324942,-66731.79667315647,1.1103129740534893e-06,9.198823068080481e-07,-7.225033679931665e-07,-2.345075768391636e-10,2.800214659360118e-08,4.204727039901915e-08
19,0.0004750000000000002,-1.3185605479460538,0.13041662142286517,-0.10321255833173454,4105.459693510285,-54044.607256092095,-77438.99337271668,1.1846431159331756e-06,1.1612855281440763e-06,-9.190488835371364e-07,-2.6009109253926227e-10,3.031496430917366e-08,4.798001414964598e-08
20,0.0005000000000000001,-1.4262888069429442,0.1475060035073559,-0.1184002387842574,4553.202646397652,-58525.45826220025,-88981.31261889417,1.2724467136041423e-06,1.3134567152452652e-06,-1.0542865037359008e-06,-2.8881540545881966e-10,3.267366872932981e-08,5.440596052855346e-08
21,0.0005250000000000001,-1.548767368793282,0.16024375296761437,-0.12140433997968188,5023.40930307926,-63055.36207879126,-101361.9131326853,1.2289051431178137e-06,1.4268790992016844e-06,-1.0810363091308374e-06,-3.2119218184971523e-10,3.505493069253856e-08,6.125933829952243e-08
22,0.00055,-1.6506553911376611,0.19910698132401117,-0.11125822689739648,5516.388491222735,-67628.94160250672,-114605.0454379653,1.3634679148181085e-06,1.7729339515268918e-06,-9.90690966943453e-07,-3.57537439784075e-10,3.743581971615484e-08,6.837080864685608e-08
23,0.000575,-1.7445281385562346,0.20907434814605969,-0.1468422298780679,6032.544634227463,-72201.74929851053,-128636.47802393168,1.5589182169890198e-06,1.8616876603552897e-06,-1.307546190181466e-06,-3.985167460533449e-10,3.9950882924974226e-08,7.593732304070677e-08
24,0.0006,-1.854334070903828,0.2664511413679845,-0.1815565207236413,6572.256455038581,-76812.17691139251,-143403.39677883728,1.5967663594428273e-06,2.3725952340447765e-06,-1.6166571235803352e-06,-4.4551197040354826e-10,4.241236074632481e-08,8.405043624855404e-08
25,0.0006249999999999999,-1.97132368723497,0.2876845309389376,-0.15187706134644763,7136.17997959051,-81416.20758043785,-158955.7700956925,1.5496778784453676e-06,2.561666441021083e-06,-1.352378488833919e-06,-4.980989716378213e-10,4.495863234624813e-08,9.23758911738612e-08
26,0.0006499999999999999,-2.0547447258250013,0.28339202309678935,-0.16876682281653682,7724.819660532129,-86037.55687742138,-175263.7144901381,1.775282753293011e-06,2.523444110292481e-06,-1.50277216837438e-06,-5.571545793862994e-10,4.74631999044903e-08,1.008701933782461e-07
27,0.0006749999999999998,-2.152683369619932,0.3536768983563482,-0.15930750549894118,8338.728309650098,-90672.27170443375,-192172.66761761383,1.8401529914092474e-06,3.1492907822568508e-06,-1.418542350217777e-06,-6.250948227032055e-10,4.9908450032174114e-08,1.0995471306039435e-07
28,0.0006999999999999998,-2.282543921676605,0.4245143622292097,-0.17054643711029432,8978.457908424492,-95248.82269557468,-209604.72908485067,1.5840623041725502e-06,3.7800579402194344e-06,-1.5186186172585143e-06,-7.024857313228032e-10,5.254098593520436e-08,1.19721809246067e-07
29,0.0007249999999999997,-2.380223721708554,0.4235625288701903,-0.21419822652652476,9645.004057551814,-99813.83344414244,-227705.81230199052,1.572553871614996e-06,3.7715824077836574e-06,-1.9073128709019658e-06,-7.87376430826017e-10,5.5140357186405086e-08,1.2935405345880446e-07
30,0.0007499999999999997,-2.452241303892047,0.44804348280807277,-0.22253907755253996,10337.907610165348,-104392.88691805703,-246347.39716137873,1.7423253732822871e-06,3.989571320646572e-06,-1.9815833855284007e-06,-8.829228640737533e-10,5.7564610619491986e-08,1.3907888411974836e-07
31,0.0007749999999999996,-2.5184558589762567,0.46795743202589263,-0.2559652942845635,11057.967038587029,-108961.412502827,-265371.103031781,1.9112788408477903e-06,4.1668936648581026e-06,-2.2792247546115954e-06,-9.913324098662833e-10,5.986307087160842e-08,1.492029376138496e-07
32,0.0007999999999999996,-2.6167659266449363,0.5555461427006523,-0.2396406099374001,11805.097196636967,-113373.57682943766,-284744.9453050981,1.7366809123655015e-06,4.946821108351619e-06,-2.1338627641149056e-06,-1.1076223264355884e-09,6.25533022562029e-08,1.5949317980046482e-07
33,0.0008249999999999996,-2.660620035507579,0.7044489759776871,-0.28274880824988413,12577.924765470887,-117698.86745101323,-304383.11992031056,1.9839487180216007e-06,6.272715794916117e-06,-2.51771664944394e-06,-1.2347422283611063e-09,6.529641663996002e-08,1.698794849209321e-07
34,0.0008499999999999995,-2.74952434570389,0.7076979207846125,-0.26139611590352246,13375.383015477175,-122056.4409618057,-324205.14464405354,1.7617562795598364e-06,6.301645792832471e-06,-2.327583119390729e-06,-1.3786686986780386e-09,6.754656859878647e-08,1.8021600174232814e-07
35,0.0008749999999999995,-2.8523144644113234,0.6785961691342886,-0.2527979687924499,14196.514419532621,-126285.09827655244,-344045.497976486,1.3423179234493007e-06,6.042511315444153e-06,-2.251021530077913e-06,-1.534750670750432e-09,6.984523389418783e-08,1.9062938688227884e-07
36,0.0008999999999999994,-2.8700441458313524,0.7286773470037391,-0.28850866115764034,15037.296618511416,-130357.8946495238,-363728.25861121615,1.6014004897211596e-06,6.4884556012083735e-06,-2.5690048499282007e-06,-1.705385827184581e-09,7.218914120438526e-08,2.0121750335344498e-07
37,0.0009249999999999994,-2.8819636224033123,0.8442613457978732,-0.2889994737255137,15895.238691507486,-134309.2536580715,-383153.5728736055,1.8280272940960843e-06,7.517665096288248e-06,-2.57337525552439e-06,-1.892015444456256e-09,7.43145331150463e-08,2.1170119723692319e-07
38,0.0009499999999999993,-2.8554082455358123,0.8773669878414652,-0.4741688909117662,16766.978417662904,-138081.46755290858,-402343.1054583808,2.3077550541024766e-06,7.812451930862703e-06,-4.22220315864907e-06,-2.0826030685873038e-09,7.629734396862507e-08,2.212379696744812e-07
39,0.0009749999999999993,-2.9102719607207415,0.9307731392537978,-0.3609026560370675,17645.37511197296,-141595.62797487946,-420969.6577322434,1.967690230504049e-06,8.288003207014223e-06,-3.2136320275133704e-06,-2.278630124218346e-09,7.827162071171184e-08,2.3026089942932021e-07
40,0.0009999999999999994,-2.987561085931535,0.9760557009255794,-0.30953236218185354,18522.339550332123,-144827.6993522588,-438705.61789663724,1.3278307216498786e-06,8.691218556200627e-06,-2.7562089001564653e-06,-2.4863899411386963e-09,8.012777727870068e-08,2.3909858978810003e-07
41,0.001024999999999999,-2.982508412083061,0.9537816650446452,-0.4083735025758228,19408.63391893782,-147961.8723689872,-455899.5219332825,1.3689989176879273e-06,8.492880988184503e-06,-3.636332803631925e-06,-2.735337389322507e-09,8.21657147275047e-08,2.4920146261581677e-07
42,0.00105,-2.9287800888887423,1.1185442715552985,-0.33860192339924655,20340.396319559015,-151131.67565161863,-473275.270212236,1.8428084457943318e-06,9.959997897307044e-06,-3.015056740124647e-06,-3.022073194365215e-09,8.505242168365832e-08,2.6130420743006664e-07
43,0.001075,-2.8066697591355902,1.2776837042456752,-0.4657927236141481,21336.169407007703,-154460.90600160873,-491279.02721033467,2.9246091320564382e-06,1.1377043655156985e-05,-4.147618172794405e-06,-3.3202958451804703e-09,8.832765887595174e-08,2.737499710698473e-07
44,0.0011,-2.8046993674434995,1.118953853178059,-0.4682765184482066,22397.713447161583,-158189.09029639556,-510166.0579716313,2.9355821299945803e-06,9.96364498773092e-06,-4.169734947207068e-06,-3.6462701080120715e-09,9.107795045927833e-08,2.8563531337054806e-07
45,0.001125,-2.8718158333806976,1.2190420964369781,-0.34128805664072576,23525.637310786962,-162233.17534429368,-529687.6187223038,2.330171366637277e-06,1.0854873629953425e-05,-3.0389752224926443e-06,-4.01434767438109e-09,9.36595394541468e-08,2.9804017581281503e-07
46,0.00115,-2.826249430109069,1.5270728860484033,-0.4160376263108965,24725.950142863134,-166487.48310919202,-549842.8663871809,2.7267605729530006e-06,1.3597711883972366e-05,-3.704577448235839e-06,-4.408658536632304e-09,9.651883140155478e-08,3.1107234188431236e-07
47,0.001175,-2.821027454246017,1.415816575797431,-0.6173584284073871,26009.75165544988,-170927.53830916036,-571024.9279073045,2.762538266982261e-06,1.2607037983670655e-05,-5.497224209348936e-06,-4.77894138011396e-09,9.978351443098423e-08,3.23294769541669e-07
48,0.0012,-2.8336254646839363,1.61698892731232,-0.4333181642749995,27358.547189830937,-175703.68860793556,-592746.7848075391,2.6378602874039384e-06,1.439836287714006e-05,-3.858450769268972e-06,-5.220503526347823e-09,1.0289728361708181e-07,3.3672984341505296e-07
49,0.001225,-2.8125801148905674,1.7387886616584185,-0.4580949008958257,28798.347283297895,-180749.1808925392,-615291.2168407745,2.810744555829275e-06,1.5482919947279882e-05,-4.079073457991364e-06,-5.67681965685174e-09,1.06161163738807e-07,3.503749295112107e-07
50,0.00125,-2.9142292886914354,1.5298583961484515,-0.7039482939695706,30309.004436584735,-186143.22370533907,-638711.02478438,1.8888332605675226e-06,1.362251526050822e-05,-6.268257507591356e-06,-6.180261731902218e-09,1.0929716554733135e-07,3.6413597711324534e-07
51,0.001275,-2.977378694744302,1.821663511797043,-0.6051308737580229,31912.031360164252,-191752.19499416024,-662643.5688110092,1.3071849431965702e-06,1.6220873154954532e-05,-5.3883448187929095e-06,-6.73099775193604e-09,1.128757532217143e-07,3.795461933412129e-07
52,0.0013,-2.7671216571070913,2.343921180066709,-0.6113564157934311,33606.503754761965,-197501.5492815016,-687514.0099744495,3.157196483374642e-06,2.087127941074411e-05,-5.44377971498709e-06,-7.2516695219771134e-09,1.1722126794071826e-07,3.9504975824999193e-07
53,0.001325,-2.6632582792971147,2.4173619644477626,-0.8776280471102818,35376.86284568563,-203710.20318435231,-713031.2109516448,4.056621134766149e-06,2.15252276509821e-05,-7.814776514551171e-06,-7.89650145115419e-09,1.211295838877431e-07,4.118969494614869e-07
54,0.00135,-2.8230887352230605,2.097714222419736,-0.6717876256345078,37267.53382387732,-210099.99946664608,-739714.4594249065,2.6044133534314164e-06,1.8678947070552973e-05,-5.981885124182856e-06,-8.465800114055296e-09,1.2573330918663232e-07,4.281583661170815e-07
55,0.001375,-2.8916780757749265,2.0109650570587685,-0.4785144960900658,39225.97865311064,-216667.8143159739,-766673.0929588539,1.960653079772165e-06,1.790649529858423e-05,-4.260898290830301e-06,-9.13567031428381e-09,1.310814660934974e-07,4.4744301696023374e-07
56,0.0014,-2.7739391800872117,2.4059303588451164,-1.0828762313469644,41279.79049471822,-224002.36895101157,-795045.7435329214,2.9715848637541976e-06,2.142343573209195e-05,-9.64239437055338e-06,-9.935515781156354e-09,1.3492313057410275e-07,4.6537299887224945e-07
57,0.001425,-2.4728481926767603,2.7349740879718825,-1.2266685033274487,43463.91184086829,-231519.2843153903,-824848.371571311,5.610212686805348e-06,2.435338221124893e-05,-1.0922782427597596e-05,-1.0593908467309843e-08,1.3958329892389365e-07,4.819978843881111e-07
58,0.001450000000000001,-2.5341441726056253,3.249839079349096,-0.809185877607146,45698.90545092633,-239183.3670327289,-854351.5810728399,5.016502410358244e-06,2.8937960901535073e-05,-7.205338084912167e-06,-1.1479436787673143e-08,1.4525088260316266e-07,5.042081242611166e-07
59,0.001475000000000001,-2.5710728872623267,3.7821085838041557,-0.9565991422826434,48053.84377490201,-247198.7970347771,-884774.0528379449,4.633693359407647e-06,3.367751684043558e-05,-8.517969013826218e-06,-1.2402871197219264e-08,1.511827022167434e-07,5.272972889345263e-07
60,0.001500000000000001,-2.4080571863698315,3.4876858304950766,-1.2351090656222086,50559.10378456718,-255574.0024987635,-917409.9367247287,6.024560293093597e-06,3.1055850377649706e-05,-1.0997940814123508e-05,-1.3050611412208406e-08,1.5735865842282967e-07,5.462794117218755e-07
61,0.001525000000000001,-2.191045844676364,3.737504030240055,-1.1873723234300395,53099.83660876853,-263887.47813136934,-948892.3007361834,7.888819339514997e-06,3.328033876621324e-05,-1.0572872389073881e-05,-1.4022822669475607e-08,1.6549996822565194e-07,5.744494224346646e-07
62,0.001550000000000001,-2.2546348670456706,4.2287310715844315,-1.3343561012480352,55694.36470293766,-272882.3558141384,-981131.2819107772,7.246335835192712e-06,3.765443501194102e-05,-1.188167898281728e-05,-1.532065326313348e-08,1.7274603402343546e-07,6.043515197798612e-07
63,0.001575000000000001,-2.1483175713595273,4.6934045992297815,-1.5085788419946098,58419.01961803912,-282568.9831023059,-1015570.9246980697,8.10780215006968e-06,4.1792087383846384e-05,-1.3433032984287544e-05,-1.6544227715653394e-08,1.7908451330151403e-07,6.3036693050334e-07
64,0.001600000000000001,-1.7670024102672235,5.158981625594836,-1.4609980481382607,61300.447728582076,-292183.2943819874,-1050911.5987639662,1.1408118032961771e-05,4.593778489583008e-05,-1.3009353190100688e-05,-1.7467354666634696e-08,1.8753075713634941e-07,6.576533769198786e-07
65,0.001625000000000001,-1.4009815109455486,5.235452534573538,-2.0662428332600262,64332.15254359976,-301620.0182611661,-1086681.1286751062,1.4561448987092864e-05,4.66187146649969e-05,-1.8398712324528846e-05,-1.8086049796758617e-08,1.9852098220927322e-07,6.88093365697921e-07
66,0.001650000000000001,-0.5979095802082971,5.755077597583583,-2.2483377810657883,67245.43482852493,-311857.69506108074,-1121999.7169879267,2.1594652908737746e-05,5.124567907452517e-05,-2.0020163833760382e-05,-1.962974288866103e-08,2.0828331367805232e-07,7.251242769129512e-07
67,0.001675000000000001,-0.18841590550940204,6.679294778344716,-1.7122731575335672,70363.61132576843,-322924.75680192607,-1159864.3156811912,2.5110353611181882e-05,5.947530521550608e-05,-1.5246814527006852e-05,-2.096738242642173e-08,2.1679075475574874e-07,7.569285000619562e-07
68,0.001700000000000001,-0.017847270407742682,7.935862674529646,-1.774633345042473,73554.90733088723,-333529.78071401623,-1197509.9073070365,2.6484471077677594e-05,7.066432465988012e-05,-1.580209638062606e-05,-2.196704660193336e-08,2.2895456833902345e-07,7.943979253762778e-07
69,0.001725000000000001,0.7948571901165102,8.372686568022878,-2.8035175084187305,76641.3782707435,-345493.62581110606,-1236152.7777523783,3.356108835947773e-05,7.455399194558932e-05,-2.4963722222713635e-05,-2.3994772767299662e-08,2.3784480612307154e-07,8.326015690141187e-07
70,0.001750000000000001,1.3085539801047523,8.433777303148027,-4.24408889868865,79932.64428725942,-357374.4711251753,-1275728.2878314513,3.7958510842814906e-05,7.509797005076112e-05,-3.779118769089626e-05,-2.5450512334455602e-08,2.4903692941625284e-07,8.717303758750496e-07
71,0.001775000000000001,2.694505609531366,9.77217431938771,-4.161888223697186,83415.85335668789,-367928.8861187321,-1313621.7619025148,5.01047316338917e-05,8.701563107366704e-05,-3.705923762786139e-05,-2.5928080897148305e-08,2.672435766297288e-07,9.21978039318865e-07
72,0.001800000000000001,4.46541631590043,11.478328234455029,-2.6605089847069157,86483.56574566952,-379256.7244054693,-1349404.464652017,6.56591564657695e-05,0.00010220795724143157,-2.3690312996375076e-05,-2.835476137134594e-08,2.843876341649688e-07,9.847609532724579e-07
73,0.001825000000000002,6.350856624618833,12.014113011579004,-2.676916923669468,89553.46048000826,-390885.02071889385,-1384374.5154423625,8.221218605375247e-05,0.00010697881467575003,-2.3836416321672096e-05,-3.136138781889879e-08,3.0245057218071757e-07,1.0546766951102999e-06
