mode,zone_name,time_s,cg_x_m,cg_y_m,cg_z_m,q0,q1,q2,q3,theta_x_rad,theta_y_rad,theta_z_rad,vx_m_s,vy_m_s,vz_m_s,omega_x_rad_s,omega_y_rad_s,omega_z_rad_s,Fmag_x_N,Fmag_y_N,Fmag_z_N,Tmag_x_Nm,Tmag_y_Nm,Tmag_z_Nm,radial_displacement_m,estimated_wall_clearance_m,source_s_eff_mm,phase_rad,ramp,m_global_x,m_global_y,m_global_z,B_x_T,B_y_T,B_z_T
FREE_6DOF,robot_wall,0.0017625000000000008,0.001203713388222422,8.724861369932643e-07,-3.3566901088929189e-07,0.98462352937675401,0.0068969697300617933,-0.060762549675070499,-0.16363633387237564,0.01386507789800985,-0.12215183152891659,-0.32896048625472341,-0.003078475416918156,0.0027833808103585899,-0.00097353235657122224,39.137346682336442,-238.35103071355931,-752.06504958570417,-2.6306553620632033e-05,0,0,2.4133861567288072e-07,-1.5496040331580494e-06,-5.9258231897059048e-06,9.3482925933927891e-07,0.00089906517074066065,31.687040937266072,1.1074114103904027,1,0.00097916100158026206,-0.00032738328987581551,0.00012548869637456596,-0.010717390281959534,-0.0024685712527499661,0.00020904907140618676
FREE_6DOF,robot_wall,0.0017625000000000008,0.0012036751169331571,9.0804184824144886e-07,-3.481633128639085e-07,0.98374079833414385,0.0070981980287134648,-0.062234638732402967,-0.16831668669354749,0.014273840656176534,-0.12514828594068403,-0.33846978570063074,-0.0030449308654743666,0.0029055329893509364,-0.0010255559593674373,40.137920280019593,-242.84805303486044,-768.18348913504974,-2.6211519797501171e-05,0,0,2.4623436238760783e-07,-1.5786054756842043e-06,-6.0172969231999861e-06,9.7250074065890475e-07,0.00089902749925934106,31.687002665976809,1.1074114103904027,1,0.00097562432450204462,-0.00033673297951325465,0.00012826369857218883,-0.010717390281959534,-0.0024685712527499661,0.00020904907140618676
FREE_6DOF,robot_wall,0.0017625000000000008,0.0012036751173500574,9.0804184824144886e-07,-3.481633128639085e-07,0.98374071215717873,0.0070982875931636579,-0.06223479165286265,-0.16831713004224022,0.014274021175432581,-0.1251485970725045,-0.3384706870323031,-0.003044864161432632,0.0029055329893509364,-0.0010255559593674373,40.166903994823855,-242.90172412204183,-768.32625953611682,-2.6211510569119251e-05,0,0,2.4623483286281868e-07,-1.578608257665823e-06,-6.0173056544198128e-06,9.7250074065890475e-07,0.00089902749925934106,31.68700266639371,1.1074114103904027,1,0.00097562398100408743,-0.00033673387331004253,0.00012826396484872375,-0.010717390281959534,-0.0024685712527499661,0.00020904907140618676
FREE_6DOF,robot_wall,0.0017625000000000008,0.0012036751173500979,9.0804184824144886e-07,-3.481633128639085e-07,0.98374071214894754,0.0070982876019012745,-0.062234791667551345,-0.16831713008454838,0.014274021193042611,-0.12514859710238815,-0.33847068711831679,-0.00304486415495525,0.0029055329893509364,-0.0010255559593674373,40.166906815563834,-242.90172928434342,-768.3262731573202,-2.6211510568237906e-05,0,0,2.4623483290803553e-07,-1.5786082579327101e-06,-6.0173056552532203e-06,9.7250074065890475e-07,0.00089902749925934106,31.687002666393749,1.1074114103904027,1,0.00097562398097128197,-0.00033673387339536095,0.0001282639648742659,-0.010717390281959534,-0.0024685712527499661,0.00020904907140618676
FREE_6DOF,robot_wall,0.0017750000000000008,0.0012036751173500979,9.0804184824144886e-07,-3.481633128639085e-07,0.98374071214894676,0.0070982876019021262,-0.062234791667552775,-0.16831713008455243,0.014274021193044327,-0.12514859710239107,-0.33847068711832506,-0.0030448641549546316,0.0029055329893509364,-0.0010255559593674373,40.166906815838445,-242.90172928483992,-768.32627315861998,-2.6211479289731913e-05,0,0,2.4857080026432065e-07,-1.5750839569699925e-06,-6.0258214863242368e-06,9.7250074065890475e-07,0.00089902749925934106,31.68692766639375,1.1152653920243771,1,0.00097562398097127893,-0.00033673387339536913,0.00012826396487426839,-0.010715271477571887,-0.0024780311517062911,0.00020571527193566431
FREE_6DOF,robot_wall,0.0017750000000000008,0.0012036374118672773,9.4512938916563735e-07,-3.6112123088849506e-07,0.98281443599984075,0.0073041316886851421,-0.063732416029152916,-0.17309134350878511,0.014692526656289562,-0.12820007377860274,-0.34817953548337588,-0.0029880130963213995,0.0030284735585192016,-0.0010477109245664174,41.154010296693649,-247.23853149617145,-783.78119801649518,-2.6111791028351668e-05,0,0,2.5357597837871208e-07,-1.6044251248654719e-06,-6.1185539587539129e-06,1.0117697888665349e-06,0.00089898823021113345,31.686889960910928,1.1152653920243771,1,0.00097191404251326888,-0.00034624607434266937,0.00013107344655256697,-0.010715271477571887,-0.0024780311517062911,0.00020571527193566431
FREE_6DOF,robot_wall,0.0017750000000000008,0.0012036374123045961,9.4512938916563735e-07,-3.6112123088849506e-07,0.98281434621158548,0.0073042229812153529,-0.063732570988263765,-0.17309179241824371,0.014692710737836337,-0.12820038935248537,-0.34818044898619804,-0.0029879431253391903,0.0030284735585192016,-0.0010477109245664174,41.183504366183065,-247.29310374056465,-783.92585421912895,-2.6111781417138425e-05,0,0,2.5357645595939661e-07,-1.6044279195139601e-06,-6.1185627467223882e-06,1.0117697888665349e-06,0.00089898823021113345,31.686889961348246,1.1152653920243771,1,0.00097191368476493641,-0.00034624697721106682,0.00013107371423059919,-0.010715271477571887,-0.0024780311517062911,0.00020571527193566431
FREE_6DOF,robot_wall,0.0017750000000000008,0.0012036374123046382,9.4512938916563735e-07,-3.6112123088849506e-07,0.98281434620307073,0.0073042229900625883,-0.063732571003044275,-0.17309179246077511,0.014692710755674913,-0.12820038938258371,-0.3481804490727477,-0.0029879431185931,0.0030284735585192016,-0.0010477109245664174,41.183507217314848,-247.29310895322556,-783.92586792104339,-2.6111781416227095e-05,0,0,2.5357645600497127e-07,-1.6044279197801667e-06,-6.1185627475552045e-06,1.0117697888665349e-06,0.00089898823021113345,31.686889961348289,1.1152653920243771,1,0.00097191368473101487,-0.00034624697729663395,0.00013107371425609407,-0.010715271477571887,-0.0024780311517062911,0.00020571527193566431
FREE_6DOF,robot_wall,0.0017750000000000008,0.0012036374123046382,9.4512938916563735e-07,-3.6112123088849506e-07,0.98281434620306984,0.007304222990063447,-0.063732571003045677,-0.17309179246077913,0.014692710755676644,-0.12820038938258654,-0.34818044907275592,-0.0029879431185924604,0.0030284735585192016,-0.0010477109245664174,41.18350721759046,-247.29310895372333,-783.92586792234101,-2.6111781416226997e-05,0,0,2.5357645600497561e-07,-1.6044279197801917e-06,-6.1185627475552824e-06,1.0117697888665349e-06,0.00089898823021113345,31.686889961348289,1.1152653920243771,1,0.00097191368473101118,-0.00034624697729664208,0.00013107371425609648,-0.010715271477571887,-0.0024780311517062911,0.00020571527193566431
FREE_6DOF,robot_wall,0.0017750000000000008,0.0012036374123046382,9.4512938916563735e-07,-3.6112123088849506e-07,0.98281434620306984,0.007304222990063447,-0.063732571003045677,-0.17309179246077913,0.014692710755676644,-0.12820038938258654,-0.34818044907275592,-0.0029879431185924599,0.0030284735585192016,-0.0010477109245664174,41.183507217590488,-247.29310895372353,-783.92586792234101,-2.6111781416226997e-05,0,0,2.5357645600497561e-07,-1.6044279197801917e-06,-6.1185627475552824e-06,1.0117697888665349e-06,0.00089898823021113345,31.686889961348289,1.1152653920243771,1,0.00097191368473101118,-0.00034624697729664208,0.00013107371425609648,-0.010715271477571887,-0.0024780311517062911,0.00020571527193566431
FREE_6DOF,robot_wall,0.0017750000000000008,0.0012036374123046382,9.4512938916563735e-07,-3.6112123088849506e-07,0.98281434620306984,0.007304222990063447,-0.063732571003045677,-0.17309179246077913,0.014692710755676644,-0.12820038938258654,-0.34818044907275592,-0.0029879431185924599,0.0030284735585192016,-0.0010477109245664174,41.183507217590488,-247.29310895372353,-783.92586792234101,-2.6111781416226997e-05,0,0,2.5357645600497561e-07,-1.6044279197801917e-06,-6.1185627475552824e-06,1.0117697888665349e-06,0.00089898823021113345,31.686889961348289,1.1152653920243771,1,0.00097191368473101118,-0.00034624697729664208,0.00013107371425609648,-0.010715271477571887,-0.0024780311517062911,0.00020571527193566431
FREE_6DOF,robot_wall,0.0017750000000000008,0.0012036374123046382,9.4512938916563735e-07,-3.6112123088849506e-07,0.98281434620306984,0.007304222990063447,-0.063732571003045677,-0.17309179246077913,0.014692710755676644,-0.12820038938258654,-0.34818044907275592,-0.0029879431185924599,0.0030284735585192016,-0.0010477109245664174,41.183507217590488,-247.29310895372353,-783.92586792234101,-2.6111781416226997e-05,0,0,2.5357645600497561e-07,-1.6044279197801917e-06,-6.1185627475552824e-06,1.0117697888665349e-06,0.00089898823021113345,31.686889961348289,1.1152653920243771,1,0.00097191368473101118,-0.00034624697729664208,0.00013107371425609648,-0.010715271477571887,-0.0024780311517062911,0.00020571527193566431
FREE_6DOF,robot_wall,0.0017750000000000008,0.0012036374123046382,9.4512938916563735e-07,-3.6112123088849506e-07,0.98281434620306984,0.007304222990063447,-0.063732571003045677,-0.17309179246077913,0.014692710755676644,-0.12820038938258654,-0.34818044907275592,-0.0029879431185924599,0.0030284735585192016,-0.0010477109245664174,41.183507217590488,-247.29310895372353,-783.92586792234101,-2.6111781416226997e-05,0,0,2.5357645600497561e-07,-1.6044279197801917e-06,-6.1185627475552824e-06,1.0117697888665349e-06,0.00089898823021113345,31.686889961348289,1.1152653920243771,1,0.00097191368473101118,-0.00034624697729664208,0.00013107371425609648,-0.010715271477571887,-0.0024780311517062911,0.00020571527193566431
FREE_6DOF,robot_wall,0.0017750000000000008,0.0012036374123046382,9.4512938916563735e-07,-3.6112123088849506e-07,0.98281434620306984,0.007304222990063447,-0.063732571003045677,-0.17309179246077913,0.014692710755676644,-0.12820038938258654,-0.34818044907275592,-0.0029879431185924599,0.0030284735585192016,-0.0010477109245664174,41.183507217590488,-247.29310895372353,-783.92586792234101,-2.6111781416226997e-05,0,0,2.5357645600497561e-07,-1.6044279197801917e-06,-6.1185627475552824e-06,1.0117697888665349e-06,0.00089898823021113345,31.686889961348289,1.1152653920243771,1,0.00097191368473101118,-0.00034624697729664208,0.00013107371425609648,-0.010715271477571887,-0.0024780311517062911,0.00020571527193566431
FREE_6DOF,robot_wall,0.0017750000000000008,0.0012036374123046382,9.4512938916563735e-07,-3.6112123088849506e-07,0.98281434620306984,0.007304222990063447,-0.063732571003045677,-0.17309179246077913,0.014692710755676644,-0.12820038938258654,-0.34818044907275592,-0.0029879431185924599,0.0030284735585192016,-0.0010477109245664174,41.183507217590488,-247.29310895372353,-783.92586792234101,-2.6111781416226997e-05,0,0,2.5357645600497561e-07,-1.6044279197801917e-06,-6.1185627475552824e-06,1.0117697888665349e-06,0.00089898823021113345,31.686889961348289,1.1152653920243771,1,0.00097191368473101118,-0.00034624697729664208,0.00013107371425609648,-0.010715271477571887,-0.0024780311517062911,0.00020571527193566431
FREE_6DOF,robot_wall,0.0017750000000000008,0.0012036374123046382,9.4512938916563735e-07,-3.6112123088849506e-07,0.98281434620306984,0.007304222990063447,-0.063732571003045677,-0.17309179246077913,0.014692710755676644,-0.12820038938258654,-0.34818044907275592,-0.0029879431185924599,0.0030284735585192016,-0.0010477109245664174,41.183507217590488,-247.29310895372353,-783.92586792234101,-2.6111781416226997e-05,0,0,2.5357645600497561e-07,-1.6044279197801917e-06,-6.1185627475552824e-06,1.0117697888665349e-06,0.00089898823021113345,31.686889961348289,1.1152653920243771,1,0.00097191368473101118,-0.00034624697729664208,0.00013107371425609648,-0.010715271477571887,-0.0024780311517062911,0.00020571527193566431
FREE_6DOF,robot_wall,0.0017750000000000008,0.0012036374123046382,9.4512938916563735e-07,-3.6112123088849506e-07,0.98281434620306984,0.007304222990063447,-0.063732571003045677,-0.17309179246077913,0.014692710755676644,-0.12820038938258654,-0.34818044907275592,-0.0029879431185924599,0.0030284735585192016,-0.0010477109245664174,41.183507217590488,-247.29310895372353,-783.92586792234101,-2.6111781416226997e-05,0,0,2.5357645600497561e-07,-1.6044279197801917e-06,-6.1185627475552824e-06,1.0117697888665349e-06,0.00089898823021113345,31.686889961348289,1.1152653920243771,1,0.00097191368473101118,-0.00034624697729664208,0.00013107371425609648,-0.010715271477571887,-0.0024780311517062911,0.00020571527193566431
FREE_6DOF,robot_wall,0.0017750000000000008,0.0012036374123046382,9.4512938916563735e-07,-3.6112123088849506e-07,0.98281434620306984,0.007304222990063447,-0.063732571003045677,-0.17309179246077913,0.014692710755676644,-0.12820038938258654,-0.34818044907275592,-0.0029879431185924599,0.0030284735585192016,-0.0010477109245664174,41.183507217590488,-247.29310895372353,-783.92586792234101,-2.6111781416226997e-05,0,0,2.5357645600497561e-07,-1.6044279197801917e-06,-6.1185627475552824e-06,1.0117697888665349e-06,0.00089898823021113345,31.686889961348289,1.1152653920243771,1,0.00097191368473101118,-0.00034624697729664208,0.00013107371425609648,-0.010715271477571887,-0.0024780311517062911,0.00020571527193566431
FREE_6DOF,robot_wall,0.0017750000000000008,0.0012036374123046382,9.4512938916563735e-07,-3.6112123088849506e-07,0.98281434620306984,0.007304222990063447,-0.063732571003045677,-0.17309179246077913,0.014692710755676644,-0.12820038938258654,-0.34818044907275592,-0.0029879431185924599,0.0030284735585192016,-0.0010477109245664174,41.183507217590488,-247.29310895372353,-783.92586792234101,-2.6111781416226997e-05,0,0,2.5357645600497561e-07,-1.6044279197801917e-06,-6.1185627475552824e-06,1.0117697888665349e-06,0.00089898823021113345,31.686889961348289,1.1152653920243771,1,0.00097191368473101118,-0.00034624697729664208,0.00013107371425609648,-0.010715271477571887,-0.0024780311517062911,0.00020571527193566431
FREE_6DOF,robot_wall,0.0017750000000000008,0.0012036374123046382,9.4512938916563735e-07,-3.6112123088849506e-07,0.98281434620306984,0.007304222990063447,-0.063732571003045677,-0.17309179246077913,0.014692710755676644,-0.12820038938258654,-0.34818044907275592,-0.0029879431185924599,0.0030284735585192016,-0.0010477109245664174,41.183507217590488,-247.29310895372353,-783.92586792234101,-2.6111781416226997e-05,0,0,2.5357645600497561e-07,-1.6044279197801917e-06,-6.1185627475552824e-06,1.0117697888665349e-06,0.00089898823021113345,31.686889961348289,1.1152653920243771,1,0.00097191368473101118,-0.00034624697729664208,0.00013107371425609648,-0.010715271477571887,-0.0024780311517062911,0.00020571527193566431
FREE_6DOF,robot_wall,0.0017750000000000008,0.0012036374123046382,9.4512938916563735e-07,-3.6112123088849506e-07,0.98281434620306984,0.007304222990063447,-0.063732571003045677,-0.17309179246077913,0.014692710755676644,-0.12820038938258654,-0.34818044907275592,-0.0029879431185924599,0.0030284735585192016,-0.0010477109245664174,41.183507217590488,-247.29310895372353,-783.92586792234101,-2.6111781416226997e-05,0,0,2.5357645600497561e-07,-1.6044279197801917e-06,-6.1185627475552824e-06,1.0117697888665349e-06,0.00089898823021113345,31.686889961348289,1.1152653920243771,1,0.00097191368473101118,-0.00034624697729664208,0.00013107371425609648,-0.010715271477571887,-0.0024780311517062911,0.00020571527193566431
FREE_6DOF,robot_wall,0.0017750000000000008,0.0012036374123046382,9.4512938916563735e-07,-3.6112123088849506e-07,0.98281434620306984,0.007304222990063447,-0.063732571003045677,-0.17309179246077913,0.014692710755676644,-0.12820038938258654,-0.34818044907275592,-0.0029879431185924599,0.0030284735585192016,-0.0010477109245664174,41.183507217590488,-247.29310895372353,-783.92586792234101,-2.6111781416226997e-05,0,0,2.5357645600497561e-07,-1.6044279197801917e-06,-6.1185627475552824e-06,1.0117697888665349e-06,0.00089898823021113345,31.686889961348289,1.1152653920243771,1,0.00097191368473101118,-0.00034624697729664208,0.00013107371425609648,-0.010715271477571887,-0.0024780311517062911,0.00020571527193566431
FREE_6DOF,robot_wall,0.0017750000000000008,0.0012036374123046382,9.4512938916563735e-07,-3.6112123088849506e-07,0.98281434620306984,0.007304222990063447,-0.063732571003045677,-0.17309179246077913,0.014692710755676644,-0.12820038938258654,-0.34818044907275592,-0.0029879431185924599,0.0030284735585192016,-0.0010477109245664174,41.183507217590488,-247.29310895372353,-783.92586792234101,-2.6111781416226997e-05,0,0,2.5357645600497561e-07,-1.6044279197801917e-06,-6.1185627475552824e-06,1.0117697888665349e-06,0.00089898823021113345,31.686889961348289,1.1152653920243771,1,0.00097191368473101118,-0.00034624697729664208,0.00013107371425609648,-0.010715271477571887,-0.0024780311517062911,0.00020571527193566431
FREE_6DOF,robot_wall,0.0017750000000000008,0.0012036374123046382,9.4512938916563735e-07,-3.6112123088849506e-07,0.98281434620306984,0.007304222990063447,-0.063732571003045677,-0.17309179246077913,0.014692710755676644,-0.12820038938258654,-0.34818044907275592,-0.0029879431185924599,0.0030284735585192016,-0.0010477109245664174,41.183507217590488,-247.29310895372353,-783.92586792234101,-2.6111781416226997e-05,0,0,2.5357645600497561e-07,-1.6044279197801917e-06,-6.1185627475552824e-06,1.0117697888665349e-06,0.00089898823021113345,31.686889961348289,1.1152653920243771,1,0.00097191368473101118,-0.00034624697729664208,0.00013107371425609648,-0.010715271477571887,-0.0024780311517062911,0.00020571527193566431
FREE_6DOF,robot_wall,0.0017750000000000008,0.0012036374123046382,9.4512938916563735e-07,-3.6112123088849506e-07,0.98281434620306984,0.007304222990063447,-0.063732571003045677,-0.17309179246077913,0.014692710755676644,-0.12820038938258654,-0.34818044907275592,-0.0029879431185924599,0.0030284735585192016,-0.0010477109245664174,41.183507217590488,-247.29310895372353,-783.92586792234101,-2.6111781416226997e-05,0,0,2.5357645600497561e-07,-1.6044279197801917e-06,-6.1185627475552824e-06,1.0117697888665349e-06,0.00089898823021113345,31.686889961348289,1.1152653920243771,1,0.00097191368473101118,-0.00034624697729664208,0.00013107371425609648,-0.010715271477571887,-0.0024780311517062911,0.00020571527193566431
FREE_6DOF,robot_wall,0.0017875000000000007,0.0012036374123046382,9.4512938916563735e-07,-3.6112123088849506e-07,0.98281434620306984,0.007304222990063447,-0.063732571003045677,-0.17309179246077913,0.014692710755676644,-0.12820038938258654,-0.34818044907275592,-0.0029879431185924599,0.0030284735585192016,-0.0010477109245664174,41.183507217590488,-247.29310895372353,-783.92586792234101,-2.6111750256400234e-05,0,0,2.5595453165146414e-07,-1.6009028496245611e-06,-6.1268843197651834e-06,1.0117697888665349e-06,0.00089898823021113345,31.686814961348286,1.1231193736583516,1,0.00097191368473101118,-0.00034624697729664208,0.00013107371425609648,-0.010713178403892422,-0.0024873388636840058,0.00020237060947713426
FREE_6DOF,robot_wall,0.0017875000000000007,0.0012036005204355865,9.8376104697176908e-07,-3.7430909493608546e-07,0.98184342491014498,0.0075146977167632571,-0.065255112227560391,-0.17795726623858521,0.015121022012609387,-0.13130587890809264,-0.35808436234165164,-0.0029147559296728801,0.0031525916904618857,-0.0010623473230480427,42.17911058504049,-251.63728549955172,-799.32013326706465,-2.6007299171233749e-05,0,0,2.6106663118791177e-07,-1.630560671574846e-06,-6.2207824349403161e-06,1.0525650080117916e-06,0.00089894743499198816,31.686778069479235,1.1231193736583516,1,0.00096802644619635436,-0.0003559142292316201,0.00013391549319731762,-0.010713178403892422,-0.0024873388636840058,0.00020237060947713426
FREE_6DOF,robot_wall,0.0017875000000000007,0.001203600520893799,9.8376104697176908e-07,-3.7430909493608546e-07,0.98184333148806635,0.0075147907374287642,-0.065255269120687881,-0.17795772021627587,0.015121209663049856,-0.13130619873126151,-0.35808528707871845,-0.0029146826156746146,0.0031525916904618857,-0.0010623473230480427,42.209107181468148,-251.69273498459955,-799.46652364018223,-2.6007289175798616e-05,0,0,2.6106711536679948e-07,-1.6305634755515909e-06,-6.2207912669813496e-06,1.0525650080117916e-06,0.00089894743499198816,31.68677806993745,1.1231193736583516,1,0.00096802607414583767,-0.00035591514002171205,0.00013391576195685153,-0.010713178403892422,-0.0024873388636840058,0.00020237060947713426
FREE_6DOF,robot_wall,0.0017875000000000007,0.0012036005208938428,9.8376104697176908e-07,-3.7430909493608546e-07,0.98184333147927294,0.0075147907463810996,-0.065255269135543914,-0.17795772025896592,0.015121209681108383,-0.13130619876154287,-0.35808528716567761,-0.0029146826086588395,0.0031525916904618857,-0.0010623473230480427,42.209110060836494,-251.69274024287307,-799.46653740252543,-2.6007289174857915e-05,0,0,2.6106711541266271e-07,-1.6305634758167175e-06,-6.2207912678120983e-06,1.0525650080117916e-06,0.00089894743499198816,31.686778069937493,1.1231193736583516,1,0.00096802607411082271,-0.00035591514010738619,0.00013391576198226068,-0.010713178403892422,-0.0024873388636840058,0.00020237060947713426
FREE_6DOF,robot_wall,0.0018000000000000006,0.0012036005208938428,9.8376104697176908e-07,-3.7430909493608546e-07,0.98184333147927216,0.0075147907463819627,-0.065255269135545316,-0.17795772025896997,0.015121209681110123,-0.13130619876154573,-0.35808528716568588,-0.0029146826086581794,0.0031525916904618857,-0.0010623473230480427,42.209110061112888,-251.6927402433719,-799.46653740381953,-2.6007258139399078e-05,0,0,2.6348733021128187e-07,-1.6270386491729795e-06,-6.2289179576441275e-06,1.0525650080117916e-06,0.00089894743499198816,31.686703069937494,1.130973355292326,1,0.00096802607411081978,-0.00035591514010739438,0.00013391576198226306,-0.010711111574804612,-0.0024964938914599417,0.00019901528079493397
FREE_6DOF,robot_wall,0.0018000000000000006,0.0012035646041181674,1.0239971224897019e-06,-3.8780144435281301e-07,0.9808257554701002,0.0077299873972211238,-0.066803275165925671,-0.18291639382092481,0.015559550039400002,-0.13446708892613399,-0.36818905858843037,-0.0028320014993920921,0.0032851803924073813,-0.0010964285836283681,43.245579962754569,-256.25745093906579,-815.6818084188501,-2.5897839194290559e-05,0,0,2.6870725484759773e-07,-1.6570122833819085e-06,-6.3239749775886846e-06,1.0949703498767979e-06,0.00089890502965012315,31.686667153161817,1.130973355292326,1,0.00096395390070469023,-0.00036573888017798036,0.00013678979225706739,-0.010711111574804612,-0.0024964938914599417,0.00019901528079493397
FREE_6DOF,robot_wall,0.0018000000000000006,0.0012035646045981732,1.0239971224897019e-06,-3.8780144435281301e-07,0.9808256583101248,0.0077300821583614178,-0.066803433999197789,-0.18291685279451483,0.015559741290842855,-0.13446741303300055,-0.36818999448010348,-0.0028319246984633215,0.0032851803924073813,-0.0010964285836283681,43.276077435782845,-256.31379023467167,-815.8299183697344,-2.589782880457651e-05,0,0,2.6870774543506005e-07,-1.6570150954480916e-06,-6.3239838491134983e-06,1.0949703498767979e-06,0.00089890502965012315,31.686667153641825,1.130973355292326,1,0.00096395351397759793,-0.00036573979856880924,0.00013679006197984673,-0.010711111574804612,-0.0024964938914599417,0.00019901528079493397
FREE_6DOF,robot_wall,0.0018000000000000006,0.0012035646045982188,1.0239971224897019e-06,-3.8780144435281301e-07,0.98082565830105051,0.0077300821674156327,-0.066803434014123489,-0.18291685283733844,0.015559741309115407,-0.13446741306345464,-0.36818999456742607,-0.0028319246911708029,0.0032851803924073813,-0.0010964285836283681,43.276080341865381,-256.31379553723417,-815.82993218506363,-2.5897828803606288e-05,0,0,2.6870774548117263e-07,-1.6570150957119405e-06,-6.323983849941473e-06,1.0949703498767979e-06,0.00089890502965012315,31.686667153641871,1.130973355292326,1,0.00096395351394148413,-0.00036573979865452691,0.00013679006200515093,-0.010711111574804612,-0.0024964938914599417,0.00019901528079493397
FREE_6DOF,robot_wall,0.0018125000000000005,0.0012035646045982188,1.0239971224897019e-06,-3.8780144435281301e-07,0.98082565830104973,0.0077300821674164974,-0.066803434014124891,-0.18291685283734244,0.015559741309117152,-0.1344674130634575,-0.36818999456743418,-0.002831924691170122,0.0032851803924073813,-0.0010964285836283681,43.276080342142201,-256.31379553773326,-815.82993218635193,-2.5897797898449578e-05,0,0,2.7117011629561213e-07,-1.6534915601571371e-06,-6.3319150826562927e-06,1.0949703498767979e-06,0.00089890502965012315,31.686592153641872,1.1388273369263004,1,0.00096395351394148088,-0.00036573979865453499,0.00013679006200515329,-0.010709071497694908,-0.0025054957468197544,0.00019564948230613524
FREE_6DOF,robot_wall,0.0018125000000000005,0.0012035297496106052,1.0659168578209813e-06,-4.0176702188782534e-07,0.97975907619546676,0.0079501072205957566,-0.068377735917988167,-0.18797189587413426,0.016008368952226976,-0.13768569332717376,-0.37850099103156981,-0.0027448733270053591,0.0034219772605972999,-0.0011380638219736052,44.336321864746509,-260.98163005303974,-832.39615743003378,-2.5783170728042767e-05,0,0,2.7649945222590135e-07,-1.6837847852116982e-06,-6.4281448645960982e-06,1.1391204886505933e-06,0.00089886087951134941,31.686557298654257,1.1388273369263004,1,0.00095968745701938845,-0.00037572370523661483,0.00013969674508123111,-0.010709071497694908,-0.0025054957468197544,0.00019564948230613524
FREE_6DOF,robot_wall,0.0018125000000000005,0.0012035297501134586,1.0659168578209813e-06,-4.0176702188782534e-07,0.97975897516984045,0.0079502037282286504,-0.068377896718381001,-0.18797235987025857,0.016008563824631949,-0.13768602179634759,-0.37850193820381239,-0.0027447928704341425,0.0034219772605972999,-0.0011380638219736052,44.367317121885755,-261.03887860357287,-832.5460053471179,-2.5783159931559434e-05,0,0,2.7649994907624154e-07,-1.6837876044872695e-06,-6.4281537727573433e-06,1.1391204886505933e-06,0.00089886087951134941,31.686557299157109,1.1388273369263004,1,0.00095968705515075395,-0.00037572463109105525,0.00013969701568367895,-0.010709071497694908,-0.0025054957468197544,0.00019564948230613524
FREE_6DOF,robot_wall,0.0018125000000000005,0.0012035297501135061,1.0659168578209813e-06,-4.0176702188782534e-07,0.9797589751604816,0.0079502037373804391,-0.068377896733372107,-0.18797235991319902,0.016008563843110446,-0.13768602182696738,-0.3785019382914695,-0.0027447928628561132,0.0034219772605972999,-0.0011380638219736052,44.36732005289052,-261.03888394953856,-832.54601921080837,-2.57831599305594e-05,0,0,2.7649994912256847e-07,-1.6837876047496771e-06,-6.4281537735819951e-06,1.1391204886505933e-06,0.00089886087951134941,31.686557299157158,1.1388273369263004,1,0.00095968705511353047,-0.00037572463117676908,0.00013969701570886231,-0.010709071497694908,-0.0025054957468197544,0.00019564948230613524
FREE_6DOF,robot_wall,0.0018125000000000005,0.0012035297501135061,1.0659168578209813e-06,-4.0176702188782534e-07,0.97975897516048072,0.0079502037373813082,-0.068377896733373508,-0.18797235991320299,0.016008563843112202,-0.13768602182697021,-0.37850193829147766,-0.0027447928628554115,0.0034219772605972999,-0.0011380638219736052,44.367320053167674,-261.03888395003787,-832.54601921209064,-2.5783159930559312e-05,0,0,2.7649994912257291e-07,-1.6837876047497019e-06,-6.4281537735820722e-06,1.1391204886505933e-06,0.00089886087951134941,31.686557299157158,1.1388273369263004,1,0.00095968705511352722,-0.00037572463117677699,0.0001396970157088647,-0.010709071497694908,-0.0025054957468197544,0.00019564948230613524
FREE_6DOF,robot_wall,0.0018125000000000005,0.0012035297501135061,1.0659168578209813e-06,-4.0176702188782534e-07,0.97975897516048072,0.0079502037373813065,-0.068377896733373508,-0.18797235991320299,0.016008563843112198,-0.13768602182697021,-0.37850193829147766,-0.0027447928628554115,0.0034219772605972999,-0.0011380638219736052,44.367320053167646,-261.03888395003781,-832.54601921209064,-2.5783159930559312e-05,0,0,2.7649994912257291e-07,-1.6837876047497019e-06,-6.4281537735820722e-06,1.1391204886505933e-06,0.00089886087951134941,31.686557299157158,1.1388273369263004,1,0.00095968705511352722,-0.00037572463117677699,0.0001396970157088647,-0.010709071497694908,-0.0025054957468197544,0.00019564948230613524
FREE_6DOF,robot_wall,0.0018125000000000005,0.0012035297501135061,1.0659168578209813e-06,-4.0176702188782534e-07,0.97975897516048072,0.0079502037373813065,-0.068377896733373508,-0.18797235991320299,0.016008563843112198,-0.13768602182697021,-0.37850193829147766,-0.0027447928628554115,0.0034219772605972999,-0.0011380638219736052,44.367320053167646,-261.03888395003781,-832.54601921209064,-2.5783159930559312e-05,0,0,2.7649994912257291e-07,-1.6837876047497019e-06,-6.4281537735820722e-06,1.1391204886505933e-06,0.00089886087951134941,31.686557299157158,1.1388273369263004,1,0.00095968705511352722,-0.00037572463117677699,0.0001396970157088647,-0.010709071497694908,-0.0025054957468197544,0.00019564948230613524
FREE_6DOF,robot_wall,0.0018125000000000005,0.0012035297501135061,1.0659168578209813e-06,-4.0176702188782534e-07,0.97975897516048072,0.0079502037373813065,-0.068377896733373508,-0.18797235991320299,0.016008563843112198,-0.13768602182697021,-0.37850193829147766,-0.0027447928628554115,0.0034219772605972999,-0.0011380638219736052,44.367320053167646,-261.03888395003781,-832.54601921209064,-2.5783159930559312e-05,0,0,2.7649994912257291e-07,-1.6837876047497019e-06,-6.4281537735820722e-06,1.1391204886505933e-06,0.00089886087951134941,31.686557299157158,1.1388273369263004,1,0.00095968705511352722,-0.00037572463117677699,0.0001396970157088647,-0.010709071497694908,-0.0025054957468197544,0.00019564948230613524
FREE_6DOF,robot_wall,0.0018125000000000005,0.0012035297501135061,1.0659168578209813e-06,-4.0176702188782534e-07,0.97975897516048072,0.0079502037373813065,-0.068377896733373508,-0.18797235991320299,0.016008563843112198,-0.13768602182697021,-0.37850193829147766,-0.0027447928628554115,0.0034219772605972999,-0.0011380638219736052,44.367320053167646,-261.03888395003781,-832.54601921209064,-2.5783159930559312e-05,0,0,2.7649994912257291e-07,-1.6837876047497019e-06,-6.4281537735820722e-06,1.1391204886505933e-06,0.00089886087951134941,31.686557299157158,1.1388273369263004,1,0.00095968705511352722,-0.00037572463117677699,0.0001396970157088647,-0.010709071497694908,-0.0025054957468197544,0.00019564948230613524
FREE_6DOF,robot_wall,0.0018125000000000005,0.0012035297501135061,1.0659168578209813e-06,-4.0176702188782534e-07,0.97975897516048072,0.0079502037373813065,-0.068377896733373508,-0.18797235991320299,0.016008563843112198,-0.13768602182697021,-0.37850193829147766,-0.0027447928628554115,0.0034219772605972999,-0.0011380638219736052,44.367320053167646,-261.03888395003781,-832.54601921209064,-2.5783159930559312e-05,0,0,2.7649994912257291e-07,-1.6837876047497019e-06,-6.4281537735820722e-06,1.1391204886505933e-06,0.00089886087951134941,31.686557299157158,1.1388273369263004,1,0.00095968705511352722,-0.00037572463117677699,0.0001396970157088647,-0.010709071497694908,-0.0025054957468197544,0.00019564948230613524
FREE_6DOF,robot_wall,0.0018125000000000005,0.0012035297501135061,1.0659168578209813e-06,-4.0176702188782534e-07,0.97975897516048072,0.0079502037373813065,-0.068377896733373508,-0.18797235991320299,0.016008563843112198,-0.13768602182697021,-0.37850193829147766,-0.0027447928628554115,0.0034219772605972999,-0.0011380638219736052,44.367320053167646,-261.03888395003781,-832.54601921209064,-2.5783159930559312e-05,0,0,2.7649994912257291e-07,-1.6837876047497019e-06,-6.4281537735820722e-06,1.1391204886505933e-06,0.00089886087951134941,31.686557299157158,1.1388273369263004,1,0.00095968705511352722,-0.00037572463117677699,0.0001396970157088647,-0.010709071497694908,-0.0025054957468197544,0.00019564948230613524
FREE_6DOF,robot_wall,0.0018125000000000005,0.0012035297501135061,1.0659168578209813e-06,-4.0176702188782534e-07,0.97975897516048072,0.0079502037373813065,-0.068377896733373508,-0.18797235991320299,0.016008563843112198,-0.13768602182697021,-0.37850193829147766,-0.0027447928628554115,0.0034219772605972999,-0.0011380638219736052,44.367320053167646,-261.03888395003781,-832.54601921209064,-2.5783159930559312e-05,0,0,2.7649994912257291e-07,-1.6837876047497019e-06,-6.4281537735820722e-06,1.1391204886505933e-06,0.00089886087951134941,31.686557299157158,1.1388273369263004,1,0.00095968705511352722,-0.00037572463117677699,0.0001396970157088647,-0.010709071497694908,-0.0025054957468197544,0.00019564948230613524
FREE_6DOF,robot_wall,0.0018125000000000005,0.0012035297501135061,1.0659168578209813e-06,-4.0176702188782534e-07,0.97975897516048072,0.0079502037373813065,-0.068377896733373508,-0.18797235991320299,0.016008563843112198,-0.13768602182697021,-0.37850193829147766,-0.0027447928628554115,0.0034219772605972999,-0.0011380638219736052,44.367320053167646,-261.03888395003781,-832.54601921209064,-2.5783159930559312e-05,0,0,2.7649994912257291e-07,-1.6837876047497019e-06,-6.4281537735820722e-06,1.1391204886505933e-06,0.00089886087951134941,31.686557299157158,1.1388273369263004,1,0.00095968705511352722,-0.00037572463117677699,0.0001396970157088647,-0.010709071497694908,-0.0025054957468197544,0.00019564948230613524
FREE_6DOF,robot_wall,0.0018125000000000005,0.0012035297501135061,1.0659168578209813e-06,-4.0176702188782534e-07,0.97975897516048072,0.0079502037373813065,-0.068377896733373508,-0.18797235991320299,0.016008563843112198,-0.13768602182697021,-0.37850193829147766,-0.0027447928628554115,0.0034219772605972999,-0.0011380638219736052,44.367320053167646,-261.03888395003781,-832.54601921209064,-2.5783159930559312e-05,0,0,2.7649994912257291e-07,-1.6837876047497019e-06,-6.4281537735820722e-06,1.1391204886505933e-06,0.00089886087951134941,31.686557299157158,1.1388273369263004,1,0.00095968705511352722,-0.00037572463117677699,0.0001396970157088647,-0.010709071497694908,-0.0025054957468197544,0.00019564948230613524
FREE_6DOF,robot_wall,0.0018125000000000005,0.0012035297501135061,1.0659168578209813e-06,-4.0176702188782534e-07,0.97975897516048072,0.0079502037373813065,-0.068377896733373508,-0.18797235991320299,0.016008563843112198,-0.13768602182697021,-0.37850193829147766,-0.0027447928628554115,0.0034219772605972999,-0.0011380638219736052,44.367320053167646,-261.03888395003781,-832.54601921209064,-2.5783159930559312e-05,0,0,2.7649994912257291e-07,-1.6837876047497019e-06,-6.4281537735820722e-06,1.1391204886505933e-06,0.00089886087951134941,31.686557299157158,1.1388273369263004,1,0.00095968705511352722,-0.00037572463117677699,0.0001396970157088647,-0.010709071497694908,-0.0025054957468197544,0.00019564948230613524
FREE_6DOF,robot_wall,0.0018125000000000005,0.0012035297501135061,1.0659168578209813e-06,-4.0176702188782534e-07,0.97975897516048072,0.0079502037373813065,-0.068377896733373508,-0.18797235991320299,0.016008563843112198,-0.13768602182697021,-0.37850193829147766,-0.0027447928628554115,0.0034219772605972999,-0.0011380638219736052,44.367320053167646,-261.03888395003781,-832.54601921209064,-2.5783159930559312e-05,0,0,2.7649994912257291e-07,-1.6837876047497019e-06,-6.4281537735820722e-06,1.1391204886505933e-06,0.00089886087951134941,31.686557299157158,1.1388273369263004,1,0.00095968705511352722,-0.00037572463117677699,0.0001396970157088647,-0.010709071497694908,-0.0025054957468197544,0.00019564948230613524
FREE_6DOF,robot_wall,0.0018125000000000005,0.0012035297501135061,1.0659168578209813e-06,-4.0176702188782534e-07,0.97975897516048072,0.0079502037373813065,-0.068377896733373508,-0.18797235991320299,0.016008563843112198,-0.13768602182697021,-0.37850193829147766,-0.0027447928628554115,0.0034219772605972999,-0.0011380638219736052,44.367320053167646,-261.03888395003781,-832.54601921209064,-2.5783159930559312e-05,0,0,2.7649994912257291e-07,-1.6837876047497019e-06,-6.4281537735820722e-06,1.1391204886505933e-06,0.00089886087951134941,31.686557299157158,1.1388273369263004,1,0.00095968705511352722,-0.00037572463117677699,0.0001396970157088647,-0.010709071497694908,-0.0025054957468197544,0.00019564948230613524
FREE_6DOF,robot_wall,0.0018125000000000005,0.0012035297501135061,1.0659168578209813e-06,-4.0176702188782534e-07,0.97975897516048072,0.0079502037373813065,-0.068377896733373508,-0.18797235991320299,0.016008563843112198,-0.13768602182697021,-0.37850193829147766,-0.0027447928628554115,0.0034219772605972999,-0.0011380638219736052,44.367320053167646,-261.03888395003781,-832.54601921209064,-2.5783159930559312e-05,0,0,2.7649994912257291e-07,-1.6837876047497019e-06,-6.4281537735820722e-06,1.1391204886505933e-06,0.00089886087951134941,31.686557299157158,1.1388273369263004,1,0.00095968705511352722,-0.00037572463117677699,0.0001396970157088647,-0.010709071497694908,-0.0025054957468197544,0.00019564948230613524
FREE_6DOF,robot_wall,0.0018125000000000005,0.0012035297501135061,1.0659168578209813e-06,-4.0176702188782534e-07,0.97975897516048072,0.0079502037373813065,-0.068377896733373508,-0.18797235991320299,0.016008563843112198,-0.13768602182697021,-0.37850193829147766,-0.0027447928628554115,0.0034219772605972999,-0.0011380638219736052,44.367320053167646,-261.03888395003781,-832.54601921209064,-2.5783159930559312e-05,0,0,2.7649994912257291e-07,-1.6837876047497019e-06,-6.4281537735820722e-06,1.1391204886505933e-06,0.00089886087951134941,31.686557299157158,1.1388273369263004,1,0.00095968705511352722,-0.00037572463117677699,0.0001396970157088647,-0.010709071497694908,-0.0025054957468197544,0.00019564948230613524
FREE_6DOF,robot_wall,0.0018125000000000005,0.0012035297501135061,1.0659168578209813e-06,-4.0176702188782534e-07,0.97975897516048072,0.0079502037373813065,-0.068377896733373508,-0.18797235991320299,0.016008563843112198,-0.13768602182697021,-0.37850193829147766,-0.0027447928628554115,0.0034219772605972999,-0.0011380638219736052,44.367320053167646,-261.03888395003781,-832.54601921209064,-2.5783159930559312e-05,0,0,2.7649994912257291e-07,-1.6837876047497019e-06,-6.4281537735820722e-06,1.1391204886505933e-06,0.00089886087951134941,31.686557299157158,1.1388273369263004,1,0.00095968705511352722,-0.00037572463117677699,0.0001396970157088647,-0.010709071497694908,-0.0025054957468197544,0.00019564948230613524
FREE_6DOF,robot_wall,0.0018125000000000005,0.0012035297501135061,1.0659168578209813e-06,-4.0176702188782534e-07,0.97975897516048072,0.0079502037373813065,-0.068377896733373508,-0.18797235991320299,0.016008563843112198,-0.13768602182697021,-0.37850193829147766,-0.0027447928628554115,0.0034219772605972999,-0.0011380638219736052,44.367320053167646,-261.03888395003781,-832.54601921209064,-2.5783159930559312e-05,0,0,2.7649994912257291e-07,-1.6837876047497019e-06,-6.4281537735820722e-06,1.1391204886505933e-06,0.00089886087951134941,31.686557299157158,1.1388273369263004,1,0.00095968705511352722,-0.00037572463117677699,0.0001396970157088647,-0.010709071497694908,-0.0025054957468197544,0.00019564948230613524
FREE_6DOF,robot_wall,0.0018250000000000004,0.0012035297501135061,1.0659168578209813e-06,-4.0176702188782534e-07,0.97975897516048072,0.0079502037373813065,-0.068377896733373508,-0.18797235991320299,0.016008563843112198,-0.13768602182697021,-0.37850193829147766,-0.0027447928628554115,0.0034219772605972999,-0.0011380638219736052,44.367320053167646,-261.03888395003781,-832.54601921209064,-2.5783129161926245e-05,0,0,2.7900449027150824e-07,-1.6802664463748772e-06,-6.4358890124664043e-06,1.1391204886505933e-06,0.00089886087951134941,31.686482299157156,1.1466813185602749,1,0.00095968705511352722,-0.00037572463117677699,0.0001396970157088647,-0.010707058673330163,-0.0025143439505452862,0.000192273410074401
FREE_6DOF,robot_wall,0.0018250000000000004,0.0012034961231801231,1.1096165485551384e-06,-4.1630882559327154e-07,0.97864129775712261,0.0081751360034599697,-0.069978879986071524,-0.1931251765862616,0.016467682581363049,-0.14096279040767007,-0.38902399974095014,-0.0026355164784146478,0.0035699732568678275,-0.0011886247708977867,45.448146299260323,-265.78626501254848,-849.36880828336086,-2.5663083219835125e-05,0,0,2.84443302907668e-07,-1.7108737078367589e-06,-6.5332685548773024e-06,1.1851421531167756e-06,0.00089881485784688321,31.686448672223772,1.1466813185602749,1,0.00095521927471978337,-0.00038586869429719427,0.00014263585239536093,-0.010707058673330163,-0.0025143439505452862,0.000192273410074401
FREE_6DOF,robot_wall,0.0018250000000000004,0.001203496123706748,1.1096165485551384e-06,-4.1630882559327154e-07,0.97864119277305817,0.0081752342583162729,-0.069979042735036134,-0.19312564544988736,0.016467881084295487,-0.14096312322562737,-0.38902495795289521,-0.0026354322184189167,0.0035699732568678275,-0.0011886247708977867,45.479633000602966,-265.84442761138939,-849.52035390904769,-2.5663072007971541e-05,0,0,2.844438057205037e-07,-1.7108765325325724e-06,-6.5332774932442659e-06,1.1851421531167756e-06,0.00089881485784688321,31.686448672750398,1.1466813185602749,1,0.00095521885738903973,-0.0003858696271098648,0.00014263612370585873,-0.010707058673330163,-0.0025143439505452862,0.000192273410074401
FREE_6DOF,robot_wall,0.0018250000000000004,0.0012034961237067973,1.1096165485551384e-06,-4.1630882559327154e-07,0.97864119276341477,0.0081752342675607097,-0.069979042750083834,-0.19312564549291061,0.016467881102970598,-0.14096312325639657,-0.38902495804082282,-0.0026354322105493332,0.0035699732568678275,-0.0011886247708977867,45.479635954404074,-265.84443299838659,-849.52036781079119,-2.5663072006941823e-05,0,0,2.8444380576699448e-07,-1.7108765327932887e-06,-6.5332774940647198e-06,1.1851421531167756e-06,0.00089881485784688321,31.686448672750448,1.1466813185602749,1,0.00095521885735071123,-0.00038586962719549286,0.00014263612373089697,-0.010707058673330163,-0.0025143439505452862,0.000192273410074401
FREE_6DOF,robot_wall,0.0018375000000000004,0.0012034960444822094,4.4824630341816431e-06,-1.5791026406886146e-06,0.97933114160762635,0.0081384053233296665,-0.068867239516481618,-0.19000417036916842,0.016389887097703018,-0.13869133270740186,-0.38264829247522752,-0.0026964505037275167,0.27332369410885293,-0.094186849504063128,37.558679056537969,-84.466581578372484,-329.9405656102324,-2.5737255895965135e-05,0,0,2.8283872068903708e-07,-1.6853563333095349e-06,-6.482220175445306e-06,4.7524772490391429e-06,0.00089524752275096085,31.686373593525861,1.1545353001942493,1,0.00095798123979128351,-0.00037974489729277725,0.00014053204478486347,-0.010705073595736676,-0.0025230380324016161,0.00018888725980441219
FREE_6DOF,robot_wall,0.0018375000000000004,0.0012032776700309623,7.379786852983735e-06,-2.5782547820760721e-06,0.97881280471179255,0.0083319898905019237,-0.069485963358679098,-0.19242601740101356,0.016782673976875176,-0.13996179596271158,-0.38759325889138568,-0.017469956099765215,0.23178590550416731,-0.079932171310996614,38.88446491021984,-105.39273275832257,-393.91725927221967,-2.5681621689865841e-05,0,0,2.846478864615697e-07,-1.6964732838510338e-06,-6.5281800580105387e-06,7.8172022947324128e-06,0.00089218279770526755,31.686155219074614,1.1545353001942493,1,0.00095591376848506516,-0.00038452545212446957,0.00014160699951808805,-0.010705073595736676,-0.0025230380324016161,0.00018888725980441219
FREE_6DOF,robot_wall,0.0018375000000000004,0.0012032776710072008,7.379786852983735e-06,-2.5782547820760721e-06,0.97881261339896142,0.0083319830020630644,-0.069486176150572662,-0.19242691400716314,0.016782661182804998,-0.13996223359253313,-0.38759508984059837,-0.017469878000699358,0.23178590550416731,-0.079932171310996614,38.887045162074152,-105.42680698205153,-394.0639206653367,-2.5681601131459409e-05,0,0,2.8464854949195708e-07,-1.6964773607123757e-06,-6.5281969373232496e-06,7.8172022947324128e-06,0.00089218279770526755,31.68615522005085,1.1545353001942493,1,0.00095591300325125893,-0.00038452720923772422,0.00014160739385486872,-0.010705073595736676,-0.0025230380324016161,0.00018888725980441219
FREE_6DOF,robot_wall,0.0018375000000000004,0.0012032776710075614,7.379786852983735e-06,-2.5782547820760721e-06,0.97881261332871039,0.0083319829991806271,-0.069486176228553367,-0.19242691433647274,0.016782661177395984,-0.13996223375291567,-0.38759509051307578,-0.017469877971839555,0.23178590550416731,-0.079932171310996614,38.887046059823518,-105.42681945876586,-394.06397453499136,-2.5681601123910011e-05,0,0,2.8464854973493574e-07,-1.696477362207413e-06,-6.528196943522356e-06,7.8172022947324128e-06,0.00089218279770526755,31.686155220051212,1.1545353001942493,1,0.00095591300297025205,-0.00038452720988303479,0.00014160739399948389,-0.010705073595736676,-0.0025230380324016161,0.00018888725980441219
FREE_6DOF,robot_wall,0.0018375000000000004,0.0012032776710075616,7.379786852983735e-06,-2.5782547820760721e-06,0.97881261332868463,0.008331982999179437,-0.069486176228581928,-0.19242691433659365,0.016782661177393736,-0.13996223375297442,-0.38759509051332269,-0.017469877971828956,0.23178590550416731,-0.079932171310996614,38.887046060134573,-105.42681946333406,-394.06397455477799,-2.5681601123907243e-05,0,0,2.8464854973502473e-07,-1.696477362207961e-06,-6.5281969435246319e-06,7.8172022947324128e-06,0.00089218279770526755,31.686155220051212,1.1545353001942493,1,0.00095591300297014894,-0.00038452720988327169,0.00014160739399953691,-0.010705073595736676,-0.0025230380324016161,0.00018888725980441219
FREE_6DOF,robot_wall,0.0018500000000000003,0.0012032776424804011,7.8293748785428987e-06,-2.7296438843595651e-06,0.97890558870164157,0.0083279986086053429,-0.069340675586403958,-0.19200615499792922,0.016774110586022527,-0.13966478803130311,-0.38673547253048951,-0.017472160144662043,0.26775294754890039,-0.092043299493676053,37.928709372028017,-82.030123747872253,-325.16167587563763,-2.5691570065795677e-05,0,0,2.8662079844298859e-07,-1.6900806515245236e-06,-6.5277175342721115e-06,8.2915659995069801e-06,0.00089170843400049305,31.686080191524052,1.1623892818282238,1,0.00095628520566391902,-0.00038370200843308098,0.00014133248945694983,-0.010703116752080934,-0.0025315775311238243,0.00018549122683686266
FREE_6DOF,robot_wall,0.0018500000000000003,0.0012030489168889952,1.1117025209403425e-05,-3.8601440178591172e-06,0.97843840706127561,0.0085232377252460641,-0.069863985715273233,-0.19417688200722716,0.017170058356873828,-0.14074096610280917,-0.39116923674959925,-0.01829804731247248,0.26301202646884203,-0.09044001067996417,39.208396190772731,-90.252111001322433,-352.87369473903107,-2.56414555759441e-05,0,0,2.8807601651844846e-07,-1.6992469557115315e-06,-6.5688506966970926e-06,1.1768133299088891e-05,0.00088823186670091109,31.685851465932647,1.1623892818282238,1,0.00095442333030684278,-0.00038798549382398776,0.00014222117131958205,-0.010703116752080934,-0.0025315775311238243,0.00018549122683686266
FREE_6DOF,robot_wall,0.0018500000000000003,0.0012030489177683767,1.1117025209403425e-05,-3.8601440178591172e-06,0.97843823577598998,0.0085231874195331268,-0.069864154080551202,-0.19417768672633021,0.01716995800632724,-0.14074131339192683,-0.39117088041688086,-0.018297976961961209,0.26301202646884203,-0.09044001067996417,39.204500934940356,-90.277763887937525,-353.00577863614274,-2.5641437142056844e-05,0,0,2.8807654662902735e-07,-1.699250300119988e-06,-6.5688657529018184e-06,1.1768133299088891e-05,0.00088823186670091109,31.685851466812029,1.1623892818282238,1,0.0009544226441494416,-0.00038798706283101389,0.00014222149568160808,-0.010703116752080934,-0.0025315775311238243,0.00018549122683686266
FREE_6DOF,robot_wall,0.0018500000000000003,0.0012030489177687,1.1117025209403425e-05,-3.8601440178591172e-06,0.97843823571331345,0.0085231874004783239,-0.069864154141870777,-0.19417768702092339,0.017169957968303711,-0.14074131351842539,-0.39117088101859421,-0.018297976936083794,0.26301202646884203,-0.09044001067996417,39.204499418575054,-90.277773209582762,-353.0058269954834,-2.5641437135311066e-05,0,0,2.8807654682211322e-07,-1.6992503013401265e-06,-6.5688657584128892e-06,1.1768133299088891e-05,0.00088823186670091109,31.685851466812352,1.1623892818282238,1,0.00095442264389834623,-0.00038798706340530814,0.00014222149579995816,-0.010703116752080934,-0.0025315775311238243,0.00018549122683686266
FREE_6DOF,robot_wall,0.0018500000000000003,0.0012030489177687002,1.1117025209403425e-05,-3.8601440178591172e-06,0.97843823571329058,0.0085231874004711092,-0.06986415414189312,-0.19417768702103119,0.017169957968289309,-0.14074131351847147,-0.39117088101881436,-0.018297976936074326,0.26301202646884203,-0.09044001067996417,39.204499417986227,-90.277773212969336,-353.00582701318899,-2.5641437135308603e-05,0,0,2.8807654682218363e-07,-1.6992503013405725e-06,-6.5688657584149068e-06,1.1768133299088891e-05,0.00088823186670091109,31.685851466812352,1.1623892818282238,1,0.00095442264389825461,-0.00038798706340551831,0.00014222149580000139,-0.010703116752080934,-0.0025315775311238243,0.00018549122683686266
FREE_6DOF,robot_wall,0.0018625000000000002,0.0012030489475453948,1.124612380537049e-05,-3.9034051763529814e-06,0.97846505967071407,0.0085247192058400117,-0.069823031971386326,-0.1940572090193263,0.017172888680370871,-0.140657202474089,-0.39092464721059061,-0.018295594800513425,0.27333991414620729,-0.093900903359473278,39.335341653368118,-83.746998346190111,-333.24007611424889,-2.564429295136747e-05,0,0,2.9043386839394353e-07,-1.6949050252720471e-06,-6.5738716145077891e-06,1.19042795925037e-05,0.00088809572040749623,31.685776496589042,1.1702432634621982,1,0.00095453008147991373,-0.00038775145746794263,0.00014214298858824585,-0.010701188622552078,-0.0025399619944034978,0.00018208550614401802
FREE_6DOF,robot_wall,0.0018625000000000002,0.0012028096696815697,1.4606777747716726e-05,-5.0576456113222241e-06,0.97798723701847523,0.0087270517446083398,-0.070347399966525725,-0.19625505373050983,0.017583312926060121,-0.14173633700640398,-0.39541578577166625,-0.019142229106007994,0.26885231538769888,-0.092339234797539402,40.600262843065785,-90.714779937142467,-357.37340899065941,-2.5593055969888392e-05,0,0,2.9188887889694003e-07,-1.7040119897625275e-06,-6.6153960719451728e-06,1.545761091827969e-05,0.00088454238908172028,31.685537218725219,1.1702432634621982,1,0.00095262656932509459,-0.00039208362164163183,0.00014302640133780892,-0.010701188622552078,-0.0025399619944034978,0.00018208550614401802
FREE_6DOF,robot_wall,0.0018625000000000002,0.0012028096705806479,1.4606777747716726e-05,-5.0576456113222241e-06,0.97798706256392309,0.0087269943281857807,-0.070347565888281088,-0.19625586615736826,0.017583198276235317,-0.14173667963427175,-0.39541744588674221,-0.019142157179747675,0.26885231538769888,-0.092339234797539402,40.59543646609697,-90.739813907102857,-357.5068827632598,-2.5593037194202769e-05,0,0,2.9188940668629549e-07,-1.704015298935991e-06,-6.615411214289247e-06,1.545761091827969e-05,0.00088454238908172028,31.685537219624297,1.1702432634621982,1,0.00095262587044154514,-0.00039208520253907462,0.00014302672246382114,-0.010701188622552078,-0.0025399619944034978,0.00018208550614401802
FREE_6DOF,robot_wall,0.0018625000000000002,0.0012028096705809775,1.4606777747716726e-05,-5.0576456113222241e-06,0.97798706250032863,0.0087269943065433984,-0.070347565948447877,-0.19625586645366982,0.017583198233006723,-0.14173667975853191,-0.39541744649220145,-0.019142157153390443,0.26885231538769888,-0.092339234797539402,40.595434606694099,-90.739822960849281,-357.50693144911043,-2.5593037187357886e-05,0,0,2.9188940687771843e-07,-1.7040153001383276e-06,-6.6154112198110293e-06,1.545761091827969e-05,0.00088454238908172028,31.685537219624628,1.1702432634621982,1,0.00095262587018675948,-0.00039208520311554595,0.00014302672258051187,-0.010701188622552078,-0.0025399619944034978,0.00018208550614401802
FREE_6DOF,robot_wall,0.0018750000000000001,0.0012028096721904615,1.4713081279507552e-05,-5.0934550155589143e-06,0.97800919039838197,0.0087284972895771609,-0.070313826311090413,-0.19615759649032546,0.01758609539076627,-0.14166764515962973,-0.39521650623888954,-0.019142028394655421,0.27735659793096495,-0.095203987136474627,40.750294760621586,-85.391218632411054,-341.37243106667773,-2.5595387386243863e-05,0,0,2.9427557201673313e-07,-1.6998169419246353e-06,-6.6206787425346372e-06,1.55697798549921e-05,0.00088443022014500787,31.685462221234111,1.1780972450961726,1,0.00095271448647573753,-0.00039189333198399762,0.00014296230982015795,-0.010699289680246081,-0.0025481909788749976,0.00017867029232583367
FREE_6DOF,robot_wall,0.0018750000000000001,0.0012025642675698972,1.8141603905867138e-05,-6.2704151819112686e-06,0.97751867945535997,0.008937872042729415,-0.070841598580044948,-0.19839055841904585,0.01801091719655078,-0.14275457961320762,-0.39978150315650918,-0.019632369645143841,0.27428181010876695,-0.094156813308188314,42.005385040685496,-91.557824985739799,-363.19384862407622,-2.5542811587529163e-05,0,0,2.9573842342616077e-07,-1.7089080967923735e-06,-6.6627368134936256e-06,1.9194684129490569e-05,0.00088080531587050946,31.685216816613547,1.1780972450961726,1,0.0009507612168731677,-0.00039628945325421685,0.00014384462503927475,-0.010699289680246081,-0.0025481909788749976,0.00017867029232583367
FREE_6DOF,robot_wall,0.0018750000000000001,0.0012025642684924682,1.8141603905867138e-05,-6.2704151819112686e-06,0.97751850112605587,0.0089378080095835095,-0.070841762947130099,-0.19839138128153541,0.018010789243817715,-0.14275491940900523,-0.39978318534256846,-0.019632295839457484,0.27428181010876695,-0.094156813308188314,41.99971279133409,-91.58239284460862,-363.32915856215845,-2.5542792394804551e-05,0,0,2.9573895177610546e-07,-1.7089113864232754e-06,-6.6627520910120168e-06,1.9194684129490569e-05,0.00088080531587050946,31.685216817536119,1.1780972450961726,1,0.00095076050246259165,-0.00039629105130170302,0.00014384494443195879,-0.010699289680246081,-0.0025481909788749976,0.00017867029232583367
FREE_6DOF,robot_wall,0.0018750000000000001,0.001202564268492805,1.8141603905867138e-05,-6.2704151819112686e-06,0.97751850106130234,0.0089378079855577143,-0.070841763006468855,-0.198391381580484,0.018010789195795643,-0.14275491953169414,-0.39978318595370754,-0.019632295812514817,0.27428181010876695,-0.094156813308188314,41.999710623057297,-91.58240168699416,-363.32920772767289,-2.5542792387834855e-05,0,0,2.9573895196690413e-07,-1.7089113876135076e-06,-6.6627520965615056e-06,1.9194684129490569e-05,0.00088080531587050946,31.685216817536453,1.1780972450961726,1,0.00095076050220315855,-0.00039629105188216903,0.00014384494454753517,-0.010699289680246081,-0.0025481909788749976,0.00017867029232583367
FREE_6DOF,robot_wall,0.0018750000000000001,0.0012025642684928052,1.8141603905867138e-05,-6.2704151819112686e-06,0.9775185010612788,0.0089378079855487024,-0.070841763006490296,-0.19839138158059261,0.018010789195777626,-0.14275491953173847,-0.39978318595392959,-0.019632295812505033,0.27428181010876695,-0.094156813308188314,41.999710622229735,-91.582401690175786,-363.32920774553736,-2.5542792387832324e-05,0,0,2.9573895196697316e-07,-1.7089113876139383e-06,-6.6627520965635215e-06,1.9194684129490569e-05,0.00088080531587050946,31.685216817536453,1.1780972450961726,1,0.00095076050220306433,-0.00039629105188237985,0.00014384494454757702,-0.010699289680246081,-0.0025481909788749976,0.00017867029232583367
FREE_6DOF,robot_wall,0.0018750000000000001,0.0012025642684928052,1.8141603905867138e-05,-6.2704151819112686e-06,0.9775185010612788,0.0089378079855486989,-0.07084176300649031,-0.19839138158059266,0.018010789195777619,-0.14275491953173849,-0.3997831859539297,-0.01963229581250503,0.27428181010876695,-0.094156813308188314,41.999710622229429,-91.582401690176937,-363.3292077455439,-2.5542792387832324e-05,0,0,2.9573895196697316e-07,-1.7089113876139388e-06,-6.6627520965635224e-06,1.9194684129490569e-05,0.00088080531587050946,31.685216817536453,1.1780972450961726,1,0.00095076050220306433,-0.00039629105188237996,0.00014384494454757705,-0.010699289680246081,-0.0025481909788749976,0.00017867029232583367
FREE_6DOF,robot_wall,0.0018750000000000001,0.0012025642684928052,1.8141603905867138e-05,-6.2704151819112686e-06,0.9775185010612788,0.0089378079855486989,-0.07084176300649031,-0.19839138158059266,0.018010789195777619,-0.14275491953173849,-0.3997831859539297,-0.01963229581250503,0.27428181010876695,-0.094156813308188314,41.999710622229429,-91.582401690176937,-363.3292077455439,-2.5542792387832324e-05,0,0,2.9573895196697316e-07,-1.7089113876139388e-06,-6.6627520965635224e-06,1.9194684129490569e-05,0.00088080531587050946,31.685216817536453,1.1780972450961726,1,0.00095076050220306433,-0.00039629105188237996,0.00014384494454757705,-0.010699289680246081,-0.0025481909788749976,0.00017867029232583367
FREE_6DOF,robot_wall,0.0018750000000000001,0.0012025642684928052,1.8141603905867138e-05,-6.2704151819112686e-06,0.9775185010612788,0.0089378079855486989,-0.07084176300649031,-0.19839138158059266,0.018010789195777619,-0.14275491953173849,-0.3997831859539297,-0.01963229581250503,0.27428181010876695,-0.094156813308188314,41.999710622229429,-91.582401690176937,-363.3292077455439,-2.5542792387832324e-05,0,0,2.9573895196697316e-07,-1.7089113876139388e-06,-6.6627520965635224e-06,1.9194684129490569e-05,0.00088080531587050946,31.685216817536453,1.1780972450961726,1,0.00095076050220306433,-0.00039629105188237996,0.00014384494454757705,-0.010699289680246081,-0.0025481909788749976,0.00017867029232583367
FREE_6DOF,robot_wall,0.0018750000000000001,0.0012025642684928052,1.8141603905867138e-05,-6.2704151819112686e-06,0.9775185010612788,0.0089378079855486989,-0.07084176300649031,-0.19839138158059266,0.018010789195777619,-0.14275491953173849,-0.3997831859539297,-0.01963229581250503,0.27428181010876695,-0.094156813308188314,41.999710622229429,-91.582401690176937,-363.3292077455439,-2.5542792387832324e-05,0,0,2.9573895196697316e-07,-1.7089113876139388e-06,-6.6627520965635224e-06,1.9194684129490569e-05,0.00088080531587050946,31.685216817536453,1.1780972450961726,1,0.00095076050220306433,-0.00039629105188237996,0.00014384494454757705,-0.010699289680246081,-0.0025481909788749976,0.00017867029232583367
FREE_6DOF,robot_wall,0.0018750000000000001,0.0012025642684928052,1.8141603905867138e-05,-6.2704151819112686e-06,0.9775185010612788,0.0089378079855486989,-0.07084176300649031,-0.19839138158059266,0.018010789195777619,-0.14275491953173849,-0.3997831859539297,-0.01963229581250503,0.27428181010876695,-0.094156813308188314,41.999710622229429,-91.582401690176937,-363.3292077455439,-2.5542792387832324e-05,0,0,2.9573895196697316e-07,-1.7089113876139388e-06,-6.6627520965635224e-06,1.9194684129490569e-05,0.00088080531587050946,31.685216817536453,1.1780972450961726,1,0.00095076050220306433,-0.00039629105188237996,0.00014384494454757705,-0.010699289680246081,-0.0025481909788749976,0.00017867029232583367
FREE_6DOF,robot_wall,0.0018750000000000001,0.0012025642684928052,1.8141603905867138e-05,-6.2704151819112686e-06,0.9775185010612788,0.0089378079855486989,-0.07084176300649031,-0.19839138158059266,0.018010789195777619,-0.14275491953173849,-0.3997831859539297,-0.01963229581250503,0.27428181010876695,-0.094156813308188314,41.999710622229429,-91.582401690176937,-363.3292077455439,-2.5542792387832324e-05,0,0,2.9573895196697316e-07,-1.7089113876139388e-06,-6.6627520965635224e-06,1.9194684129490569e-05,0.00088080531587050946,31.685216817536453,1.1780972450961726,1,0.00095076050220306433,-0.00039629105188237996,0.00014384494454757705,-0.010699289680246081,-0.0025481909788749976,0.00017867029232583367
FREE_6DOF,robot_wall,0.0018750000000000001,0.0012025642684928052,1.8141603905867138e-05,-6.2704151819112686e-06,0.9775185010612788,0.0089378079855486989,-0.07084176300649031,-0.19839138158059266,0.018010789195777619,-0.14275491953173849,-0.3997831859539297,-0.01963229581250503,0.27428181010876695,-0.094156813308188314,41.999710622229429,-91.582401690176937,-363.3292077455439,-2.5542792387832324e-05,0,0,2.9573895196697316e-07,-1.7089113876139388e-06,-6.6627520965635224e-06,1.9194684129490569e-05,0.00088080531587050946,31.685216817536453,1.1780972450961726,1,0.00095076050220306433,-0.00039629105188237996,0.00014384494454757705,-0.010699289680246081,-0.0025481909788749976,0.00017867029232583367
FREE_6DOF,robot_wall,0.0018750000000000001,0.0012025642684928052,1.8141603905867138e-05,-6.2704151819112686e-06,0.9775185010612788,0.0089378079855486989,-0.07084176300649031,-0.19839138158059266,0.018010789195777619,-0.14275491953173849,-0.3997831859539297,-0.01963229581250503,0.27428181010876695,-0.094156813308188314,41.999710622229429,-91.582401690176937,-363.3292077455439,-2.5542792387832324e-05,0,0,2.9573895196697316e-07,-1.7089113876139388e-06,-6.6627520965635224e-06,1.9194684129490569e-05,0.00088080531587050946,31.685216817536453,1.1780972450961726,1,0.00095076050220306433,-0.00039629105188237996,0.00014384494454757705,-0.010699289680246081,-0.0025481909788749976,0.00017867029232583367
FREE_6DOF,robot_wall,0.0018750000000000001,0.0012025642684928052,1.8141603905867138e-05,-6.2704151819112686e-06,0.9775185010612788,0.0089378079855486989,-0.07084176300649031,-0.19839138158059266,0.018010789195777619,-0.14275491953173849,-0.3997831859539297,-0.01963229581250503,0.27428181010876695,-0.094156813308188314,41.999710622229429,-91.582401690176937,-363.3292077455439,-2.5542792387832324e-05,0,0,2.9573895196697316e-07,-1.7089113876139388e-06,-6.6627520965635224e-06,1.9194684129490569e-05,0.00088080531587050946,31.685216817536453,1.1780972450961726,1,0.00095076050220306433,-0.00039629105188237996,0.00014384494454757705,-0.010699289680246081,-0.0025481909788749976,0.00017867029232583367
FREE_6DOF,robot_wall,0.0018750000000000001,0.0012025642684928052,1.8141603905867138e-05,-6.2704151819112686e-06,0.9775185010612788,0.0089378079855486989,-0.07084176300649031,-0.19839138158059266,0.018010789195777619,-0.14275491953173849,-0.3997831859539297,-0.01963229581250503,0.27428181010876695,-0.094156813308188314,41.999710622229429,-91.582401690176937,-363.3292077455439,-2.5542792387832324e-05,0,0,2.9573895196697316e-07,-1.7089113876139388e-06,-6.6627520965635224e-06,1.9194684129490569e-05,0.00088080531587050946,31.685216817536453,1.1780972450961726,1,0.00095076050220306433,-0.00039629105188237996,0.00014384494454757705,-0.010699289680246081,-0.0025481909788749976,0.00017867029232583367
FREE_6DOF,robot_wall,0.0018750000000000001,0.0012025642684928052,1.8141603905867138e-05,-6.2704151819112686e-06,0.9775185010612788,0.0089378079855486989,-0.07084176300649031,-0.19839138158059266,0.018010789195777619,-0.14275491953173849,-0.3997831859539297,-0.01963229581250503,0.27428181010876695,-0.094156813308188314,41.999710622229429,-91.582401690176937,-363.3292077455439,-2.5542792387832324e-05,0,0,2.9573895196697316e-07,-1.7089113876139388e-06,-6.6627520965635224e-06,1.9194684129490569e-05,0.00088080531587050946,31.685216817536453,1.1780972450961726,1,0.00095076050220306433,-0.00039629105188237996,0.00014384494454757705,-0.010699289680246081,-0.0025481909788749976,0.00017867029232583367
FREE_6DOF,robot_wall,0.0018750000000000001,0.0012025642684928052,1.8141603905867138e-05,-6.2704151819112686e-06,0.9775185010612788,0.0089378079855486989,-0.07084176300649031,-0.19839138158059266,0.018010789195777619,-0.14275491953173849,-0.3997831859539297,-0.01963229581250503,0.27428181010876695,-0.094156813308188314,41.999710622229429,-91.582401690176937,-363.3292077455439,-2.5542792387832324e-05,0,0,2.9573895196697316e-07,-1.7089113876139388e-06,-6.6627520965635224e-06,1.9194684129490569e-05,0.00088080531587050946,31.685216817536453,1.1780972450961726,1,0.00095076050220306433,-0.00039629105188237996,0.00014384494454757705,-0.010699289680246081,-0.0025481909788749976,0.00017867029232583367
FREE_6DOF,robot_wall,0.0018750000000000001,0.0012025642684928052,1.8141603905867138e-05,-6.2704151819112686e-06,0.9775185010612788,0.0089378079855486989,-0.07084176300649031,-0.19839138158059266,0.018010789195777619,-0.14275491953173849,-0.3997831859539297,-0.01963229581250503,0.27428181010876695,-0.094156813308188314,41.999710622229429,-91.582401690176937,-363.3292077455439,-2.5542792387832324e-05,0,0,2.9573895196697316e-07,-1.7089113876139388e-06,-6.6627520965635224e-06,1.9194684129490569e-05,0.00088080531587050946,31.685216817536453,1.1780972450961726,1,0.00095076050220306433,-0.00039629105188237996,0.00014384494454757705,-0.010699289680246081,-0.0025481909788749976,0.00017867029232583367
FREE_6DOF,robot_wall,0.0018750000000000001,0.0012025642684928052,1.8141603905867138e-05,-6.2704151819112686e-06,0.9775185010612788,0.0089378079855486989,-0.07084176300649031,-0.19839138158059266,0.018010789195777619,-0.14275491953173849,-0.3997831859539297,-0.01963229581250503,0.27428181010876695,-0.094156813308188314,41.999710622229429,-91.582401690176937,-363.3292077455439,-2.5542792387832324e-05,0,0,2.9573895196697316e-07,-1.7089113876139388e-06,-6.6627520965635224e-06,1.9194684129490569e-05,0.00088080531587050946,31.685216817536453,1.1780972450961726,1,0.00095076050220306433,-0.00039629105188237996,0.00014384494454757705,-0.010699289680246081,-0.0025481909788749976,0.00017867029232583367
FREE_6DOF,robot_wall,0.0018750000000000001,0.0012025642684928052,1.8141603905867138e-05,-6.2704151819112686e-06,0.9775185010612788,0.0089378079855486989,-0.07084176300649031,-0.19839138158059266,0.018010789195777619,-0.14275491953173849,-0.3997831859539297,-0.01963229581250503,0.27428181010876695,-0.094156813308188314,41.999710622229429,-91.582401690176937,-363.3292077455439,-2.5542792387832324e-05,0,0,2.9573895196697316e-07,-1.7089113876139388e-06,-6.6627520965635224e-06,1.9194684129490569e-05,0.00088080531587050946,31.685216817536453,1.1780972450961726,1,0.00095076050220306433,-0.00039629105188237996,0.00014384494454757705,-0.010699289680246081,-0.0025481909788749976,0.00017867029232583367
FREE_6DOF,robot_wall,0.0018750000000000001,0.0012025642684928052,1.8141603905867138e-05,-6.2704151819112686e-06,0.9775185010612788,0.0089378079855486989,-0.07084176300649031,-0.19839138158059266,0.018010789195777619,-0.14275491953173849,-0.3997831859539297,-0.01963229581250503,0.27428181010876695,-0.094156813308188314,41.999710622229429,-91.582401690176937,-363.3292077455439,-2.5542792387832324e-05,0,0,2.9573895196697316e-07,-1.7089113876139388e-06,-6.6627520965635224e-06,1.9194684129490569e-05,0.00088080531587050946,31.685216817536453,1.1780972450961726,1,0.00095076050220306433,-0.00039629105188237996,0.00014384494454757705,-0.010699289680246081,-0.0025481909788749976,0.00017867029232583367
FREE_6DOF,robot_wall,0.0018875000000000001,0.0012025642700929911,1.8239231689776989e-05,-6.3040077236171426e-06,0.97753903916421581,0.0089376615193049319,-0.07080992976316508,-0.19830153545397497,0.018010369440952315,-0.1426897843879936,-0.3995993702066199,-0.019632167797631259,0.28209203282155504,-0.096844216644658282,41.936410720222867,-86.49089840427574,-348.58251216431751,-2.5544969887639394e-05,0,0,2.9813425137551083e-07,-1.704757345322069e-06,-6.6680207573670695e-06,1.9297929578397515e-05,0.00088070207042160249,31.685141819136643,1.1859512267301471,1,0.00095084268848804601,-0.00039611566345731052,0.00014378477435376366,-0.010697420391051699,-0.0025562640501015131,0.00017524577960662842
FREE_6DOF,robot_wall,0.0018875000000000001,0.0012023148448027958,2.1746409421615915e-05,-7.5078480098070161e-06,0.97703503145559978,0.009152505237745915,-0.071340578451176598,-0.2005724328582561,0.018446435121437604,-0.14378351257295308,-0.40424411390775905,-0.019954023215628076,0.28057421854711401,-0.096307222895189865,43.215466689790674,-92.276230012650814,-369.49892282876965,-2.5490970226496693e-05,0,0,2.9960234823970424e-07,-1.7138238984894085e-06,-6.710656047105367e-06,2.3005958021149842e-05,0.00087699404197885016,31.684892393846447,1.1859512267301471,1,0.00094883646276966243,-0.00040058064012201598,0.00014466518621130856,-0.010697420391051699,-0.0025562640501015131,0.00017524577960662842
FREE_6DOF,robot_wall,0.0018875000000000001,0.001202314845750352,2.1746409421615915e-05,-7.5078480098070161e-06,0.97703484901780768,0.0091524333960972502,-0.071340740874471481,-0.20057326706009776,0.018446291461965792,-0.14378384876793854,-0.4042458200511938,-0.019953947411129599,0.28057421854711401,-0.096307222895189865,43.208788878809273,-92.300228722254602,-369.63623222922064,-2.5490950590910452e-05,0,0,2.9960287611277461e-07,-1.7138271650289461e-06,-6.7106714726262968e-06,2.3005958021149842e-05,0.00087699404197885016,31.684892394794002,1.1859512267301471,1,0.00094883573187065184,-0.00040058225676333349,0.00014466550354262587,-0.010697420391051699,-0.0025562640501015131,0.00017524577960662842
FREE_6DOF,robot_wall,0.0018875000000000001,0.0012023148457506966,2.1746409421615915e-05,-7.5078480098070161e-06,0.97703484895182802,0.0091524333692707491,-0.071340740932836905,-0.20057326736196313,0.018446291408308349,-0.1437838488887678,-0.40424582066857601,-0.019953947383565242,0.28057421854711401,-0.096307222895189865,43.208786345515577,-92.300237315691646,-369.63628192380486,-2.5490950583808467e-05,0,0,2.9960287630254525e-07,-1.7138271662056989e-06,-6.7106714782072301e-06,2.3005958021149842e-05,0.00087699404197885016,31.684892394794346,1.1859512267301471,1,0.00094883573160629343,-0.00040058225734821313,0.00014466550365696004,-0.010697420391051699,-0.0025562640501015131,0.00017524577960662842
FREE_6DOF,robot_wall,0.0019,0.0012023148471385508,2.1834179180775233e-05,-7.537753471022661e-06,0.97705343951245316,0.0091521832084541736,-0.071312468903445059,-0.20049275712179512,0.018445671677416453,-0.14372596766680043,-0.4040810249681695,-0.019953836355220179,0.28759579927985957,-0.09869965979244151,43.127945627915992,-87.774876191651529,-356.41649925261197,-2.5492917975998495e-05,0,0,3.020140396874111e-07,-1.7097464609478192e-06,-6.7159583861980517e-06,2.3098681951317327e-05,0.00087690131804868269,31.684817396182204,1.1938052083641215,1,0.00094891009531973016,-0.00040042530367401528,0.00014461225951224063,-0.010695581213538219,-0.0025641807825609354,0.00017181216183230841
FREE_6DOF,robot_wall,0.0019,0.0012020597238479311,2.5404906383551532e-05,-8.7631707201231144e-06,0.97653411413193014,0.0093723031505119885,-0.071848832650582659,-0.20280786256200697,0.018892616108204231,-0.14483232043298935,-0.40881851873305364,-0.020409863249569258,0.28565817622210399,-0.098033379928036207,44.380963446114507,-93.445629543501312,-376.85066482056106,-2.5437299869222515e-05,0,0,3.0349924353409826e-07,-1.7188440444123061e-06,-6.7592773820543754e-06,2.6873824242690886e-05,0.0008731261757573091,31.684562272891583,1.1938052083641215,1,0.00094684369469838243,-0.00040497088372693624,0.00014549604656726177,-0.010695581213538219,-0.0025641807825609354,0.00017181216183230841
FREE_6DOF,robot_wall,0.0019,0.001202059724823887,2.5404906383551532e-05,-8.7631707201231144e-06,0.97653392696623631,0.0093722253033985837,-0.071848994461286841,-0.20280871004881845,0.018892460376324749,-0.14483265574573972,-0.40882025287862295,-0.020409785173103566,0.28565817622210399,-0.098033379928036207,44.37354694023314,-93.469322563934085,-376.99028085274017,-2.5437279725960233e-05,0,0,3.0349977518907884e-07,-1.7188473078811728e-06,-6.7592929907581004e-06,2.6873824242690886e-05,0.0008731261757573091,31.684562273867538,1.1938052083641215,1,0.00094684294489808646,-0.00040497252284564181,0.00014549636373503496,-0.010695581213538219,-0.0025641807825609354,0.00017181216183230841
FREE_6DOF,robot_wall,0.0019,0.0012020597248242405,2.5404906383551532e-05,-8.7631707201231144e-06,0.97653392689882534,0.0093722252744590992,-0.071848994519164641,-0.20280871035423848,0.018892460318417979,-0.14483265586569982,-0.40882025350357437,-0.020409785144826539,0.28565817622210399,-0.098033379928036207,44.37354414307508,-93.469331005488499,-376.99033117616659,-2.5437279718704556e-05,0,0,3.0349977537935881e-07,-1.718847309051699e-06,-6.7592929963821807e-06,2.6873824242690886e-05,0.0008731261757573091,31.684562273867893,1.1938052083641215,1,0.00094684294462800574,-0.0004049725234362237,0.00014549636384881366,-0.010695581213538219,-0.0025641807825609354,0.00017181216183230841
FREE_6DOF,robot_wall,0.0019,0.0012020597248242407,2.5404906383551532e-05,-8.7631707201231144e-06,0.97653392689880114,0.0093722252744483422,-0.071848994519185333,-0.2028087103543485,0.018892460318396451,-0.14483265586574273,-0.40882025350379952,-0.020409785144816353,0.28565817622210399,-0.098033379928036207,44.373544142021331,-93.469331008495018,-376.99033119430527,-2.5437279718701947e-05,0,0,3.0349977537942689e-07,-1.7188473090521187e-06,-6.7592929963842068e-06,2.6873824242690886e-05,0.0008731261757573091,31.684562273867893,1.1938052083641215,1,0.00094684294462790859,-0.00040497252343643647,0.00014549636384885445,-0.010695581213538219,-0.0025641807825609354,0.00017181216183230841
