time_s,com_difference_m,orientation_difference_rad,tilt_12p5_deg,tilt_6p25_deg,tilt_difference_deg,v_difference_m_s,omega_difference_rad_s,signed_gap_12p5_m,signed_gap_6p25_m,signed_gap_difference_m,cumulative_normal_impulse_12p5_N_s,cumulative_normal_impulse_6p25_N_s,cumulative_normal_impulse_difference_N_s,cumulative_angular_impulse_12p5_N_m_s,cumulative_angular_impulse_6p25_N_m_s,cumulative_angular_impulse_difference_N_m_s
0.001750000000000001,0.0,0.0,20.105355525393524,20.105355525393524,0.0,0.0,0.0,0.0001424088811501638,0.0001424088811501638,0.0,0.0,0.0,0.0,0.0,0.0,0.0
0.001762500000000001,6.779083198380269e-11,3.1191515528100178e-06,20.675945330718147,20.675767444083323,0.00017788663482321,2.1720035560628862e-05,0.915488334772292,0.0001336508283300141,0.00013365359583879808,2.767508783989639e-09,0.0,0.0,0.0,0.0,0.0,0.0
0.001775000000000001,4.942686677650661e-10,2.1496256271922183e-05,21.25839075918633,21.257165113296104,0.0012256458902264455,4.582470951100401e-05,1.6524302923357232,0.00012479027707481887,0.00012480874287137446,1.846579655558154e-08,0.0,0.0,0.0,0.0,0.0,0.0
0.001787500000000001,1.0538277725944827e-09,3.849484202701696e-05,21.85243139257982,21.85023683066449,0.0021945619153314055,4.725451552384205e-05,0.9945983805042325,0.00011583679190682171,0.00011586944463098871,3.265272416699567e-08,0.0,0.0,0.0,0.0,0.0,0.0
0.001800000000000001,1.6221134903449402e-09,5.0020639076572524e-05,22.458353000992858,22.455501582931788,0.0028514180610699214,5.1399978572073776e-05,0.8191308464521007,0.00010679203319331016,0.00010683395671176675,4.192351845658162e-08,0.0,0.0,0.0,0.0,0.0,0.0
0.001812500000000001,2.2622776131198164e-09,6.000141615173365e-05,23.076591748934394,23.073171612198653,0.0034201367357411527,5.7875009567034316e-05,0.739261879227111,9.765585071986357e-05,9.77056708912885e-05,4.982017142492884e-08,2.5407402357601473e-06,2.5145866493243304e-06,2.6153586435816918e-08,2.16252961473804e-09,2.1372951623578134e-09,2.5234452380226788e-11
0.001825,1.1249878573206704e-07,0.00015562516219845297,23.319539279678594,23.311079958754682,0.008459320923911662,0.016052802345352377,11.562692576515479,9.768889828415893e-05,9.772961638406246e-05,4.071809990352157e-08,2.8786679233570145e-06,2.8688517222635697e-06,9.816201093444782e-09,2.4484658347534767e-09,2.43760772607726e-09,1.0858108676216708e-11
0.0018375,1.1841108538521631e-07,0.0001843624127615217,23.558708192833254,23.549726285006685,0.008981907826569824,0.0007005583457760072,4.0652830080200815,9.771754018978135e-05,9.775569990899343e-05,3.815971921208774e-08,2.9756551131908398e-06,2.969383461124317e-06,6.271652066522923e-09,2.530255191946047e-09,2.5224806789104463e-09,7.774513035600539e-12
0.00185,1.4223763914568288e-07,0.0002294017230041179,23.803773600033075,23.79366989653648,0.01010370349659695,0.0011093013760817116,4.19353039590424,9.774805809367607e-05,9.777475724338607e-05,2.669914970999856e-08,3.05556055593157e-06,3.0372612851063126e-06,1.829927082525742e-08,2.5970409049937636e-09,2.5793475850653742e-09,1.7693319928389394e-11
0.0018625,1.5857105605356696e-07,0.0002780568228189467,24.054757007988886,24.0434845705526,0.011272437436286253,0.00043304246533431586,4.0817628289214705,9.776055824429922e-05,9.778366774562208e-05,2.310950132286809e-08,3.129107949493209e-06,3.103606271795416e-06,2.5501677697793e-08,2.658342640880973e-09,2.6346937701679815e-09,2.3648870712991377e-11
0.001875,1.7180257992392692e-07,0.00032548567921772436,24.31090884013452,24.298753070666407,0.012155769468112254,0.00042998847735336063,4.113138751856244,9.777688009843623e-05,9.779634545699215e-05,1.9465358555917356e-08,3.1951605966619754e-06,3.1689664159598585e-06,2.619418070211696e-08,2.713247568723995e-09,2.6890529052682306e-09,2.4194663455764323e-11
0.0018875,1.90340924824733e-07,0.00037665176465078115,24.57269737254209,24.55946167894476,0.013235693597330567,0.00048615097536854946,4.113723872971493,9.780134165007911e-05,9.781528658604852e-05,1.394493596941146e-08,3.2588794631871197e-06,3.2307075078404494e-06,2.8171955346670274e-08,2.7658963374923353e-09,2.740153527253979e-09,2.57428102383565e-11
0.0019,2.063538094449094e-07,0.0004294480208475051,24.840185129125572,24.825796495777933,0.014388633347639512,0.0004327867596687013,4.114067554743751,9.782539188220123e-05,9.783783007498664e-05,1.2438192785414401e-08,3.2588794631871197e-06,3.2639192842322165e-06,5.039821045096759e-09,2.7658963374923353e-09,2.767597595459542e-09,1.7012579672064703e-12
