time_s,angular_12p5_N_m_s,angular_6p25_N_m_s,difference_N_m_s
0.001750000000000001,0.0,0.0,0.0
0.001762500000000001,0.0,0.0,0.0
0.001775000000000001,0.0,0.0,0.0
0.001787500000000001,0.0,0.0,0.0
0.001800000000000001,0.0,0.0,0.0
0.001812500000000001,2.16252961473804e-09,2.1372951623578134e-09,2.5234452380226788e-11
0.001825,2.4484658347534767e-09,2.43760772607726e-09,1.0858108676216708e-11
0.0018375,2.530255191946047e-09,2.5224806789104463e-09,7.774513035600539e-12
0.00185,2.5970409049937636e-09,2.5793475850653742e-09,1.7693319928389394e-11
0.0018625,2.658342640880973e-09,2.6346937701679815e-09,2.3648870712991377e-11
0.001875,2.713247568723995e-09,2.6890529052682306e-09,2.4194663455764323e-11
0.0018875,2.7658963374923353e-09,2.740153527253979e-09,2.57428102383565e-11
0.0019,2.7658963374923353e-09,2.767597595459542e-09,1.7012579672064703e-12
