time_s,cumulative_normal_impulse_magnitude_N_s,cumulative_normal_impulse_x_N_s,cumulative_normal_impulse_y_N_s,cumulative_normal_impulse_z_N_s,cumulative_angular_impulse_magnitude_N_m_s,cumulative_angular_impulse_x_N_m_s,cumulative_angular_impulse_y_N_m_s,cumulative_angular_impulse_z_N_m_s
0.001750000000000001,0.0,0.0,0.0,0.0,0.0,0.0,0.0,0.0
0.001762500000000001,0.0,0.0,0.0,0.0,0.0,0.0,0.0,0.0
0.001775000000000001,0.0,0.0,0.0,0.0,0.0,0.0,0.0,0.0
0.001787500000000001,0.0,0.0,0.0,0.0,0.0,0.0,0.0,0.0
0.001800000000000001,0.0,0.0,0.0,0.0,0.0,0.0,0.0,0.0
0.001812500000000001,2.5407402357601473e-06,-5.433330510147146e-10,2.40200281812779e-06,-8.280960766154371e-07,2.16252961473804e-09,-1.2071210285351104e-11,7.048135836148649e-10,2.0444134691527726e-09
0.001825,2.8786679233570145e-06,-5.636544966623471e-10,2.7222687854638767e-06,-9.359387559809805e-07,2.4484658347534767e-09,-1.4172381365466333e-11,7.960617966380851e-10,2.3153983898013784e-09
0.0018375,2.9756551131908398e-06,-5.424429400159145e-10,2.8142327266024336e-06,-9.66756028651633e-07,2.530255191946047e-09,-1.4441361896244256e-11,8.220500147267989e-10,2.392951432169942e-09
0.00185,3.05556055593157e-06,-5.412964171048552e-10,2.8899585055483657e-06,-9.922650120666803e-07,2.5970409049937636e-09,-1.455378621070862e-11,8.433708005145335e-10,2.4562441536535483e-09
0.0018625,3.129107949493209e-06,-5.401565177678152e-10,2.9595040781064415e-06,-1.016194803905173e-06,2.658342640880973e-09,-1.4659945215826884e-11,8.633163938777296e-10,2.514210708432021e-09
0.001875,3.1951605966619754e-06,-5.391678738560584e-10,3.0220272442540584e-06,-1.0374980880683768e-06,2.713247568723995e-09,-1.4806587729284404e-11,8.810243273307591e-10,2.5661818464009654e-09
0.0018875,3.2588794631871197e-06,-5.367409179411211e-10,3.0825235565789805e-06,-1.0575176549957113e-06,2.7658963374923353e-09,-1.515307739153859e-11,8.975654922451292e-10,2.616166875627363e-09
0.0019,3.2588794631871197e-06,-5.367409179411211e-10,3.0825235565789805e-06,-1.0575176549957113e-06,2.7658963374923353e-09,-1.515307739153859e-11,8.975654922451292e-10,2.616166875627363e-09
