time_s,normal_12p5_N_s,normal_6p25_N_s,difference_N_s
0.001750000000000001,0.0,0.0,0.0
0.001762500000000001,0.0,0.0,0.0
0.001775000000000001,0.0,0.0,0.0
0.001787500000000001,0.0,0.0,0.0
0.001800000000000001,0.0,0.0,0.0
0.001812500000000001,2.5407402357601473e-06,2.5145866493243304e-06,2.6153586435816918e-08
0.001825,2.8786679233570145e-06,2.8688517222635697e-06,9.816201093444782e-09
0.0018375,2.9756551131908398e-06,2.969383461124317e-06,6.271652066522923e-09
0.00185,3.05556055593157e-06,3.0372612851063126e-06,1.829927082525742e-08
0.0018625,3.129107949493209e-06,3.103606271795416e-06,2.5501677697793e-08
0.001875,3.1951605966619754e-06,3.1689664159598585e-06,2.619418070211696e-08
0.0018875,3.2588794631871197e-06,3.2307075078404494e-06,2.8171955346670274e-08
0.0019,3.2588794631871197e-06,3.2639192842322165e-06,5.039821045096759e-09
