time_s,step,com_x_m,com_y_m,com_z_m,q0,q1,q2,q3,tilt_rad,tilt_deg,rotation_angle_rad,rotation_axis_x,rotation_axis_y,rotation_axis_z,omega_x_rad_s,omega_y_rad_s,omega_z_rad_s,omega_magnitude_rad_s,v_x_m_s,v_y_m_s,v_z_m_s,signed_gap_m
0.001750000000000001,70,0.001203713388222422,8.724861369932643e-07,-3.356690108892919e-07,0.984623529376754,0.006896969730061793,-0.0607625496750705,-0.16363633387237564,0.35090465120215136,20.105355525393524,0.35118130908112233,0.03948125238865443,-0.34783124377698504,-0.9367254969105832,39.13734668233644,-238.3510307135593,-752.0650495857042,789.9017562683965,-0.003078475416918156,0.00278338081035859,-0.0009735323565712222,0.0001424088811501638
0.001762500000000001,71,0.001203675117350098,9.080418482414489e-07,-3.481633128639085e-07,0.9837407121489468,0.007098287601902127,-0.06223479166755279,-0.16831713008455246,0.36086332198337956,20.675945330718147,0.3611486190975499,0.03952395340376138,-0.34652935241761834,-0.9372060952748672,40.16690681583844,-242.9017292848399,-768.32627315862,806.8084608620142,-0.003044864154954632,0.002905532989350936,-0.001025555959367437,0.0001336508283300141
0.001775000000000001,72,0.001203637412304638,9.451293891656373e-07,-3.611212308884951e-07,0.98281434620307,0.007304222990063445,-0.06373257100304563,-0.17309179246077913,0.37102891242333846,21.25839075918633,0.371323094762099,0.03956853468834206,-0.345252937915759,-0.937675178259057,41.18350721759049,-247.2931089537235,-783.925867922341,823.0368943130892,-0.00298794311859246,0.003028473558519202,-0.001047710924566417,0.00012479027707481887
0.001787500000000001,73,0.001203600520893843,9.83761046971769e-07,-3.743090949360855e-07,0.9818433314792722,0.007514790746381961,-0.0652552691355453,-0.17795772025896997,0.3813968773666874,21.85243139257982,0.38170019871616306,0.03961540950717303,-0.3440034854663164,-0.9381323048038612,42.20911006111289,-251.6927402433719,-799.4665374038195,839.2124813727579,-0.002914682608658179,0.003152591690461886,-0.001062347323048043,0.00011583679190682171
0.001800000000000001,74,0.001203564604598219,1.023997122489702e-06,-3.87801444352813e-07,0.9808256583010497,0.0077300821674164966,-0.06680343401412489,-0.18291685283734244,0.3919722044424747,22.458353000992858,0.392284925564509,0.03966438752834116,-0.3427799650214831,-0.9385779839426622,43.2760803421422,-256.3137955377333,-815.8299321863519,856.2406549352385,-0.002831924691170122,0.003285180392407381,-0.001096428583628368,0.00010679203319331016
0.001812500000000001,75,0.001203529750113506,1.065916857820981e-06,-4.017670218878253e-07,0.9797589751604807,0.007950203737381308,-0.0683778967333735,-0.18797235991320302,0.40276250615746184,23.076591748934394,0.4030848943005202,0.0397151172605764,-0.34158070365276033,-0.9390129564351409,44.36732005316765,-261.0388839500378,-832.5460192120906,873.6375862613057,-0.002744792862855411,0.0034219772605973,-0.001138063821973605,9.765585071986357e-05
0.001825,76,0.001203496044482209,4.482463034181643e-06,-1.579102640688615e-06,0.9793311416076264,0.00813840532332967,-0.06886723951648163,-0.19000417036916842,0.40700274047853824,23.319539279678594,0.4073372434499919,0.04023665245752364,-0.34048281844483197,-0.9393894092137063,37.55867905653797,-84.46658157837248,-329.9405656102324,342.6456400002894,-0.002696450503727517,0.2733236941088529,-0.09418684950406313,9.768889828415893e-05
0.0018375,77,0.001203277642480401,7.829374878542899e-06,-2.729643884359565e-06,0.9789055887016415,0.008327998608605345,-0.06934067558640396,-0.1920061549979292,0.4111770254815035,23.558708192833254,0.41152393553129074,0.04076095978321798,-0.33938436132758926,-0.9397642254543505,37.92870937202802,-82.03012374787225,-325.1616758756376,337.48724961837036,-0.01747216014466204,0.2677529475489004,-0.09204329949367605,9.771754018978135e-05
0.00185,78,0.001203048947545395,1.124612380537049e-05,-3.903405176352981e-06,0.978465059670714,0.008524719205840012,-0.06982303197138633,-0.19405720901932627,0.41545422371988094,23.803773600033075,0.4158141850757259,0.04129942964125536,-0.3382693701237568,-0.9401426436171183,39.33534165336812,-83.74699834619011,-333.2400761142489,345.8464647262053,-0.01829559480051342,0.2733399141462073,-0.09390090335947328,9.774805809367607e-05
0.0018625,79,0.001202809672190461,1.471308127950755e-05,-5.093455015558914e-06,0.9780091903983819,0.00872849728957716,-0.0703138263110904,-0.19615759649032544,0.419834710556586,24.054757007988886,0.42020837597535116,0.04185089207217004,-0.33713665233541124,-0.9405250557453724,40.75029476062159,-85.39121863241105,-341.3724310666777,354.24198429178233,-0.01914202839465542,0.277356597930965,-0.09520398713647463,9.776055824429922e-05
0.001875,80,0.001202564270092991,1.823923168977699e-05,-6.304007723617143e-06,0.9775390391642156,0.00893766151930493,-0.07080992976316508,-0.19830153545397494,0.42430540341254314,24.31090884013452,0.4246933065703049,0.04240794277262957,-0.33598312518818185,-0.9409128046628848,41.93641072022287,-86.49089840427574,-348.5825121643175,361.5924582145769,-0.01963216779763126,0.282092032821555,-0.09684421664465828,9.777688009843623e-05
0.0018875,81,0.001202314847138551,2.183417918077523e-05,-7.537753471022661e-06,0.9770534395124532,0.00915218320845417,-0.07131246890344506,-0.20049275712179512,0.42887447524701916,24.57269737254209,0.4292771497817181,0.04296914402920313,-0.33480926655398086,-0.9413056930089093,43.12794562791599,-87.77487619165153,-356.416499252612,369.59054306628497,-0.01995383635522018,0.2875957992798596,-0.09869965979244151,9.780134165007911e-05
0.0019,82,0.001202059728231191,2.548983085379108e-05,-8.791274104451692e-06,0.9765519473776979,0.009371641736240116,-0.07182259250369726,-0.2027313039716397,0.433543017308174,24.840185129125572,0.43396096737122747,0.043531954977932,-0.33362114678144766,-0.941701597809004,44.2196687104958,-89.23094923251794,-364.2793870531261,377.64667777382,-0.02040951258877126,0.2924521338412675,-0.1002816506743224,9.782539188220123e-05
