step,time_ms,clearance_mm,COM_x_m,COM_y_m,COM_z_m,lateral_COM_displacement_um,orientation_angle_rad,body_X_tilt_rad,body_axis_x,body_axis_y,body_axis_z,omega_magnitude_rad_s,omega_x_rad_s,omega_y_rad_s,omega_z_rad_s,clearance_status,warning_flags,static_pose_status,orphan_count,invalid_donor_count,minimum_cell_volume_m3,q_norm_error,donor_length_ratio_max,tracked_history_gates_valid
1,0.025,0.4894844993418812,0.001206018692811474,0.0,0.0,0.0,3.933183983718015e-08,3.332000937312528e-08,0.9999999999999994,3.988765194701239e-09,3.9088371420879635e-08,0.003146547186974411,0.00014271867404073069,-0.0031270697133857347,0.00031910121836541935,NORMAL,,WITHIN_ANGLE_BOUND,0,0,6.100596812e-17,1.1102230246251565e-16,3.060739819979232,True
2,0.05,0.48948447180239046,0.001206018686555561,-5.903829786817887e-15,-2.075805195936671e-14,2.15812865070525e-08,3.1011995292881346e-07,3.097148193542154e-07,0.999999999999952,1.8464507113292528e-08,3.0923693686776846e-07,0.018523943147553002,0.0008626785493474849,-0.0184848155091342,0.0008389583109686459,NORMAL,,WITHIN_ANGLE_BOUND,0,0,6.100596812e-17,0.0,3.060739819979232,True
3,0.07500000000000001,0.4894844772992135,0.001206018664524745,-5.449562826526752e-14,-2.111707650768816e-13,2.1808912289057826e-07,1.260852517162387e-06,1.259478724546244e-06,0.9999999999992069,1.8504622672164588e-08,1.2593107870438196e-06,0.05759276339566356,0.002751041251780013,-0.05752094994966784,-0.0008357538319966485,NORMAL,,WITHIN_ANGLE_BOUND,0,0,6.100596812e-17,0.0,3.060739819979232,True
4,0.1,0.4894846073193887,0.001206018609857408,-1.613810173292126e-13,-1.000438857170366e-12,1.013371471717336e-06,3.6172274569046167e-06,3.6130015608842276e-06,0.9999999999934731,-1.1667411385985393e-07,3.6111530730689038e-06,0.13116269762807922,0.0064114517239063935,-0.13062532535010105,-0.009978522588399734,NORMAL,,WITHIN_ANGLE_BOUND,0,0,6.100596812e-17,1.1102230246251565e-16,3.060739819979232,True
5,0.125,0.4894850711967887,0.001206018499806037,-3.371931490239505e-13,-3.358010764617467e-12,3.3748978525335362e-06,8.37121007090588e-06,8.36117154164528e-06,0.9999999999650454,-6.715837654380449e-07,8.33415389463169e-06,0.24990919830194622,0.012455668329672397,-0.24721474661367396,-0.03441413632680111,NORMAL,,WITHIN_ANGLE_BOUND,0,0,6.100596812e-17,0.0,3.060739819979232,True
6,0.15,0.48948633726017166,0.001206018306153033,-3.389828323244026e-13,-8.9861569102301e-12,8.992548324912513e-06,1.6782831090148117e-05,1.6762084342871588e-05,0.9999999998595163,-2.1546795021296573e-06,1.6623015458360296e-05,0.42488293441351166,0.02150090920983054,-0.41589422236998824,-0.08423309716643376,NORMAL,,WITHIN_ANGLE_BOUND,0,0,6.100596812e-17,0.0,3.060739819979232,True
7,0.175,0.48948899570875387,0.001206017995459091,3.328510580316818e-13,-1.965361255368744e-11,1.9656430912993675e-05,3.0396116050859655e-05,3.035757875870897e-05,0.9999999995392087,-5.352031575674551e-06,2.988207160003581e-05,0.668134992591258,0.034166373975989005,-0.6448304670606658,-0.17155376989322252,NORMAL,,WITHIN_ANGLE_BOUND,0,0,6.100596812e-17,0.0,3.060739819979232,True
8,0.2,0.48949395164217047,0.001206017529529926,2.57889394663342e-12,-3.691268484252311e-11,3.7002662016014716e-05,5.1058810394985965e-05,5.099279255794375e-05,0.9999999986998676,-1.1374472794833645e-05,4.970801141456166e-05,0.9923702970827123,0.0510705078392039,-0.9412454064280937,-0.31023812570199855,NORMAL,,WITHIN_ANGLE_BOUND,0,0,6.100596812e-17,0.0,3.060739819979232,True
9,0.225,0.4894978019531741,0.001206016865661637,7.623162687176859e-12,-6.339093249777393e-11,6.38476540860547e-05,8.093934340012666e-05,8.083317806329005e-05,0.9999999967329987,-2.1698451686499595e-05,7.786642358141249e-05,1.4110525893200032,0.07282869375982358,-1.3114295668781382,-0.5156722624979382,NORMAL,,WITHIN_ANGLE_BOUND,0,0,6.100596812e-17,0.0,3.060739819979232,True
10,0.2500000000000001,0.48948669599751726,0.001206015957686126,1.683484663750034e-11,-1.03368519725888e-10,0.00010473042982643322,0.00012255532826435826,0.00012239303853211483,0.9999999925099721,-3.8203309065584296e-05,0.00011627795563296433,1.9391820468940764,0.10005095745858336,-1.7614980880147362,-0.8046995108910836,NORMAL,,WITHIN_ANGLE_BOUND,0,0,6.100596812e-17,0.0,3.060739819979232,True
11,0.27500000000000013,0.4894730384470888,0.00120601475594386,3.318953818688787e-11,-1.614838163477404e-10,0.00016485923810114384,0.00017880511251260688,0.00017856714694095574,0.9999999840568871,-6.320345160582764e-05,0.00016700763269871855,2.592713726081638,0.13334039694692587,-2.29688777267452,-1.195278780742155,NORMAL,,WITHIN_ANGLE_BOUND,0,0,6.100596812e-17,1.1102230246251565e-16,3.060739819979232,True
12,0.3000000000000001,0.4894567658922424,0.001206013206124135,6.248190583950725e-11,-2.417663868999648e-10,0.00024970978032908626,0.000252992976023407,0.00025265598400883043,0.999999968082477,-9.947488924436397e-05,0.0002322494166657152,3.3886035151560843,0.17329251344264668,-2.9224797530585174,-1.7063749824337937,NORMAL,,WITHIN_ANGLE_BOUND,0,0,6.100596812e-17,0.0,3.060739819979232,True
13,0.32500000000000007,0.48943788373068964,0.001206011250854138,1.110696474776539e-10,-3.479910420831618e-10,0.00036528650667788865,0.0003488539763234878,0.00034839062465342406,0.9999999393119869,-0.0001502794987296814,0.00031431209774887564,4.344727947361928,0.22049471111664182,-3.642583701481839,-2.357886128857,NORMAL,,WITHIN_ANGLE_BOUND,0,0,6.100596812e-17,0.0,3.060739819979232,True
14,0.3500000000000001,0.48941462945030534,0.001206008832135191,1.830206469330443e-10,-4.853470085900658e-10,0.000518708276347231,0.00047057524061200524,0.00046995406230576533,0.9999998895715917,-0.00021938363310745833,0.00041560513241018524,5.479650285834411,0.2755259804515104,-4.460950648486442,-3.1702637115719203,NORMAL,,WITHIN_ANGLE_BOUND,0,0,6.100596812e-17,0.0,3.060739819979232,True
15,0.3750000000000001,0.4893557219725036,0.001206005888097321,2.822788731865053e-10,-6.594185179527512e-10,0.000717296412974752,0.0006228166596045973,0.0006220019366292798,0.9999998065568017,-0.00031107293407785225,0.0005386278761991819,6.812796050475102,0.3389574807911468,-5.381032127826006,-4.164587745610506,NORMAL,,WITHIN_ANGLE_BOUND,0,0,6.100596812e-17,0.0,3.060739819979232,True
16,0.4000000000000001,0.48925138726990963,0.001206002354502891,4.151274753036714e-10,-8.722394487163387e-10,0.0009659878242757426,0.0008107274480830998,0.0008096791138914404,0.9999996722098842,-0.00043016220488630664,0.0006859596211123231,8.363934012057182,0.41135358280313106,-6.405786858841007,-5.362096148621531,NORMAL,,WITHIN_ANGLE_BOUND,0,0,6.100596812e-17,0.0,3.060739819979232,True
17,0.4250000000000001,0.48912820334281204,0.001205998169434926,5.93184211358282e-10,-1.122405831689707e-09,0.0012695126464969972,0.001039954750800803,0.0010386283026938923,0.9999994606256729,-0.0005820003324944963,0.0008602464626463968,10.15308957387654,0.4932737837118545,-7.537621819328479,-6.784258705138413,NORMAL,,WITHIN_ANGLE_BOUND,0,0,6.100596812e-17,0.0,3.060739819979232,True
18,0.4500000000000002,0.4889553121527221,0.001205993265233572,8.300953388082697e-10,-1.416036476711818e-09,0.0016414071935049008,0.0013166453122767541,0.0013149917218945027,0.9999991353985103,-0.0007724733481193017,0.001064183799255527,12.200135658131263,0.585274489448183,-8.77810350340972,-8.452553621967333,NORMAL,,WITHIN_ANGLE_BOUND,0,0,6.100596812e-17,1.1102230246251565e-16,3.060739819979232,True
19,0.4750000000000002,0.4885954136335134,0.001205987570885985,1.140044833834126e-09,-1.767277226372617e-09,0.0021030860700425864,0.0016474541137628035,0.0016454197440668743,0.9999986462972383,-0.0010080054481041505,0.0013005109409233982,14.52569503227488,0.6879109817859402,-10.129218684812024,-10.38852845628525,NORMAL,,WITHIN_ANGLE_BOUND,0,0,6.100596812e-17,0.0,3.060739819979232,True
20,0.5000000000000001,0.4881711522089444,0.001205981018772974,1.536845149150676e-09,-2.187771975132164e-09,0.0026736191253882166,0.0020395476902229704,0.0020370742107817404,0.9999979251650474,-0.0012955516166497116,0.0015720087814321687,17.14977554012446,0.8017410479458811,-11.592355141367024,-12.613061271757596,NORMAL,,WITHIN_ANGLE_BOUND,0,0,6.100596812e-17,0.0,3.060739819979232,True
21,0.525,0.48767527645850006,0.001205973536954909,2.029817263365654e-09,-2.683205654755442e-09,0.0033644837209249228,0.0025005986373629447,0.0024976229286585642,0.9999968809414745,-0.0016425902292447991,0.001881490010913704,20.092549366923045,0.9273262805228624,-13.168739193336803,-15.147109100074724,NORMAL,,WITHIN_ANGLE_BOUND,0,0,6.100596812e-17,0.0,3.060739819979232,True
22,0.55,0.487100188500682,0.00120596505531723,2.635086482046765e-09,-3.251346386527807e-09,0.004185084717547905,0.0030387936996145054,0.003035247762939754,0.9999953936390452,-0.002057131702350359,0.0022317952079796838,23.37475087874758,1.0652359928034305,-14.859462733399468,-18.01223523602385,NORMAL,,WITHIN_ANGLE_BOUND,0,0,6.100596812e-17,0.0,3.060739819979232,True
23,0.575,0.4864379055515842,0.001205955512684699,3.367912366187272e-09,-3.900143511042505e-09,0.005153052795483868,0.0036628167993647347,0.0036586276412248738,0.999993307229357,-0.0025477030873200476,0.0026257771177176574,27.01515843704007,1.2160496086591168,-16.664506465862228,-21.228147186622138,NORMAL,,WITHIN_ANGLE_BOUND,0,0,6.100596812e-17,0.0,3.0745650945068865,True
24,0.6,0.4856802674149779,0.001205944845407727,4.249339965800919e-09,-4.651565245120236e-09,0.0063003134346287445,0.004381822769334215,0.004376912255817288,0.9999904213348443,-0.0031233081696820848,0.003066298197804269,31.032194025876873,1.380356020035081,-18.584810888647038,-24.813232106093064,NORMAL,,WITHIN_ANGLE_BOUND,0,0,6.100596812e-17,0.0,3.0745650945068865,True
25,0.6249999999999999,0.48481871822847966,0.001205932982612706,5.303934963010478e-09,-5.50718497359487e-09,0.007645967069327076,0.005205435559337953,0.005199720270771757,0.9999864814850113,-0.0037934266708602223,0.003556228524684075,35.44462849920362,1.5587605195248435,-20.62021607815798,-28.78712635848537,NORMAL,,WITHIN_ANGLE_BOUND,0,0,6.100596812e-17,0.0,3.0745650945068865,True
26,0.6499999999999999,0.48384443485939616,0.001205919861671305,6.536991383356202e-09,-6.463005915870436e-09,0.0091925351135935,0.006143749258698002,0.0061371403471195424,0.9999811678132887,-0.0045680208677442175,0.004098439230143874,40.27106308330248,1.7518810110381464,-22.77115500009351,-33.168719220738815,NORMAL,,WITHIN_ANGLE_BOUND,0,0,6.100596812e-17,0.0,3.0745650945068865,True
27,0.6749999999999998,0.48273140927296565,0.001205905425908625,7.96913184165603e-09,-7.521350085744588e-09,0.010958000247400353,0.007207288691950028,0.007199691705118444,0.9999740823316307,-0.005457477131776971,0.004695807531108707,45.52684873900448,1.9603492187793985,-25.03796179270435,-37.97303591117915,NORMAL,,WITHIN_ANGLE_BOUND,0,0,6.100596812e-17,0.0,3.0745650945068865,True
28,0.6999999999999997,0.48146220723491717,0.001205889604137417,9.644457068888846e-09,-8.682773612684126e-09,0.0129771379650046,0.008406936493389644,0.008398251125254714,0.9999647348962918,-0.006472533993117896,0.005351193090982248,51.224619564473024,2.1848106664900104,-27.419182360093714,-43.21315413830041,NORMAL,,WITHIN_ANGLE_BOUND,0,0,6.100596812e-17,0.0,3.0745650945068865,True
29,0.7249999999999998,0.4800190766412073,0.00120587232525132,1.158480632459022e-08,-9.96442984701017e-09,0.015280628251294275,0.0097539394115999,0.009744059281538526,0.9999525270299775,-0.007624302644554987,0.0060674290722225925,57.38067079591276,2.4259357679288054,-29.91452819619727,-48.905799445850164,NORMAL,,WITHIN_ANGLE_BOUND,0,0,6.100596812e-17,1.1102230246251565e-16,3.0745650945068865,True
30,0.7499999999999997,0.47837047273693056,0.001205853536219902,1.379753245894105e-08,-1.138256648886092e-08,0.017886719146586703,0.011259924702623715,0.011248737175918953,0.9999367336230905,-0.008924272134944549,0.006847343867956566,64.00888001642915,2.6843834581829387,-32.52435036914869,-55.06448437488462,NORMAL,,WITHIN_ANGLE_BOUND,0,0,6.100596812e-17,0.0,3.0745650945068865,True
31,0.7749999999999997,0.4765361328516139,0.001205833193845621,1.62965088791775e-08,-1.295023574691077e-08,0.020815494410406796,0.012936826063692109,0.012924212016883622,0.9999164835343972,-0.010384219179235316,0.007693760344799627,71.11928324513151,2.960832634147614,-35.24838568171936,-61.698761950679135,NORMAL,,WITHIN_ANGLE_BOUND,0,0,6.100596812e-17,0.0,3.0745650945068865,True
32,0.7999999999999996,0.474503646088631,0.001205811246714532,1.911533016651599e-08,-1.467278185002998e-08,0.024097435021044986,0.014796798464987725,0.014782632001758366,0.9998907388852735,-0.012016147924634773,0.008609441359068938,78.71929741613201,3.2559600640635376,-38.0827251024553,-68.81738558330657,NORMAL,,WITHIN_ANGLE_BOUND,0,0,6.100596812e-17,1.1102230246251565e-16,3.0745650945068865,True
33,0.8249999999999995,0.47226056621632606,0.00120578765040033,2.232789992844146e-08,-1.655857464633271e-08,0.027797868794795556,0.016852170535672135,0.016836318720989202,0.9998582725338683,-0.013832252122557957,0.00959706448904464,86.81529443829747,3.570408183200309,-41.025196788730625,-76.42696358131433,NORMAL,,WITHIN_ANGLE_BOUND,0,0,6.100596812e-17,0.0,3.092991089609444,True
34,0.8499999999999995,0.4697944077687797,0.001205762363416008,2.598176559560515e-08,-1.861441273143339e-08,0.03196167243435676,0.019115431738470096,0.019097754372775385,0.9998176434315478,-0.015844861824351436,0.010659279373086743,95.41315094912828,3.904792758587238,-44.07660781277576,-84.53209219741565,NORMAL,,WITHIN_ANGLE_BOUND,0,0,6.100596812e-17,0.0,3.092991089609444,True
35,0.8749999999999994,0.4670926639749707,0.001205735325857059,3.006884816586849e-08,-2.083093646800155e-08,0.036579550901507385,0.021599154024892507,0.021579503400667978,0.999767171551899,-0.018066364788322752,0.011798692743305542,104.51301021373877,4.259705619075553,-47.23373526968957,-93.13322964682779,NORMAL,,WITHIN_ANGLE_BOUND,0,0,6.100596812e-17,0.0,3.0745650945068865,True
36,0.8999999999999995,0.4641430918078164,0.001205706500061043,3.459570370992497e-08,-2.321661852642912e-08,0.04166382232808997,0.024315863068796968,0.024294083707910537,0.9997049132622358,-0.02050909760450089,0.013017807603236686,114.11066724869634,4.635638034538338,-50.49268263592766,-102.22643611210817,NORMAL,,WITHIN_ANGLE_BOUND,0,0,6.100596812e-17,0.0,3.0745650945068865,True
37,0.9249999999999994,0.4609337982510581,0.0012056758767626,3.961410259548196e-08,-2.578277187700767e-08,0.04726551015388693,0.027277960259464357,0.02725388868268411,0.9996286357633452,-0.02318525681115233,0.01431902330868042,124.1999113553183,5.033019001826024,-53.85041397737944,-111.8052754339483,NORMAL,,WITHIN_ANGLE_BOUND,0,0,6.100596812e-17,1.1102230246251565e-16,2.914053397229937,True
38,0.9499999999999994,0.4574532335460557,0.001205643460535449,4.517051033530124e-08,-2.858741534153537e-08,0.053456667683844716,0.030497690997783673,0.03047115557487522,0.9995357902585265,-0.026106871144126437,0.01570462579392646,134.77424068073418,5.452193462267596,-57.30245066620215,-121.8638530704078,NORMAL,,WITHIN_ANGLE_BOUND,0,0,6.100596812e-17,0.0,2.914053397229937,True
39,0.9749999999999993,0.4536902808347231,0.001205609242533233,5.129196186483778e-08,-3.165301866448459e-08,0.06027253887566197,0.03398703521880464,0.033957856078717194,0.9994234874082477,-0.029285702056949414,0.017176742175621658,145.81882383577093,5.893327840066919,-60.84234136557413,-132.38809451371387,NORMAL,,WITHIN_ANGLE_BOUND,0,0,6.100596812e-17,0.0,2.914053397229937,True
40,0.9999999999999993,0.44963453003460224,0.00120557318145819,5.800929740693038e-08,-3.492813293062721e-08,0.06771301983861941,0.03775750929613522,0.0377254982384311,0.9992884777846549,-0.03273303439788301,0.018737305727732356,157.31100764559793,6.356386328825224,-64.46303384938061,-143.35573496112983,NORMAL,,WITHIN_ANGLE_BOUND,0,0,6.100596812e-17,0.0,2.914053397229937,True
41,1.024999999999999,0.44527622405248257,0.001205535254736429,6.532970712588867e-08,-3.842759277950661e-08,0.0757934728059216,0.041820189441681706,0.04178514982280865,0.9991271276410678,-0.036459677475527426,0.020388102660370132,169.23781135394057,6.841602176798662,-68.16208065860523,-154.75322300946172,NORMAL,,WITHIN_ANGLE_BOUND,0,0,6.100596812e-17,1.1102230246251565e-16,2.914053397229937,True
42,1.05,0.44060601686819567,0.001205495480737011,7.329771870003445e-08,-4.216048244900323e-08,0.08455803833440136,0.04618604680748396,0.0461477731840273,0.9989353804711821,-0.04047629381643414,0.022130867171901266,181.6040706585772,7.350112084787656,-71.94037254989584,-166.58510476476806,NORMAL,,WITHIN_ANGLE_BOUND,0,0,6.100596812e-17,0.0,2.9073593724241054,True
43,1.075,0.4356145159514722,0.001205453914409516,8.201455151661806e-08,-4.614474544569153e-08,0.09410485743424547,0.0508663062141414,0.050824583696331846,0.9987087088472557,-0.04479375720467024,0.02396735671985126,194.42610321764099,7.88351631996285,-75.80189519993607,-178.86708044502646,NORMAL,,WITHIN_ANGLE_BOUND,0,0,6.100596812e-17,0.0,2.9073593724241054,True
44,1.1,0.4302920330702305,0.001205410594529169,9.148033356989658e-08,-5.042090508052432e-08,0.10445534500062113,0.05587269587255001,0.055827299451986764,0.9984420610150752,-0.04942336265572861,0.025899459835475064,207.72844615271347,8.443459156141891,-79.75662245734597,-191.62123189431728,NORMAL,,WITHIN_ANGLE_BOUND,0,0,6.100596812e-17,0.0,2.9073593724241054,True
45,1.125,0.42462861287195863,0.001205365500737821,1.016767393574298e-07,-5.49500536450724e-08,0.11557537679780693,0.06121747377291456,0.061168167614720576,0.9981298108607924,-0.05437681764423729,0.02792923869144939,221.5290470926621,9.031600088911562,-83.81245184095329,-204.8634223623748,NORMAL,,WITHIN_ANGLE_BOUND,0,0,6.100596812e-17,1.1102230246251565e-16,2.9217082466379534,True
46,1.15,0.4186142132152902,0.001205318626301079,1.127313060769897e-07,-5.971586648554286e-08,0.12757089040977615,0.06691333141300367,0.0668598680151229,0.997765711528071,-0.05966615162417515,0.030058863073028685,235.84479138232902,9.649748842483142,-87.9746389186831,-218.60949402205435,NORMAL,,WITHIN_ANGLE_BOUND,0,0,6.100596812e-17,0.0,2.9217082466379534,True
47,1.175,0.4122386757454941,0.00120526998709031,1.247055257533764e-07,-6.48046155931128e-08,0.14053862940699666,0.07297348574994282,0.07291560509855077,0.9973428348555247,-0.0653038237535599,0.03229056155457484,250.70147451974975,10.29999263386939,-92.24782737641212,-232.885117219737,NORMAL,,WITHIN_ANGLE_BOUND,0,0,6.100596812e-17,0.0,2.9217082466379534,True
48,1.2,0.4054355579656032,0.001205219580800504,1.37627497149485e-07,-7.022170113589596e-08,0.1545070072263734,0.07941167297695662,0.07934910173632655,0.9968535114777338,-0.07130267622107807,0.034626651848303214,266.11498268602077,10.98395631361516,-96.64041959161048,-247.70378683992539,NORMAL,,WITHIN_ANGLE_BOUND,0,0,6.100596812e-17,1.1102230246251565e-16,2.873017488635641,True
49,1.2249999999999999,0.39821618317466084,0.001205167410071454,1.515981490421468e-07,-7.591735326154501e-08,0.1695448121271871,0.08624210310596683,0.08617455363301747,0.9962892703457682,-0.07767585061895016,0.037069556573011885,282.1071318887738,11.703914995697609,-101.15914911392397,-263.0860672609448,NORMAL,,WITHIN_ANGLE_BOUND,0,0,6.100596812e-17,0.0,2.869542609024742,True
50,1.25,0.39059419910551735,0.001205113449714466,1.665902531403733e-07,-8.197614388558948e-08,0.18566744627889006,0.09347955526381393,0.09340672468452875,0.9956407627369788,-0.0844368692923604,0.03962179552509289,298.7016462433792,12.46164010661223,-105.81272970655746,-279.0538428805543,NORMAL,,WITHIN_ANGLE_BOUND,0,0,6.100596812e-17,0.0,2.875558418562056,True
51,1.2750000000000001,0.3825588246460897,0.001205057648229984,1.826297078348328e-07,-8.844402174954884e-08,0.20291859246276833,0.1011392828306939,0.10106085198517688,0.9948976969274128,-0.09159951199850547,0.042285955708317544,315.91258683398456,13.259440890616338,-110.60653458141148,-295.6199321008296,NORMAL,,WITHIN_ANGLE_BOUND,0,0,6.100596812e-17,0.0,2.9229321324186337,True
52,1.3,0.3740995625522908,0.001205000051589141,1.999709077454997e-07,-9.529205189149304e-08,0.22151509902995362,0.10923700357097173,0.10915263583695123,0.994048763300423,-0.09917780475980197,0.045064611658444526,333.7632999524179,14.099603484485382,-115.54407331344899,-312.80778235019073,NORMAL,,WITHIN_ANGLE_BOUND,0,0,6.100596812e-17,1.1102230246251565e-16,2.823850519788488,True
53,1.325,0.3652061984905589,0.001204940757954568,2.188000086388274e-07,-1.026053896780946e-07,0.24166362939289104,0.1177889699448357,0.11769831019744009,0.9930815461396387,-0.10718602581076205,0.04796038560936832,352.2730732046239,14.984025055627525,-120.63682839305781,-330.6335626239819,NORMAL,,WITHIN_ANGLE_BOUND,0,0,6.100596812e-17,0.0,2.8276572498794605,True
54,1.35,0.35586824898679575,0.001204879749836553,2.390400708405512e-07,-1.10402919862429e-07,0.26330393119284345,0.12681203915411157,0.1267147124970283,0.9919824273619361,-0.1156387359131465,0.05097594100682188,371.4709853333466,15.91571340122446,-125.88932837972398,-349.1264241096046,NORMAL,,WITHIN_ANGLE_BOUND,0,0,6.100596812e-17,0.0,2.8325919209175003,True
55,1.375,0.34607578029086505,0.001204816955853909,2.60564095317112e-07,-1.185599194598023e-07,0.2862692827928624,0.1363235314294085,0.13621914195163423,0.9907365101590122,-0.1245506161267711,0.05411387493409734,391.3651466334891,16.89636286755222,-131.3060237376233,-368.29325143357585,NORMAL,,WITHIN_ANGLE_BOUND,0,0,6.100596812e-17,0.0,2.880262777832873,True
56,1.4,0.3358193243622725,0.001204752391365873,2.834683996111427e-07,-1.272048536594996e-07,0.3107014779054602,0.1463413739068574,0.14622950350290767,0.9893275040611939,-0.1339364909272672,0.057376877800545546,411.995365011315,17.92835762992018,-136.9060829613986,-388.16939502189894,NORMAL,,WITHIN_ANGLE_BOUND,0,0,6.100596812e-17,0.0,2.8715991302661226,True
57,1.425,0.32508988852668597,0.001204686187256784,3.079792365448039e-07,-1.365715205887827e-07,0.33690204864122236,0.15688443083012224,0.15676463787486256,0.9877375676380041,-0.14381162464749228,0.06076770600251485,433.3969576600055,19.01495542594189,-142.69406506928337,-408.79060431118177,NORMAL,,WITHIN_ANGLE_BOUND,0,0,6.100596812e-17,0.0,2.7719178783609193,True
58,1.450000000000001,0.31387911736370516,0.00120461841846258,3.343603275932528e-07,-1.465743920121079e-07,0.36507654137452655,0.16797193547179848,0.16784375342110558,0.9859472743005838,-0.15419112019905748,0.06428896290195876,455.56413039784076,20.15742806221509,-148.6736492451018,-430.14939383800356,NORMAL,,WITHIN_ANGLE_BOUND,0,0,6.100596812e-17,0.0,3.0827571715510818,True
59,1.475000000000001,0.302180040576625,0.001204549054288044,3.629389022864372e-07,-1.571290712541486e-07,0.3954923410460376,0.17962336282986444,0.17948629851166423,0.9839355307295324,-0.16508968390595682,0.06794312059233693,478.5215339475054,21.358774156587643,-154.85361917097126,-452.26874515895224,NORMAL,,WITHIN_ANGLE_BOUND,0,0,6.100596812e-17,1.1102230246251565e-16,3.0827571715510818,True
60,1.5000000000000009,0.28998585288514267,0.001204478134135361,3.9378928773409e-07,-1.683686593111596e-07,0.42827328725051167,0.19185917946177333,0.19171271147989727,0.9816793341821616,-0.1765223124459603,0.07173254525247887,502.3245161602298,22.622751751201815,-161.2429692334403,-475.2039935770703,NORMAL,,WITHIN_ANGLE_BOUND,0,0,6.100596812e-17,1.1102230246251565e-16,2.9553746759947845,True
61,1.525000000000001,0.2772911316726028,0.001204405776762981,4.268975450132226e-07,-1.803652728022495e-07,0.46343623679136947,0.2047001968610485,0.20454377400693388,0.9791537552540358,-0.1885035509358484,0.07565933423243987,526.9453352264156,23.95024766642103,-167.84015618672456,-498.92630109547497,NORMAL,,WITHIN_ANGLE_BOUND,0,0,6.100596812e-17,1.1102230246251565e-16,2.913464543077829,True
62,1.550000000000001,0.2640925042665291,0.001204332030115378,4.624952507616753e-07,-1.931499264260512e-07,0.5012072934979038,0.2181671854246937,0.21800022490930582,0.9763319078487234,-0.2010469340325322,0.0797253788488374,552.4073114194399,25.342606783994476,-174.66221508207803,-523.4545831432445,NORMAL,,WITHIN_ANGLE_BOUND,0,0,6.100596812e-17,0.0,2.913464543077829,True
63,1.575000000000001,0.2503877488454756,0.001204256907545138,5.008811239072575e-07,-2.068229972196163e-07,0.5419018845376927,0.23228193087101567,0.23210381673199756,0.9731846176858796,-0.21416588967050998,0.08393254196810239,578.7680732779667,26.803082274445458,-181.7264396596357,-548.8438562606963,NORMAL,,WITHIN_ANGLE_BOUND,0,0,6.100596812e-17,0.0,2.893497693579668,True
64,1.600000000000001,0.23617584213465162,0.001204180561437404,5.423458677480974e-07,-2.214240607913479e-07,0.5858051339487964,0.2470671900229058,0.24687727112500593,0.9696802718026621,-0.2278736368621904,0.08828236573582483,606.0485045880318,28.33559346766,-189.03102201918534,-575.1166462297953,CLEARANCE_WARNING,CLEARANCE_WARNING,WITHIN_ANGLE_BOUND,0,0,6.100596812e-17,0.0,2.991992817356121,True
65,1.625000000000001,0.22145813661837202,0.001204103225334694,5.870588722639899e-07,-2.371273871385164e-07,0.6331409931721429,0.2625460798275936,0.2623436673693736,0.9657848133043384,-0.24218248326477762,0.09277574677904817,634.2575383373826,29.94389728125,-196.57152247571452,-602.283674446673,CLEARANCE_WARNING,CLEARANCE_WARNING,WITHIN_ANGLE_BOUND,0,0,6.100596812e-17,0.0,3.09923981672453,True
66,1.650000000000001,0.20623846518702868,0.001204025264578518,6.352064174461815e-07,-2.541790199276618e-07,0.6841740764865323,0.2787417813894425,0.2785261474027267,0.9614617018316625,-0.25710323289398673,0.09741315900033189,663.3904883261082,31.625033151963127,-204.36796485224156,-630.3336673713712,CLEARANCE_WARNING,CLEARANCE_WARNING,WITHIN_ANGLE_BOUND,0,0,6.100596812e-17,0.0,2.9407672855051032,True
67,1.675000000000001,0.1905231225164939,0.001203947058095628,6.872397039958507e-07,-2.724683436351195e-07,0.739281684496221,0.2956782668422149,0.2954486421655625,0.956671607876948,-0.27264563130315017,0.10219488447785276,693.5143298092603,33.38412343510733,-212.44108377228966,-659.3302752634008,CLEARANCE_WARNING,CLEARANCE_WARNING,WITHIN_ANGLE_BOUND,0,0,6.100596812e-17,0.0,2.8710292528260295,True
68,1.700000000000001,0.1743213130551712,0.001203868787155496,7.438402272495431e-07,-2.918473256246323e-07,0.7990451458765657,0.31338022604249804,0.31313579771608874,0.9513722870256279,-0.2888182154349494,0.10712053917245419,724.6202996823883,35.22299611837951,-220.77932829014009,-689.2680229460768,CLEARANCE_WARNING,CLEARANCE_WARNING,WITHIN_ANGLE_BOUND,0,0,6.100596812e-17,0.0,2.994545004798902,True
69,1.725000000000001,0.15764570592114413,0.001203790759030964,8.055371721415333e-07,-3.126569797558516e-07,0.8640859463570908,0.331872670178005,0.33161258007379923,0.9455185683733716,-0.3056275939960689,0.112189173494344,756.742227015731,37.139030575148105,-229.41666893541776,-720.1718423898864,CLEARANCE_WARNING,CLEARANCE_WARNING,WITHIN_ANGLE_BOUND,0,0,6.100596812e-17,0.0,2.954858162211597,True
70,1.7500000000000009,0.14051206422899984,0.001203713388222422,8.724861369932643e-07,-3.356690108892919e-07,0.934829259339279,0.35118130908112233,0.3509046512021511,0.9390621255875861,-0.32307852411504345,0.11739928254708439,789.9017562683622,39.13734668232958,-238.3510307135471,-752.0650495856725,CLEARANCE_CRITICAL_WARNING,CLEARANCE_WARNING;CLEARANCE_CRITICAL_WARNING,STATIC_POSE_ENVELOPE_EXCEEDED,0,0,6.100596812e-17,0.0,2.851046313678106,True
71,1.775000000000001,0.12294104081056104,0.001203637268370002,9.451244617270377e-07,-3.613079098734779e-07,1.0118318308355219,0.37133147804239297,0.3710372942513666,0.9319517424820715,-0.34117283852592073,0.12274788770808602,824.048990080866,41.22274301624678,-247.54925286651542,-784.9055936332354,CLEARANCE_CRITICAL_WARNING,CLEARANCE_WARNING;CLEARANCE_CRITICAL_WARNING,STATIC_POSE_ENVELOPE_EXCEEDED,0,0,6.100596812e-17,0.0,2.8327003704721436,True
72,1.800000000000001,0.10495915844157146,0.001203563385993184,1.024403568508887e-06,-3.890788079852901e-07,1.0958033537076788,0.3923473340878853,0.3920346124145113,0.9241336099235842,-0.35990824211744593,0.12823076177553727,859.1388792131964,43.384832159888525,-257.0306709766522,-818.6407052495359,CLEARANCE_CRITICAL_WARNING,CLEARANCE_WARNING;CLEARANCE_CRITICAL_WARNING,STATIC_POSE_ENVELOPE_EXCEEDED,0,0,6.100596812e-17,0.0,2.9762999895410682,True
73,1.825000000000002,0.08659843620561958,0.001203492883701659,1.111024063180122e-06,-4.1851765169347e-07,1.1872369155919489,0.41425227885927707,0.41391995132947823,0.9155512514143609,-0.37927826503359996,0.13384283210803702,895.1541376399007,45.623668671888815,-266.8027964946249,-853.2500681355963,PHYSICAL_CLEARANCE_HARD_STOP,CLEARANCE_WARNING;CLEARANCE_CRITICAL_WARNING;PHYSICAL_CLEARANCE_HARD_STOP,STATIC_POSE_ENVELOPE_EXCEEDED,0,0,6.100596812e-17,0.0,3.0050033239073866,False
