callback_index,CURRENT_TIME,timestep_index,moving_body,contact_face_count,action,overwrite_called,normal_velocity_before,impulse_N_s,normal_velocity_after,contact_point_json,normal_json,completed_state_json,next_start_json
1,0.0018125000000000005,80,True,56,APPLIED,True,-0.7447137325870665,2.5145866493243304e-06,-1.6306400674181987e-16,"[0.002053660995621051, -0.0008467831879323849, 0.00029492951497177587]","[-0.0002208789306834097, 0.945951012895734, -0.32430947012696487]","{""com"": [0.001203514995691443, 2.756838684178801e-06, -9.807492519100128e-07], ""q"": [0.979553493545662, 0.008053366064556823, -0.06861874898701749, -0.1889485746571684], ""velocity"": [-0.00269760806244684, 0.2706251839240358, -0.0927443028254267], ""omega"": [40.12870420921583, -86.0817495346954, -326.0808491805976], ""native_orientation_angle_axis"": {""angle"": 0.4051327237200399, ""axis"": [0.040029877609203124, -0.34107478806107117, -0.9391834740069097]}}","{""time_s"": 0.00181875, ""native_state"": {""com"": [0.001203514995691443, 2.756838684178801e-06, -9.807492519100128e-07], ""q"": [0.979553493545662, 0.008053366064556823, -0.06861874898701749, -0.1889485746571684], ""velocity"": [-0.00269760806244684, 0.2706251839240358, -0.0927443028254267], ""omega"": [40.12870420921583, -86.0817495346954, -326.0808491805976], ""native_orientation_angle_axis"": {""angle"": 0.4051327237200399, ""axis"": [0.040029877609203124, -0.34107478806107117, -0.9391834740069097]}}}"
2,0.0018187500000000005,81,True,59,APPLIED,True,-0.08468606091319085,2.8673375166585183e-07,2.0816681711721685e-17,"[0.0020518167084269947, -0.0008474753987940135, 0.00029315874791055257]","[-0.0003674497370650251, 0.9470712673843855, -0.32102317591666873]","{""com"": [0.001203420765961184, 4.405674562332785e-06, -1.54604735889294e-06], ""q"": [0.9793459031827776, 0.008157104955150282, -0.06885776281394902, -0.1899307033054903], ""velocity"": [-0.01507675684133268, 0.2638137405046374, -0.09044769711726831], ""omega"": [40.16663476866831, -83.22026905122316, -318.7449802433459], ""native_orientation_angle_axis"": {""angle"": 0.40719125383022664, ""axis"": [0.040343362986405146, -0.3405563291031305, -0.9393581850235551]}}","{""time_s"": 0.001825, ""native_state"": {""com"": [0.001203420765961184, 4.405674562332785e-06, -1.54604735889294e-06], ""q"": [0.9793459031827776, 0.008157104955150282, -0.06885776281394902, -0.1899307033054903], ""velocity"": [-0.01507675684133268, 0.2638137405046374, -0.09044769711726831], ""omega"": [40.16663476866831, -83.22026905122316, -318.7449802433459], ""native_orientation_angle_axis"": {""angle"": 0.40719125383022664, ""axis"": [0.040343362986405146, -0.3405563291031305, -0.9393581850235551]}}}"
3,0.0018250000000000004,82,True,55,APPLIED,True,-0.019888398190132772,6.753374182144395e-08,-4.5102810375396984e-17,"[0.0020494565566582315, -0.0008478105366603149, 0.0002919494083345249]","[-6.013411356671326e-05, 0.9477135822561541, -0.3191221747091482]","{""com"": [0.001203317082260607, 6.069474894687409e-06, -2.115553091422797e-06], ""q"": [0.9791349590093027, 0.00826189635899522, -0.06909845140440128, -0.19092374689366962], ""velocity"": [-0.01658939209245947, 0.26620805317674, -0.09112091720477722], ""omega"": [40.64395381745885, -83.85450276704036, -322.3506400186487], ""native_orientation_angle_axis"": {""angle"": 0.40927258160204, ""axis"": [0.04065672727234741, -0.3400329381560957, -0.9395342630774222]}}","{""time_s"": 0.00183125, ""native_state"": {""com"": [0.001203317082260607, 6.069474894687409e-06, -2.115553091422797e-06], ""q"": [0.9791349590093027, 0.00826189635899522, -0.06909845140440128, -0.19092374689366962], ""velocity"": [-0.01658939209245947, 0.26620805317674, -0.09112091720477722], ""omega"": [40.64395381745885, -83.85450276704036, -322.3506400186487], ""native_orientation_angle_axis"": {""angle"": 0.40927258160204, ""axis"": [0.04065672727234741, -0.3400329381560957, -0.9395342630774222]}}}"
4,0.0018312500000000004,83,True,58,APPLIED,True,-0.018387225966472753,6.250539516186013e-08,6.938893903907228e-18,"[0.0020485910350627797, -0.0008492866343586221, 0.00028700229136250114]","[-5.700840557492069e-05, 0.9490425142304652, -0.3151480650950586]","{""com"": [0.001203204908515216, 7.745369331651645e-06, -2.688729051571349e-06], ""q"": [0.9789212430443223, 0.008368380723140605, -0.06934008537154157, -0.1919247839162488], ""velocity"": [-0.01794779926244314, 0.2681431099142775, -0.09170815362376836], ""omega"": [41.30071436442348, -84.29429934358512, -324.9895795702294], ""native_orientation_angle_axis"": {""angle"": 0.41137066864774813, ""axis"": [0.04097365222811849, -0.3395061287813081, -0.9397109919241229]}}","{""time_s"": 0.0018375, ""native_state"": {""com"": [0.001203204908515216, 7.745369331651645e-06, -2.688729051571349e-06], ""q"": [0.9789212430443223, 0.008368380723140605, -0.06934008537154157, -0.1919247839162488], ""velocity"": [-0.01794779926244314, 0.2681431099142775, -0.09170815362376836], ""omega"": [41.30071436442348, -84.29429934358512, -324.9895795702294], ""native_orientation_angle_axis"": {""angle"": 0.41137066864774813, ""axis"": [0.04097365222811849, -0.3395061287813081, -0.9397109919241229]}}}"
5,0.0018375000000000004,84,True,60,APPLIED,True,-0.011140289719678828,3.803013645992637e-08,-3.122502256758253e-17,"[0.0020453115145739687, -0.0008504164650635541, 0.0002844412385791675]","[0.00022495682820320898, 0.9487296373967238, -0.31608863396127734]","{""com"": [0.001203090355620121, 9.434793678426308e-06, -3.266488845383055e-06], ""q"": [0.9787038128598801, 0.008476911113336736, -0.06958390648434515, -0.19293799167060743], ""velocity"": [-0.0183284632151798, 0.2703078954839461, -0.09244156700987295], ""omega"": [42.08731710121043, -85.15491475550685, -328.9906921966455], ""native_orientation_angle_axis"": {""angle"": 0.413494447794904, ""axis"": [0.04129488934591585, -0.3389748553581942, -0.9398887059374635]}}","{""time_s"": 0.00184375, ""native_state"": {""com"": [0.001203090355620121, 9.434793678426308e-06, -3.266488845383055e-06], ""q"": [0.9787038128598801, 0.008476911113336736, -0.06958390648434515, -0.19293799167060743], ""velocity"": [-0.0183284632151798, 0.2703078954839461, -0.09244156700987295], ""omega"": [42.08731710121043, -85.15491475550685, -328.9906921966455], ""native_orientation_angle_axis"": {""angle"": 0.413494447794904, ""axis"": [0.04129488934591585, -0.3389748553581942, -0.9398887059374635]}}}"
6,0.0018437500000000003,85,True,64,APPLIED,True,-0.010575817965845696,3.6255450934066893e-08,-6.245004513516506e-17,"[0.0020423317108610468, -0.0008506889458821428, 0.0002837005306512195]","[0.00021126472365309016, 0.9490174854902913, -0.3152233614453427]","{""com"": [0.001202973815471812, 1.113835141004391e-05, -3.848890698327108e-06], ""q"": [0.9784826921685776, 0.008587452070982137, -0.06982984438311929, -0.19396306253225212], ""velocity"": [-0.01864642372949194, 0.2725692370588155, -0.0931842964710485], ""omega"": [42.86047169682011, -85.99199009799185, -332.8948698100378], ""native_orientation_angle_axis"": {""angle"": 0.4156433032935001, ""axis"": [0.04162020662431014, -0.3384394495300459, -0.9400672834443017]}}","{""time_s"": 0.00185, ""native_state"": {""com"": [0.001202973815471812, 1.113835141004391e-05, -3.848890698327108e-06], ""q"": [0.9784826921685776, 0.008587452070982137, -0.06982984438311929, -0.19396306253225212], ""velocity"": [-0.01864642372949194, 0.2725692370588155, -0.0931842964710485], ""omega"": [42.86047169682011, -85.99199009799185, -332.8948698100378], ""native_orientation_angle_axis"": {""angle"": 0.4156433032935001, ""axis"": [0.04162020662431014, -0.3384394495300459, -0.9400672834443017]}}}"
7,0.0018500000000000003,86,True,63,APPLIED,True,-0.009173413686569112,3.1624082885311947e-08,-7.28583859910259e-17,"[0.0020386113215027863, -0.0008492427330841604, 0.0002874232963831508]","[1.4348246319009274e-05, 0.9476758977378004, -0.3192340718673087]","{""com"": [0.001202855892638623, 1.285530342918567e-05, -4.435792001551164e-06], ""q"": [0.9782575873897027, 0.008699687622140984, -0.070078189826924, -0.19500116784352078], ""velocity"": [-0.0188676533101853, 0.2747123230626816, -0.09390420851584888], ""omega"": [43.54385200684649, -86.90421637642066, -337.1921813609418], ""native_orientation_angle_axis"": {""angle"": 0.41781968736821223, ""axis"": [0.04194772113046616, -0.3378995306344391, -0.9402469334642823]}}","{""time_s"": 0.00185625, ""native_state"": {""com"": [0.001202855892638623, 1.285530342918567e-05, -4.435792001551164e-06], ""q"": [0.9782575873897027, 0.008699687622140984, -0.070078189826924, -0.19500116784352078], ""velocity"": [-0.0188676533101853, 0.2747123230626816, -0.09390420851584888], ""omega"": [43.54385200684649, -86.90421637642066, -337.1921813609418], ""native_orientation_angle_axis"": {""angle"": 0.41781968736821223, ""axis"": [0.04194772113046616, -0.3378995306344391, -0.9402469334642823]}}}"
8,0.0018562500000000003,87,True,61,APPLIED,True,-0.009836516922633595,3.395127079562817e-08,-1.734723475976807e-17,"[0.0020376764518757117, -0.0008484315253121606, 0.00029009992731704486]","[1.4796836075792309e-05, 0.946866856733518, -0.3216258002720571]","{""com"": [0.001202736630916389, 1.458839384632465e-05, -5.028164923614262e-06], ""q"": [0.978028923086353, 0.008813439811658353, -0.07032810904937442, -0.19605026386815752], ""velocity"": [-0.01908187555754455, 0.2772944667422372, -0.09477966753009566], ""omega"": [44.17679643686502, -87.54074053021353, -340.8252293989777], ""native_orientation_angle_axis"": {""angle"": 0.4200191076860481, ""axis"": [0.042276930886355826, -0.3373548431924952, -0.9404277595272256]}}","{""time_s"": 0.0018625, ""native_state"": {""com"": [0.001202736630916389, 1.458839384632465e-05, -5.028164923614262e-06], ""q"": [0.978028923086353, 0.008813439811658353, -0.07032810904937442, -0.19605026386815752], ""velocity"": [-0.01908187555754455, 0.2772944667422372, -0.09477966753009566], ""omega"": [44.17679643686502, -87.54074053021353, -340.8252293989777], ""native_orientation_angle_axis"": {""angle"": 0.4200191076860481, ""axis"": [0.042276930886355826, -0.3373548431924952, -0.9404277595272256]}}}"
9,0.0018625000000000002,88,True,58,APPLIED,True,-0.009364608742759305,3.23938470909139e-08,6.938893903907228e-18,"[0.002036054682890246, -0.0008474502101470166, 0.0002930957438229806]","[1.5498837120799437e-05, 0.9455883221664569, -0.32536552482125514]","{""com"": [0.001202615911589049, 1.633690453956422e-05, -5.625855091166293e-06], ""q"": [0.9777964982330966, 0.008928565429819258, -0.07057973268029676, -0.19711111104460144], ""velocity"": [-0.01931509237439868, 0.2797617109183317, -0.09563042680832497], ""omega"": [44.77477528518474, -88.21182143480166, -344.7128011335253], ""native_orientation_angle_axis"": {""angle"": 0.42224313072612313, ""axis"": [0.042606920614331016, -0.33680495382235026, -0.940609947532179]}}","{""time_s"": 0.00186875, ""native_state"": {""com"": [0.001202615911589049, 1.633690453956422e-05, -5.625855091166293e-06], ""q"": [0.9777964982330966, 0.008928565429819258, -0.07057973268029676, -0.19711111104460144], ""velocity"": [-0.01931509237439868, 0.2797617109183317, -0.09563042680832497], ""omega"": [44.77477528518474, -88.21182143480166, -344.7128011335253], ""native_orientation_angle_axis"": {""angle"": 0.42224313072612313, ""axis"": [0.042606920614331016, -0.33680495382235026, -0.940609947532179]}}}"
10,0.0018687500000000002,89,True,62,APPLIED,True,-0.009476339122543764,3.284084414596224e-08,0,"[0.00203466936161972, -0.0008472000997041548, 0.00029328349369081303]","[1.4494651076317567e-05, 0.9459947143527581, -0.3241820479399636]","{""com"": [0.001202493719032186, 1.81016574079657e-05, -6.22909449867052e-06], ""q"": [0.977560384689403, 0.009044909829080749, -0.07083288868428968, -0.19818321264105393], ""velocity"": [-0.01955080909803187, 0.2823604589442363, -0.09651830520067627], ""omega"": [45.32419665964441, -88.81932444774304, -348.4437714681161], ""native_orientation_angle_axis"": {""angle"": 0.4244906959581648, ""axis"": [0.04293699644845718, -0.33625006189590806, -0.9407934471556354]}}","{""time_s"": 0.001875, ""native_state"": {""com"": [0.001202493719032186, 1.81016574079657e-05, -6.22909449867052e-06], ""q"": [0.977560384689403, 0.009044909829080749, -0.07083288868428968, -0.19818321264105393], ""velocity"": [-0.01955080909803187, 0.2823604589442363, -0.09651830520067627], ""omega"": [45.32419665964441, -88.81932444774304, -348.4437714681161], ""native_orientation_angle_axis"": {""angle"": 0.4244906959581648, ""axis"": [0.04293699644845718, -0.33625006189590806, -0.9407934471556354]}}}"
11,0.0018750000000000001,90,True,60,APPLIED,True,-0.009369525361417268,3.251932708369601e-08,-4.85722573273506e-17,"[0.0020335311985877455, -0.0008479660189318299, 0.00029117142026094427]","[1.4967472647977144e-05, 0.9465630325042065, -0.3225188758389427]","{""com"": [0.001202370041420818, 1.988271419352113e-05, -6.837847693605146e-06], ""q"": [0.9773205382710481, 0.009162604891364395, -0.07108761597373903, -0.19926656267513562], ""velocity"": [-0.01978841781882801, 0.2849690856888687, -0.09740051118954014], ""omega"": [45.91282902801187, -89.44856477675332, -352.1731693400288], ""native_orientation_angle_axis"": {""angle"": 0.42676185706263026, ""axis"": [0.04326772385435379, -0.33569049128321354, -0.9409781071494161]}}","{""time_s"": 0.00188125, ""native_state"": {""com"": [0.001202370041420818, 1.988271419352113e-05, -6.837847693605146e-06], ""q"": [0.9773205382710481, 0.009162604891364395, -0.07108761597373903, -0.19926656267513562], ""velocity"": [-0.01978841781882801, 0.2849690856888687, -0.09740051118954014], ""omega"": [45.91282902801187, -89.44856477675332, -352.1731693400288], ""native_orientation_angle_axis"": {""angle"": 0.42676185706263026, ""axis"": [0.04326772385435379, -0.33569049128321354, -0.9409781071494161]}}}"
12,0.0018812500000000001,91,True,60,APPLIED,True,-0.00901229142768166,3.137654941508442e-08,6.938893903907228e-17,"[0.0020312674772472368, -0.0008484034619441073, 0.00028995831719457144]","[3.7441865226381856e-05, 0.947568128345438, -0.3195538150954084]","{""com"": [0.001202244877357132, 2.167942676188669e-05, -7.451814037702208e-06], ""q"": [0.9770767924722916, 0.009281558071083097, -0.07134415615779731, -0.20036168714093838], ""velocity"": [-0.02002625018973538, 0.28747401093849, -0.09823461505553006], ""omega"": [46.46997481049596, -90.14993914201634, -356.0808788902324], ""native_orientation_angle_axis"": {""angle"": 0.42905781213409927, ""axis"": [0.04359848758485643, -0.33512663312301083, -0.9411638070240206]}}","{""time_s"": 0.0018875, ""native_state"": {""com"": [0.001202244877357132, 2.167942676188669e-05, -7.451814037702208e-06], ""q"": [0.9770767924722916, 0.009281558071083097, -0.07134415615779731, -0.20036168714093838], ""velocity"": [-0.02002625018973538, 0.28747401093849, -0.09823461505553006], ""omega"": [46.46997481049596, -90.14993914201634, -356.0808788902324], ""native_orientation_angle_axis"": {""angle"": 0.42905781213409927, ""axis"": [0.04359848758485643, -0.33512663312301083, -0.9411638070240206]}}}"
13,0.0018875,92,True,59,APPLIED,True,-0.008685530251669512,3.036622971418624e-08,-3.469446951953614e-17,"[0.0020282738147730374, -0.0008495980514313997, 0.0002865220995935691]","[3.808618604292636e-05, 0.9493678034845892, -0.3141667905051215]","{""com"": [0.001202118294466706, 2.349141107267127e-05, -8.070725578230256e-06], ""q"": [0.9768289806761011, 0.00940178963020347, -0.07160278309023796, -0.20146908029961078], ""velocity"": [-0.02025326246815737, 0.2899174897255314, -0.09902584648448741], ""omega"": [47.02805797331985, -90.94074433617708, -360.1545739629838], ""native_orientation_angle_axis"": {""angle"": 0.431379731313755, ""axis"": [0.043929211704687325, -0.3345590510673654, -0.9413503416411494]}}","{""time_s"": 0.00189375, ""native_state"": {""com"": [0.001202118294466706, 2.349141107267127e-05, -8.070725578230256e-06], ""q"": [0.9768289806761011, 0.00940178963020347, -0.07160278309023796, -0.20146908029961078], ""velocity"": [-0.02025326246815737, 0.2899174897255314, -0.09902584648448741], ""omega"": [47.02805797331985, -90.94074433617708, -360.1545739629838], ""native_orientation_angle_axis"": {""angle"": 0.431379731313755, ""axis"": [0.043929211704687325, -0.3345590510673654, -0.9413503416411494]}}}"
14,0.00189375,93,True,59,APPLIED,True,-0.009501671727449947,3.3213305624642854e-08,-6.245004513516506e-17,"[0.0020282738147730374, -0.0008495980514313997, 0.0002865220995935691]","[3.808618604292636e-05, 0.9493678034845892, -0.3141667905051215]","{""com"": [0.001201990344587168, 2.532082539271529e-05, -8.695331628242832e-06], ""q"": [0.9765774802695238, 0.009523263429313622, -0.07186285087359658, -0.20258692738773385], ""velocity"": [-0.02047198072604995, 0.2927062912070444, -0.09993696800201232], ""omega"": [47.5740996158169, -91.52428631008472, -363.6359974393776], ""native_orientation_angle_axis"": {""angle"": 0.4337236992631269, ""axis"": [0.04426006725993786, -0.33398788522071904, -0.9415376460726027]}}","{""time_s"": 0.0019, ""native_state"": {""com"": [0.001201990344587168, 2.532082539271529e-05, -8.695331628242832e-06], ""q"": [0.9765774802695238, 0.009523263429313622, -0.07186285087359658, -0.20258692738773385], ""velocity"": [-0.02047198072604995, 0.2927062912070444, -0.09993696800201232], ""omega"": [47.5740996158169, -91.52428631008472, -363.6359974393776], ""native_orientation_angle_axis"": {""angle"": 0.4337236992631269, ""axis"": [0.04426006725993786, -0.33398788522071904, -0.9415376460726027]}}, ""timesteps_advanced"": 0, ""validation_kind"": ""NATIVE_BOUNDARY_READ; actual next PROPERTIES_ENTRY exists for nonterminal callbacks""}"
