stage,CURRENT_TIME,property_time,dtime,callback_index,timestep_index,branch,get_theta_0,get_theta_1,get_theta_2,DT_THETA_0,DT_THETA_1,DT_THETA_2,Q_0,Q_1,Q_2,Q_3,CG_0,CG_1,CG_2,omega_0,omega_1,omega_2,velocity_0,velocity_1,velocity_2,Theta_From_Q_native_0,Theta_From_Q_native_1,Theta_From_Q_native_2,Euler_From_Q_native_0,Euler_From_Q_native_1,Euler_From_Q_native_2
BOUNDARY_SNAPSHOT,0.001750000000000001,0.001750000000000001,2.5e-05,0,70,A1,0,0,0,0.01386507789800985,-0.1221518315289166,-0.3289604862547234,0.984623529376754,0.006896969730061793,-0.0607625496750705,-0.16363633387237564,0.001203713388222422,8.724861369932643e-07,-3.356690108892919e-07,39.13734668233644,-238.3510307135593,-752.0650495857042,-0.003078475416918156,0.00278338081035859,-0.0009735323565712222,0.01386507789800985,-0.1221518315289166,-0.3289604862547234,0.03370718961638199,-0.11767064671141532,-0.3313588260482101
PROPERTIES_ENTRY,0.001750000000000001,0.001775000000000001,2.5e-05,0,70,A1,0,0,0,0.01386507789800985,-0.1221518315289166,-0.3289604862547234,0.984623529376754,0.006896969730061793,-0.0607625496750705,-0.16363633387237564,0.001203713388222422,8.724861369932643e-07,-3.356690108892919e-07,39.13734668233644,-238.3510307135593,-752.0650495857042,-0.003078475416918156,0.00278338081035859,-0.0009735323565712222,0.01386507789800985,-0.1221518315289166,-0.3289604862547234,0.03370718961638199,-0.11767064671141532,-0.3313588260482101
PROPERTIES_ENTRY,0.001750000000000001,0.001775000000000001,2.5e-05,0,70,A1,0,0,0,0.014691437767799579,-0.12820006885986132,-0.34818131451759093,0.9828142861650268,0.0073035899991612625,-0.06373241037503347,-0.1730922192094188,0.0012036372649513359,9.451244617270377e-07,-3.6130790987347783e-07,41.10496010004151,-247.33189000871133,-784.3308560760336,-0.0030113862699628867,0.0030276851683432833,-0.0010775795621636522,0.014691437767799576,-0.12820006885986132,-0.3481813145175909,0.036705051477612466,-0.12305619231487787,-0.3509238176856624
PROPERTIES_ENTRY,0.001750000000000001,0.001775000000000001,2.5e-05,0,70,A1,0,0,0,0.014692908488192633,-0.12820258109061763,-0.34818857110555557,0.982813572702027,0.0073043193907788686,-0.0637336440066053,-0.17309578519581073,0.0012036372683686613,9.451244617270377e-07,-3.6130790987347783e-07,41.22269738707959,-247.54916975341754,-784.9053758970715,-0.0030111128839273066,0.0030276851683432833,-0.0010775795621636522,0.014692908488192633,-0.12820258109061763,-0.34818857110555557,0.03670738479375261,-0.12305823709753923,-0.3509312855355557
PROPERTIES_ENTRY,0.001750000000000001,0.001775000000000001,2.5e-05,0,70,A1,0,0,0,0.014692909059482104,-0.12820258204965426,-0.3481885738554515,0.9828135724313815,0.0073043196741210265,-0.06373364447757715,-0.17309578654713065,0.0012036372683700014,9.451244617270377e-07,-3.6130790987347783e-07,41.222742998576805,-247.54925283474387,-784.9055935507787,-0.0030111127767205492,0.0030276851683432833,-0.0010775795621636522,0.014692909059482102,-0.12820258204965426,-0.34818857385545143,0.036707385692951074,-0.12305823787685749,-0.35093128836658016
PROPERTIES_ENTRY,0.001750000000000001,0.001775000000000001,2.5e-05,0,70,A1,0,0,0,0.014692909059704001,-0.12820258205002044,-0.34818857385649354,0.9828135724312788,0.007304319674231088,-0.06373364447775699,-0.17309578654764274,0.001203637268370002,9.451244617270377e-07,-3.6130790987347783e-07,41.222743016246774,-247.54925286651553,-784.9055936332352,-0.0030111127766798865,0.0030276851683432833,-0.0010775795621636522,0.014692909059704003,-0.12820258205002047,-0.34818857385649354,0.036707385693297644,-0.12305823787715459,-0.35093128836765347
BOUNDARY_SNAPSHOT,0.001775000000000001,0.001775000000000001,2.5e-05,0,71,A1,0,0,0,0.014692909059704086,-0.12820258205002058,-0.348188573856494,0.9828135724312788,0.00730431967423113,-0.06373364447775706,-0.17309578654764293,0.001203637268370002,9.451244617270377e-07,-3.6130790987347783e-07,41.22274301625363,-247.54925286652767,-784.9055936332664,-0.0030111127766798713,0.0030276851683432833,-0.0010775795621636522,0.014692909059704086,-0.12820258205002058,-0.348188573856494,0.03670738569329777,-0.12305823787715467,-0.35093128836765375
PROPERTIES_ENTRY,0.001775000000000001,0.001800000000000001,2.5e-05,0,71,A1,0,0,0,0.014692909059704086,-0.12820258205002058,-0.348188573856494,0.9828135724312788,0.00730431967423113,-0.06373364447775706,-0.17309578654764293,0.001203637268370002,9.451244617270377e-07,-3.6130790987347783e-07,41.22274301625363,-247.54925286652767,-784.9055936332664,-0.0030111127766798713,0.0030276851683432833,-0.0010775795621636522,0.014692909059704086,-0.12820258205002058,-0.348188573856494,0.03670738569329777,-0.12305823787715467,-0.35093128836765375
PROPERTIES_ENTRY,0.001775000000000001,0.001800000000000001,2.5e-05,0,71,A1,0,0,0,0.01555943153442259,-0.1344806273137326,-0.36824320608726696,0.9808203511091915,0.007729914473046542,-0.06680987959727389,-0.1829429617680861,0.001203563382229936,1.0244035685088867e-06,-3.8907880798529e-07,43.26295676239523,-256.80580538183295,-818.0505286029728,-0.0028997784285992594,0.00331464337420465,-0.001144092286781323,0.015559431534422592,-0.1344806273137326,-0.36824320608726696,0.03994843565777334,-0.1285827403479323,-0.3713750447263732
PROPERTIES_ENTRY,0.001775000000000001,0.001800000000000001,2.5e-05,0,71,A1,0,0,0,0.01556096027484562,-0.13448321319629292,-0.36825066207639673,0.9808195768011323,0.007730671936862974,-0.06681114686195395,-0.1829466182525457,0.0012035633859917303,1.0244035685088867e-06,-3.8907880798529e-07,43.384785613546725,-257.03058625298274,-818.6404850810887,-0.0028994774850579874,0.00331464337420465,-0.001144092286781323,0.01556096027484562,-0.13448321319629292,-0.36825066207639673,0.03995089464578973,-0.12858480617604207,-0.37138273443848374
PROPERTIES_ENTRY,0.001775000000000001,0.001800000000000001,2.5e-05,0,71,A1,0,0,0,0.015560960860398062,-0.13448321416882297,-0.368250664858767,0.9808195765118685,0.0077306722270127975,-0.06681114733860585,-0.1829466196170256,0.0012035633859931833,1.0244035685088867e-06,-3.8907880798529e-07,43.38483214211169,-257.03067094472647,-818.6407051674013,-0.002899477368825811,0.00331464337420465,-0.001144092286781323,0.015560960860398062,-0.13448321416882297,-0.368250664858767,0.03995089557963551,-0.12858480695155075,-0.3713827373092875
PROPERTIES_ENTRY,0.001775000000000001,0.001800000000000001,2.5e-05,0,71,A1,0,0,0,0.015560960860622329,-0.1344832141691888,-0.3682506648598053,0.9808195765117603,0.007730672227123932,-0.06681114733878514,-0.18294661961753475,0.0012035633859931838,1.0244035685088867e-06,-3.8907880798529e-07,43.384832159881746,-257.03067097664024,-818.6407052495053,-0.002899477368782396,0.00331464337420465,-0.001144092286781323,0.015560960860622329,-0.13448321416918876,-0.3682506648598053,0.03995089557999019,-0.12858480695184188,-0.3713827373103593
PROPERTIES_ENTRY,0.001775000000000001,0.001800000000000001,2.5e-05,0,71,A1,0,0,0,0.015560960860622416,-0.13448321416918893,-0.3682506648598057,0.9808195765117603,0.007730672227123974,-0.06681114733878522,-0.18294661961753494,0.0012035633859931838,1.0244035685088867e-06,-3.8907880798529e-07,43.38483215988852,-257.0306709766523,-818.6407052495359,-0.0028994773687823793,0.00331464337420465,-0.001144092286781323,0.015560960860622416,-0.13448321416918893,-0.3682506648598057,0.03995089557999032,-0.12858480695184202,-0.3713827373103597
BOUNDARY_SNAPSHOT,0.001800000000000001,0.001800000000000001,2.5e-05,0,72,A1,0,0,0,0.015560960860622416,-0.13448321416918893,-0.3682506648598057,0.9808195765117603,0.007730672227123974,-0.06681114733878522,-0.18294661961753494,0.0012035633859931838,1.0244035685088867e-06,-3.8907880798529e-07,43.38483215988853,-257.0306709766523,-818.6407052495359,-0.0028994773687823793,0.00331464337420465,-0.001144092286781323,0.015560960860622416,-0.13448321416918893,-0.3682506648598057,0.03995089557999032,-0.12858480695184202,-0.3713827373103597
PROPERTIES_ENTRY,0.001800000000000001,0.001825000000000001,2.5e-05,0,72,A1,0,0,0,0.015560960860622416,-0.13448321416918893,-0.3682506648598057,0.9808195765117603,0.007730672227123974,-0.06681114733878522,-0.18294661961753494,0.0012035633859931838,1.0244035685088867e-06,-3.8907880798529e-07,43.38483215988853,-257.0306709766523,-818.6407052495359,-0.0028994773687823793,0.00331464337420465,-0.001144092286781323,0.015560960860622416,-0.13448321416918893,-0.3682506648598057,0.03995089557999032,-0.12858480695184202,-0.3713827373103597
PROPERTIES_ENTRY,0.001800000000000001,0.001825000000000001,2.5e-05,0,72,A1,0,0,0,0.016469101140460914,-0.14099781197628228,-0.38916138180743765,0.9786267981461815,0.008175800312505581,-0.06999592420901422,-0.19319243472126177,0.001203492879566117,1.1110240631801213e-06,-4.1851765169346986e-07,45.497778123864734,-266.5703841725786,-852.6452788169947,-0.002741036796549724,0.003614996199494119,-0.0012110152098730644,0.016469101140460914,-0.14099781197628228,-0.38916138180743765,0.04345197365118349,-0.13424361416542985,-0.3927326796099268
PROPERTIES_ENTRY,0.001800000000000001,0.001825000000000001,2.5e-05,0,72,A1,0,0,0,0.01647068851501155,-0.1410004706089967,-0.38916902724411406,0.9786259600818366,0.008176586029946942,-0.06999722429008962,-0.19319617565180042,0.0012034928837000882,1.1110240631801213e-06,-4.1851765169346986e-07,45.62362133379465,-266.802710321193,-853.2498462684601,-0.0027407060788532354,0.003614996199494119,-0.0012110152098730644,0.016470688515011555,-0.1410004706089967,-0.3891690272441141,0.04345456164177165,-0.1342456953893967,-0.39274058302074816
PROPERTIES_ENTRY,0.001800000000000001,0.001825000000000001,2.5e-05,0,72,A1,0,0,0,0.016470689113788087,-0.14100047159277748,-0.38916903004982767,0.9786259597739311,0.008176586326351444,-0.06999722477121384,-0.19319617702461941,0.0012034928837016587,1.1110240631801213e-06,-4.1851765169346986e-07,45.6236686540951,-266.80279646268076,-853.2500680542348,-0.0027407059532130774,0.003614996199494119,-0.0012110152098730644,0.016470689113788087,-0.14100047159277748,-0.38916903004982767,0.0434545626090406,-0.13424569615790924,-0.39274058592250805
PROPERTIES_ENTRY,0.001800000000000001,0.001825000000000001,2.5e-05,0,72,A1,0,0,0,0.01647068911401393,-0.14100047159314158,-0.3891690300508573,0.9786259597738179,0.00817658632646325,-0.06999722477139192,-0.19319617702512323,0.0012034928837016594,1.1110240631801213e-06,-4.1851765169346986e-07,45.62366867188886,-266.8027964946249,-853.2500681355967,-0.0027407059531669247,0.003614996199494119,-0.0012110152098730644,0.01647068911401393,-0.14100047159314158,-0.3891690300508573,0.043454562609402156,-0.13424569615819304,-0.3927405859235734
BOUNDARY_SNAPSHOT,0.001825000000000001,0.001825000000000001,2.5e-05,0,73,A1,0,0,0,0.016470689114014014,-0.1410004715931417,-0.3891690300508577,0.9786259597738179,0.00817658632646329,-0.06999722477139197,-0.1931961770251234,0.0012034928837016594,1.1110240631801213e-06,-4.1851765169346986e-07,45.62366867189548,-266.8027964946367,-853.2500681356264,-0.0027407059531669078,0.003614996199494119,-0.0012110152098730644,0.016470689114014014,-0.1410004715931417,-0.3891690300508577,0.043454562609402274,-0.13424569615819315,-0.39274058592357375
PROPERTIES_ENTRY,0.001825000000000001,0.0018500000000000012,2.5e-05,0,73,A1,0,0,0,0.016470689114014014,-0.1410004715931417,-0.3891690300508577,0.9786259597738179,0.00817658632646329,-0.06999722477139197,-0.1931961770251234,0.0012034928837016594,1.1110240631801213e-06,-4.1851765169346986e-07,45.62366867189548,-266.8027964946367,-853.2500681356264,-0.0027407059531669078,0.003614996199494119,-0.0012110152098730644,0.016470689114014014,-0.1410004715931417,-0.3891690300508577,0.043454562609402274,-0.13424569615819315,-0.39274058592357375
PROPERTIES_ENTRY,0.001825000000000001,0.0018500000000000012,2.5e-05,0,73,A1,0,0,0,0.017421947359650847,-0.14775821859533647,-0.41095811259579057,0.9762170507213122,0.008641806014041213,-0.07329248767210057,-0.20384749279947903,0.001203427031304502,1.2054169651179406e-06,-4.4987542710165897e-07,47.814591504349245,-276.6099279172139,-888.1342119221945,-0.0025274858194420844,0.003936435955531434,-0.0012976068227820619,0.017421947359650847,-0.14775821859533647,-0.41095811259579057,0.04723327168104075,-0.14003273706221403,-0.415024586177009
PROPERTIES_ENTRY,0.001825000000000001,0.0018500000000000012,2.5e-05,0,73,A1,0,0,0,0.017423593476154013,-0.14776094849463642,-0.41096593556732613,0.9762161462127688,0.008642619901938445,-0.07329381943723662,-0.20385131107506388,0.0012034270358397812,1.2054169651179406e-06,-4.4987542710165897e-07,47.944317224837185,-276.8497939861793,-888.7524100804488,-0.00252712299709919,0.003936435955531434,-0.0012976068227820619,0.017423593476154013,-0.14776094849463642,-0.41096593556732613,0.047235991174180966,-0.14003482729902492,-0.41503269316355607
PROPERTIES_ENTRY,0.001825000000000001,0.0018500000000000012,2.5e-05,0,73,A1,0,0,0,0.01742359408680845,-0.14776094948707738,-0.410965938386302,0.9762161458864341,0.008642620203890498,-0.07329381992145452,-0.20385131245093605,0.0012034270358414734,1.2054169651179406e-06,-4.4987542710165897e-07,47.94436518474511,-276.84988138319187,-888.7526327586587,-0.002527122861713308,0.003936435955531434,-0.0012976068227820619,0.01742359408680845,-0.14776094948707738,-0.41096593838630197,0.0472359921730614,-0.14003482805712297,-0.4150326960864295
PROPERTIES_ENTRY,0.001825000000000001,0.0018500000000000012,2.5e-05,0,73,A1,0,0,0,0.017423594087034963,-0.14776094948743826,-0.41096593838731776,0.9762161458863163,0.008642620204002513,-0.07329381992163062,-0.20385131245143184,0.001203427035841474,1.2054169651179406e-06,-4.4987542710165897e-07,47.944365202476106,-276.8498814150406,-888.7526328388682,-0.0025271228616644712,0.003936435955531434,-0.0012976068227820619,0.017423594087034963,-0.14776094948743826,-0.41096593838731776,0.047235992173428346,-0.14003482805739798,-0.4150326960874834
CALLBACK_BEFORE,0.001825000000000001,0.001825000000000001,2.5e-05,1,73,A1,0,0,0,0.017423594087035043,-0.14776094948743837,-0.4109659383873182,0.9762161458863163,0.008642620204002553,-0.07329381992163067,-0.20385131245143204,0.001203427035841474,1.2054169651179406e-06,-4.4987542710165897e-07,47.94436520248257,-276.8498814150523,-888.7526328388972,-0.0025271228616644535,0.003936435955531434,-0.0012976068227820619,0.017423594087035043,-0.14776094948743837,-0.4109659383873182,0.04723599217342847,-0.14003482805739806,-0.4150326960874837
CALLBACK_AFTER,0.001825000000000001,0.001825000000000001,2.5e-05,1,73,A1,0,0,0,0.017423594087035043,-0.14776094948743837,-0.4109659383873182,0.9762161458863163,0.008642620204002553,-0.07329381992163067,-0.20385131245143204,0.001203427035841474,1.2054169651179406e-06,-4.4987542710165897e-07,47.94436520248257,-276.8498814150523,-888.7526328388972,-0.0025271228616644535,0.003936435955531434,-0.0012976068227820619,0.017423594087035043,-0.14776094948743837,-0.4109659383873182,0.04723599217342847,-0.14003482805739806,-0.4150326960874837
BOUNDARY_SNAPSHOT,0.0018500000000000012,0.0018500000000000012,2.5e-05,1,74,A1,0,0,0,0.017423594087035043,-0.14776094948743837,-0.4109659383873182,0.9762161458863163,0.008642620204002553,-0.07329381992163067,-0.20385131245143204,0.001203427035841474,1.2054169651179406e-06,-4.4987542710165897e-07,47.94436520248257,-276.8498814150523,-888.7526328388972,-0.0025271228616644535,0.003936435955531434,-0.0012976068227820619,0.017423594087035043,-0.14776094948743837,-0.4109659383873182,0.04723599217342847,-0.14003482805739806,-0.4150326960874837
PROPERTIES_ENTRY,0.0018500000000000012,0.0018750000000000012,2.5e-05,1,74,A1,0,0,0,0.017423594087035043,-0.14776094948743837,-0.4109659383873182,0.9762161458863163,0.008642620204002553,-0.07329381992163067,-0.20385131245143204,0.001203427035841474,1.2054169651179406e-06,-4.4987542710165897e-07,47.94436520248257,-276.8498814150523,-888.7526328388972,-0.0025271228616644535,0.003936435955531434,-0.0012976068227820619,0.017423594087035043,-0.14776094948743837,-0.4109659383873182,0.04723599217342847,-0.14003482805739806,-0.4150326960874837
PROPERTIES_ENTRY,0.0018500000000000012,0.0018750000000000012,2.5e-05,1,74,A1,0,0,0,0.018419487171477084,-0.15476785853418967,-0.433654845078544,0.9735736080941313,0.009128472988799556,-0.0767010613819607,-0.21491404743838474,0.0012033682739504398,1.3090996128262556e-06,-4.83762486255775e-07,50.21302621825581,-286.8978549171731,-924.4310588944338,-0.0021738284210698158,0.00435817586113377,-0.001413357909547216,0.01841948717147708,-0.15476785853418967,-0.433654845078544,0.05131048870649375,-0.14594210508445785,-0.4382782378003984
PROPERTIES_ENTRY,0.0018500000000000012,0.0018750000000000012,2.5e-05,1,74,A1,0,0,0,0.01842119128709348,-0.15477065735043755,-0.4336628312953971,0.9735726347958898,0.009129314528847732,-0.07670242324548385,-0.2149179347125153,0.001203368278917355,1.3090996128262556e-06,-4.83762486255775e-07,50.34642278210104,-287.1451762399727,-925.0617218918416,-0.0021734310678623698,0.00435817586113377,-0.001413357909547216,0.01842119128709348,-0.15477065735043755,-0.4336628312953971,0.05131334087018265,-0.1459441970702145,-0.4382865357934377
PROPERTIES_ENTRY,0.0018500000000000012,0.0018750000000000012,2.5e-05,1,74,A1,0,0,0,0.01842119190784631,-0.15477065834850556,-0.43366283411651646,0.9735726344516246,0.009129314835424434,-0.07670242373120206,-0.21491793608565612,0.0012033682789191725,1.3090996128262556e-06,-4.83762486255775e-07,50.346471194339074,-287.1452646540997,-925.061944575597,-0.0021734309224567074,0.00435817586113377,-0.001413357909547216,0.01842119190784631,-0.15477065834850556,-0.43366283411651646,0.051313341898087624,-0.1459441978142267,-0.43828653872644285
PROPERTIES_ENTRY,0.0018500000000000012,0.0018750000000000012,2.5e-05,1,74,A1,0,0,0,0.01842119190807241,-0.15477065834886153,-0.433662834117513,0.9735726344515029,0.00912931483553611,-0.07670242373137533,-0.21491793608614115,0.0012033682789191731,1.3090996128262556e-06,-4.83762486255775e-07,50.34647121190895,-287.14526468571245,-925.0619446542247,-0.0021734309224052855,0.00435817586113377,-0.001413357909547216,0.018421191908072405,-0.15477065834886153,-0.43366283411751294,0.051313341898458105,-0.14594419781449133,-0.4382865387274794
CALLBACK_BEFORE,0.0018500000000000012,0.0018500000000000012,2.5e-05,2,74,A1,0,0,0,0.01842119190807249,-0.15477065834886167,-0.4336628341175134,0.9735726344515028,0.00912931483553615,-0.0767024237313754,-0.21491793608614135,0.0012033682789191731,1.3090996128262556e-06,-4.83762486255775e-07,50.34647121191523,-287.1452646857237,-925.0619446542527,-0.0021734309224052677,0.00435817586113377,-0.001413357909547216,0.01842119190807249,-0.15477065834886167,-0.4336628341175134,0.051313341898458265,-0.14594419781449142,-0.4382865387274799
CALLBACK_AFTER,0.0018500000000000012,0.0018500000000000012,2.5e-05,2,74,A1,0,0,0,0.01842119190807249,-0.15477065834886167,-0.4336628341175134,0.9735726344515028,0.00912931483553615,-0.0767024237313754,-0.21491793608614135,0.0012033682789191731,1.3090996128262556e-06,-4.83762486255775e-07,50.34647121191523,-287.1452646857237,-925.0619446542527,-0.0021734309224052677,0.00435817586113377,-0.001413357909547216,0.01842119190807249,-0.15477065834886167,-0.4336628341175134,0.051313341898458265,-0.14594419781449142,-0.4382865387274799
BOUNDARY_SNAPSHOT,0.0018750000000000012,0.0018750000000000012,2.5e-05,2,75,A1,0,0,0,0.01842119190807249,-0.15477065834886167,-0.4336628341175134,0.9735726344515028,0.00912931483553615,-0.0767024237313754,-0.21491793608614135,0.0012033682789191731,1.3090996128262556e-06,-4.83762486255775e-07,50.34647121191523,-287.1452646857237,-925.0619446542527,-0.0021734309224052677,0.00435817586113377,-0.001413357909547216,0.01842119190807249,-0.15477065834886167,-0.4336628341175134,0.051313341898458265,-0.14594419781449142,-0.4382865387274799
BOUNDARY_SNAPSHOT,0.001750000000000001,0.001750000000000001,2.5e-05,0,70,A2,0,0,0,0.01386507789800985,-0.1221518315289166,-0.3289604862547234,0.984623529376754,0.006896969730061793,-0.0607625496750705,-0.16363633387237564,0.001203713388222422,8.724861369932643e-07,-3.356690108892919e-07,39.13734668233644,-238.3510307135593,-752.0650495857042,-0.003078475416918156,0.00278338081035859,-0.0009735323565712222,0.01386507789800985,-0.1221518315289166,-0.3289604862547234,0.03370718961638199,-0.11767064671141532,-0.3313588260482101
PROPERTIES_ENTRY,0.001750000000000001,0.001775000000000001,2.5e-05,0,70,A2,0,0,0,0.01386507789800985,-0.1221518315289166,-0.3289604862547234,0.984623529376754,0.006896969730061793,-0.0607625496750705,-0.16363633387237564,0.001203713388222422,8.724861369932643e-07,-3.356690108892919e-07,39.13734668233644,-238.3510307135593,-752.0650495857042,-0.003078475416918156,0.00278338081035859,-0.0009735323565712222,0.01386507789800985,-0.1221518315289166,-0.3289604862547234,0.03370718961638199,-0.11767064671141532,-0.3313588260482101
PROPERTIES_ENTRY,0.001750000000000001,0.001775000000000001,2.5e-05,0,70,A2,0,0,0,0.014691437767799579,-0.12820006885986132,-0.34818131451759093,0.9828142861650268,0.0073035899991612625,-0.06373241037503347,-0.1730922192094188,0.0012036372649513359,9.451244617270377e-07,-3.6130790987347783e-07,41.10496010004151,-247.33189000871133,-784.3308560760336,-0.0030113862699628867,0.0030276851683432833,-0.0010775795621636522,0.014691437767799576,-0.12820006885986132,-0.3481813145175909,0.036705051477612466,-0.12305619231487787,-0.3509238176856624
PROPERTIES_ENTRY,0.001750000000000001,0.001775000000000001,2.5e-05,0,70,A2,0,0,0,0.014692908488192633,-0.12820258109061763,-0.34818857110555557,0.982813572702027,0.0073043193907788686,-0.0637336440066053,-0.17309578519581073,0.0012036372683686613,9.451244617270377e-07,-3.6130790987347783e-07,41.22269738707959,-247.54916975341754,-784.9053758970715,-0.0030111128839273066,0.0030276851683432833,-0.0010775795621636522,0.014692908488192633,-0.12820258109061763,-0.34818857110555557,0.03670738479375261,-0.12305823709753923,-0.3509312855355557
PROPERTIES_ENTRY,0.001750000000000001,0.001775000000000001,2.5e-05,0,70,A2,0,0,0,0.014692909059482104,-0.12820258204965426,-0.3481885738554515,0.9828135724313815,0.0073043196741210265,-0.06373364447757715,-0.17309578654713065,0.0012036372683700014,9.451244617270377e-07,-3.6130790987347783e-07,41.222742998576805,-247.54925283474387,-784.9055935507787,-0.0030111127767205492,0.0030276851683432833,-0.0010775795621636522,0.014692909059482102,-0.12820258204965426,-0.34818857385545143,0.036707385692951074,-0.12305823787685749,-0.35093128836658016
PROPERTIES_ENTRY,0.001750000000000001,0.001775000000000001,2.5e-05,0,70,A2,0,0,0,0.014692909059704001,-0.12820258205002044,-0.34818857385649354,0.9828135724312788,0.007304319674231088,-0.06373364447775699,-0.17309578654764274,0.001203637268370002,9.451244617270377e-07,-3.6130790987347783e-07,41.222743016246774,-247.54925286651553,-784.9055936332352,-0.0030111127766798865,0.0030276851683432833,-0.0010775795621636522,0.014692909059704003,-0.12820258205002047,-0.34818857385649354,0.036707385693297644,-0.12305823787715459,-0.35093128836765347
BOUNDARY_SNAPSHOT,0.001775000000000001,0.001775000000000001,2.5e-05,0,71,A2,0,0,0,0.014692909059704086,-0.12820258205002058,-0.348188573856494,0.9828135724312788,0.00730431967423113,-0.06373364447775706,-0.17309578654764293,0.001203637268370002,9.451244617270377e-07,-3.6130790987347783e-07,41.22274301625363,-247.54925286652767,-784.9055936332664,-0.0030111127766798713,0.0030276851683432833,-0.0010775795621636522,0.014692909059704086,-0.12820258205002058,-0.348188573856494,0.03670738569329777,-0.12305823787715467,-0.35093128836765375
PROPERTIES_ENTRY,0.001775000000000001,0.001800000000000001,2.5e-05,0,71,A2,0,0,0,0.014692909059704086,-0.12820258205002058,-0.348188573856494,0.9828135724312788,0.00730431967423113,-0.06373364447775706,-0.17309578654764293,0.001203637268370002,9.451244617270377e-07,-3.6130790987347783e-07,41.22274301625363,-247.54925286652767,-784.9055936332664,-0.0030111127766798713,0.0030276851683432833,-0.0010775795621636522,0.014692909059704086,-0.12820258205002058,-0.348188573856494,0.03670738569329777,-0.12305823787715467,-0.35093128836765375
PROPERTIES_ENTRY,0.001775000000000001,0.001800000000000001,2.5e-05,0,71,A2,0,0,0,0.01555943153442259,-0.1344806273137326,-0.36824320608726696,0.9808203511091915,0.007729914473046542,-0.06680987959727389,-0.1829429617680861,0.001203563382229936,1.0244035685088867e-06,-3.8907880798529e-07,43.26295676239523,-256.80580538183295,-818.0505286029728,-0.0028997784285992594,0.00331464337420465,-0.001144092286781323,0.015559431534422592,-0.1344806273137326,-0.36824320608726696,0.03994843565777334,-0.1285827403479323,-0.3713750447263732
PROPERTIES_ENTRY,0.001775000000000001,0.001800000000000001,2.5e-05,0,71,A2,0,0,0,0.01556096027484562,-0.13448321319629292,-0.36825066207639673,0.9808195768011323,0.007730671936862974,-0.06681114686195395,-0.1829466182525457,0.0012035633859917303,1.0244035685088867e-06,-3.8907880798529e-07,43.384785613546725,-257.03058625298274,-818.6404850810887,-0.0028994774850579874,0.00331464337420465,-0.001144092286781323,0.01556096027484562,-0.13448321319629292,-0.36825066207639673,0.03995089464578973,-0.12858480617604207,-0.37138273443848374
PROPERTIES_ENTRY,0.001775000000000001,0.001800000000000001,2.5e-05,0,71,A2,0,0,0,0.015560960860398062,-0.13448321416882297,-0.368250664858767,0.9808195765118685,0.0077306722270127975,-0.06681114733860585,-0.1829466196170256,0.0012035633859931833,1.0244035685088867e-06,-3.8907880798529e-07,43.38483214211169,-257.03067094472647,-818.6407051674013,-0.002899477368825811,0.00331464337420465,-0.001144092286781323,0.015560960860398062,-0.13448321416882297,-0.368250664858767,0.03995089557963551,-0.12858480695155075,-0.3713827373092875
PROPERTIES_ENTRY,0.001775000000000001,0.001800000000000001,2.5e-05,0,71,A2,0,0,0,0.015560960860622329,-0.1344832141691888,-0.3682506648598053,0.9808195765117603,0.007730672227123932,-0.06681114733878514,-0.18294661961753475,0.0012035633859931838,1.0244035685088867e-06,-3.8907880798529e-07,43.384832159881746,-257.03067097664024,-818.6407052495053,-0.002899477368782396,0.00331464337420465,-0.001144092286781323,0.015560960860622329,-0.13448321416918876,-0.3682506648598053,0.03995089557999019,-0.12858480695184188,-0.3713827373103593
PROPERTIES_ENTRY,0.001775000000000001,0.001800000000000001,2.5e-05,0,71,A2,0,0,0,0.015560960860622416,-0.13448321416918893,-0.3682506648598057,0.9808195765117603,0.007730672227123974,-0.06681114733878522,-0.18294661961753494,0.0012035633859931838,1.0244035685088867e-06,-3.8907880798529e-07,43.38483215988852,-257.0306709766523,-818.6407052495359,-0.0028994773687823793,0.00331464337420465,-0.001144092286781323,0.015560960860622416,-0.13448321416918893,-0.3682506648598057,0.03995089557999032,-0.12858480695184202,-0.3713827373103597
BOUNDARY_SNAPSHOT,0.001800000000000001,0.001800000000000001,2.5e-05,0,72,A2,0,0,0,0.015560960860622416,-0.13448321416918893,-0.3682506648598057,0.9808195765117603,0.007730672227123974,-0.06681114733878522,-0.18294661961753494,0.0012035633859931838,1.0244035685088867e-06,-3.8907880798529e-07,43.38483215988853,-257.0306709766523,-818.6407052495359,-0.0028994773687823793,0.00331464337420465,-0.001144092286781323,0.015560960860622416,-0.13448321416918893,-0.3682506648598057,0.03995089557999032,-0.12858480695184202,-0.3713827373103597
PROPERTIES_ENTRY,0.001800000000000001,0.001825000000000001,2.5e-05,0,72,A2,0,0,0,0.015560960860622416,-0.13448321416918893,-0.3682506648598057,0.9808195765117603,0.007730672227123974,-0.06681114733878522,-0.18294661961753494,0.0012035633859931838,1.0244035685088867e-06,-3.8907880798529e-07,43.38483215988853,-257.0306709766523,-818.6407052495359,-0.0028994773687823793,0.00331464337420465,-0.001144092286781323,0.015560960860622416,-0.13448321416918893,-0.3682506648598057,0.03995089557999032,-0.12858480695184202,-0.3713827373103597
PROPERTIES_ENTRY,0.001800000000000001,0.001825000000000001,2.5e-05,0,72,A2,0,0,0,0.016469101140460914,-0.14099781197628228,-0.38916138180743765,0.9786267981461815,0.008175800312505581,-0.06999592420901422,-0.19319243472126177,0.001203492879566117,1.1110240631801213e-06,-4.1851765169346986e-07,45.497778123864734,-266.5703841725786,-852.6452788169947,-0.002741036796549724,0.003614996199494119,-0.0012110152098730644,0.016469101140460914,-0.14099781197628228,-0.38916138180743765,0.04345197365118349,-0.13424361416542985,-0.3927326796099268
PROPERTIES_ENTRY,0.001800000000000001,0.001825000000000001,2.5e-05,0,72,A2,0,0,0,0.01647068851501155,-0.1410004706089967,-0.38916902724411406,0.9786259600818366,0.008176586029946942,-0.06999722429008962,-0.19319617565180042,0.0012034928837000882,1.1110240631801213e-06,-4.1851765169346986e-07,45.62362133379465,-266.802710321193,-853.2498462684601,-0.0027407060788532354,0.003614996199494119,-0.0012110152098730644,0.016470688515011555,-0.1410004706089967,-0.3891690272441141,0.04345456164177165,-0.1342456953893967,-0.39274058302074816
PROPERTIES_ENTRY,0.001800000000000001,0.001825000000000001,2.5e-05,0,72,A2,0,0,0,0.016470689113788087,-0.14100047159277748,-0.38916903004982767,0.9786259597739311,0.008176586326351444,-0.06999722477121384,-0.19319617702461941,0.0012034928837016587,1.1110240631801213e-06,-4.1851765169346986e-07,45.6236686540951,-266.80279646268076,-853.2500680542348,-0.0027407059532130774,0.003614996199494119,-0.0012110152098730644,0.016470689113788087,-0.14100047159277748,-0.38916903004982767,0.0434545626090406,-0.13424569615790924,-0.39274058592250805
PROPERTIES_ENTRY,0.001800000000000001,0.001825000000000001,2.5e-05,0,72,A2,0,0,0,0.01647068911401393,-0.14100047159314158,-0.3891690300508573,0.9786259597738179,0.00817658632646325,-0.06999722477139192,-0.19319617702512323,0.0012034928837016594,1.1110240631801213e-06,-4.1851765169346986e-07,45.62366867188886,-266.8027964946249,-853.2500681355967,-0.0027407059531669247,0.003614996199494119,-0.0012110152098730644,0.01647068911401393,-0.14100047159314158,-0.3891690300508573,0.043454562609402156,-0.13424569615819304,-0.3927405859235734
BOUNDARY_SNAPSHOT,0.001825000000000001,0.001825000000000001,2.5e-05,0,73,A2,0,0,0,0.016470689114014014,-0.1410004715931417,-0.3891690300508577,0.9786259597738179,0.00817658632646329,-0.06999722477139197,-0.1931961770251234,0.0012034928837016594,1.1110240631801213e-06,-4.1851765169346986e-07,45.62366867189548,-266.8027964946367,-853.2500681356264,-0.0027407059531669078,0.003614996199494119,-0.0012110152098730644,0.016470689114014014,-0.1410004715931417,-0.3891690300508577,0.043454562609402274,-0.13424569615819315,-0.39274058592357375
PROPERTIES_ENTRY,0.001825000000000001,0.0018500000000000012,2.5e-05,0,73,A2,0,0,0,0.016470689114014014,-0.1410004715931417,-0.3891690300508577,0.9786259597738179,0.00817658632646329,-0.06999722477139197,-0.1931961770251234,0.0012034928837016594,1.1110240631801213e-06,-4.1851765169346986e-07,45.62366867189548,-266.8027964946367,-853.2500681356264,-0.0027407059531669078,0.003614996199494119,-0.0012110152098730644,0.016470689114014014,-0.1410004715931417,-0.3891690300508577,0.043454562609402274,-0.13424569615819315,-0.39274058592357375
PROPERTIES_ENTRY,0.001825000000000001,0.0018500000000000012,2.5e-05,0,73,A2,0,0,0,0.017421947359650847,-0.14775821859533647,-0.41095811259579057,0.9762170507213122,0.008641806014041213,-0.07329248767210057,-0.20384749279947903,0.001203427031304502,1.2054169651179406e-06,-4.4987542710165897e-07,47.814591504349245,-276.6099279172139,-888.1342119221945,-0.0025274858194420844,0.003936435955531434,-0.0012976068227820619,0.017421947359650847,-0.14775821859533647,-0.41095811259579057,0.04723327168104075,-0.14003273706221403,-0.415024586177009
PROPERTIES_ENTRY,0.001825000000000001,0.0018500000000000012,2.5e-05,0,73,A2,0,0,0,0.017423593476154013,-0.14776094849463642,-0.41096593556732613,0.9762161462127688,0.008642619901938445,-0.07329381943723662,-0.20385131107506388,0.0012034270358397812,1.2054169651179406e-06,-4.4987542710165897e-07,47.944317224837185,-276.8497939861793,-888.7524100804488,-0.00252712299709919,0.003936435955531434,-0.0012976068227820619,0.017423593476154013,-0.14776094849463642,-0.41096593556732613,0.047235991174180966,-0.14003482729902492,-0.41503269316355607
PROPERTIES_ENTRY,0.001825000000000001,0.0018500000000000012,2.5e-05,0,73,A2,0,0,0,0.01742359408680845,-0.14776094948707738,-0.410965938386302,0.9762161458864341,0.008642620203890498,-0.07329381992145452,-0.20385131245093605,0.0012034270358414734,1.2054169651179406e-06,-4.4987542710165897e-07,47.94436518474511,-276.84988138319187,-888.7526327586587,-0.002527122861713308,0.003936435955531434,-0.0012976068227820619,0.01742359408680845,-0.14776094948707738,-0.41096593838630197,0.0472359921730614,-0.14003482805712297,-0.4150326960864295
PROPERTIES_ENTRY,0.001825000000000001,0.0018500000000000012,2.5e-05,0,73,A2,0,0,0,0.017423594087034963,-0.14776094948743826,-0.41096593838731776,0.9762161458863163,0.008642620204002513,-0.07329381992163062,-0.20385131245143184,0.001203427035841474,1.2054169651179406e-06,-4.4987542710165897e-07,47.944365202476106,-276.8498814150406,-888.7526328388682,-0.0025271228616644712,0.003936435955531434,-0.0012976068227820619,0.017423594087034963,-0.14776094948743826,-0.41096593838731776,0.047235992173428346,-0.14003482805739798,-0.4150326960874834
CALLBACK_BEFORE,0.001825000000000001,0.001825000000000001,2.5e-05,1,73,A2,0,0,0,0.017423594087035043,-0.14776094948743837,-0.4109659383873182,0.9762161458863163,0.008642620204002553,-0.07329381992163067,-0.20385131245143204,0.001203427035841474,1.2054169651179406e-06,-4.4987542710165897e-07,47.94436520248257,-276.8498814150523,-888.7526328388972,-0.0025271228616644535,0.003936435955531434,-0.0012976068227820619,0.017423594087035043,-0.14776094948743837,-0.4109659383873182,0.04723599217342847,-0.14003482805739806,-0.4150326960874837
CALLBACK_AFTER,0.001825000000000001,0.001825000000000001,2.5e-05,1,73,A2,0,0,0,0.017423594087035043,-0.14776094948743837,-0.4109659383873182,0.9762161458863163,0.008642620204002553,-0.07329381992163067,-0.20385131245143204,0.001203427035841474,1.2054169651179406e-06,-4.4987542710165897e-07,47.94436520248257,-276.8498814150523,-888.7526328388972,-0.0025271228616644535,0.003936435955531434,-0.0012976068227820619,0.017423594087035043,-0.14776094948743837,-0.4109659383873182,0.04723599217342847,-0.14003482805739806,-0.4150326960874837
BOUNDARY_SNAPSHOT,0.0018500000000000012,0.0018500000000000012,2.5e-05,1,74,A2,0,0,0,0.017423594087035043,-0.14776094948743837,-0.4109659383873182,0.9762161458863163,0.008642620204002553,-0.07329381992163067,-0.20385131245143204,0.001203427035841474,1.2054169651179406e-06,-4.4987542710165897e-07,47.94436520248257,-276.8498814150523,-888.7526328388972,-0.0025271228616644535,0.003936435955531434,-0.0012976068227820619,0.017423594087035043,-0.14776094948743837,-0.4109659383873182,0.04723599217342847,-0.14003482805739806,-0.4150326960874837
PROPERTIES_ENTRY,0.0018500000000000012,0.0018750000000000012,2.5e-05,1,74,A2,0,0,0,0.017423594087035043,-0.14776094948743837,-0.4109659383873182,0.9762161458863163,0.008642620204002553,-0.07329381992163067,-0.20385131245143204,0.001203427035841474,1.2054169651179406e-06,-4.4987542710165897e-07,47.94436520248257,-276.8498814150523,-888.7526328388972,-0.0025271228616644535,0.003936435955531434,-0.0012976068227820619,0.017423594087035043,-0.14776094948743837,-0.4109659383873182,0.04723599217342847,-0.14003482805739806,-0.4150326960874837
PROPERTIES_ENTRY,0.0018500000000000012,0.0018750000000000012,2.5e-05,1,74,A2,0,0,0,0.018419487171477084,-0.15476785853418967,-0.433654845078544,0.9735736080941313,0.009128472988799556,-0.0767010613819607,-0.21491404743838474,0.0012033682739504398,1.3090996128262556e-06,-4.83762486255775e-07,50.21302621825581,-286.8978549171731,-924.4310588944338,-0.0021738284210698158,0.00435817586113377,-0.001413357909547216,0.01841948717147708,-0.15476785853418967,-0.433654845078544,0.05131048870649375,-0.14594210508445785,-0.4382782378003984
PROPERTIES_ENTRY,0.0018500000000000012,0.0018750000000000012,2.5e-05,1,74,A2,0,0,0,0.01842119128709348,-0.15477065735043755,-0.4336628312953971,0.9735726347958898,0.009129314528847732,-0.07670242324548385,-0.2149179347125153,0.001203368278917355,1.3090996128262556e-06,-4.83762486255775e-07,50.34642278210104,-287.1451762399727,-925.0617218918416,-0.0021734310678623698,0.00435817586113377,-0.001413357909547216,0.01842119128709348,-0.15477065735043755,-0.4336628312953971,0.05131334087018265,-0.1459441970702145,-0.4382865357934377
PROPERTIES_ENTRY,0.0018500000000000012,0.0018750000000000012,2.5e-05,1,74,A2,0,0,0,0.01842119190784631,-0.15477065834850556,-0.43366283411651646,0.9735726344516246,0.009129314835424434,-0.07670242373120206,-0.21491793608565612,0.0012033682789191725,1.3090996128262556e-06,-4.83762486255775e-07,50.346471194339074,-287.1452646540997,-925.061944575597,-0.0021734309224567074,0.00435817586113377,-0.001413357909547216,0.01842119190784631,-0.15477065834850556,-0.43366283411651646,0.051313341898087624,-0.1459441978142267,-0.43828653872644285
PROPERTIES_ENTRY,0.0018500000000000012,0.0018750000000000012,2.5e-05,1,74,A2,0,0,0,0.01842119190807241,-0.15477065834886153,-0.433662834117513,0.9735726344515029,0.00912931483553611,-0.07670242373137533,-0.21491793608614115,0.0012033682789191731,1.3090996128262556e-06,-4.83762486255775e-07,50.34647121190895,-287.14526468571245,-925.0619446542247,-0.0021734309224052855,0.00435817586113377,-0.001413357909547216,0.018421191908072405,-0.15477065834886153,-0.43366283411751294,0.051313341898458105,-0.14594419781449133,-0.4382865387274794
CALLBACK_BEFORE,0.0018500000000000012,0.0018500000000000012,2.5e-05,2,74,A2,0,0,0,0.01842119190807249,-0.15477065834886167,-0.4336628341175134,0.9735726344515028,0.00912931483553615,-0.0767024237313754,-0.21491793608614135,0.0012033682789191731,1.3090996128262556e-06,-4.83762486255775e-07,50.34647121191523,-287.1452646857237,-925.0619446542527,-0.0021734309224052677,0.00435817586113377,-0.001413357909547216,0.01842119190807249,-0.15477065834886167,-0.4336628341175134,0.051313341898458265,-0.14594419781449142,-0.4382865387274799
CALLBACK_AFTER,0.0018500000000000012,0.0018500000000000012,2.5e-05,2,74,A2,0,0,0,0.01842119190807249,-0.15477065834886167,-0.4336628341175134,0.9735726344515028,0.00912931483553615,-0.0767024237313754,-0.21491793608614135,0.0012033682789191731,1.3090996128262556e-06,-4.83762486255775e-07,50.34647121191523,-287.1452646857237,-925.0619446542527,-0.0021734309224052677,0.00435817586113377,-0.001413357909547216,0.01842119190807249,-0.15477065834886167,-0.4336628341175134,0.051313341898458265,-0.14594419781449142,-0.4382865387274799
BOUNDARY_SNAPSHOT,0.0018750000000000012,0.0018750000000000012,2.5e-05,2,75,A2,0,0,0,0.01842119190807249,-0.15477065834886167,-0.4336628341175134,0.9735726344515028,0.00912931483553615,-0.0767024237313754,-0.21491793608614135,0.0012033682789191731,1.3090996128262556e-06,-4.83762486255775e-07,50.34647121191523,-287.1452646857237,-925.0619446542527,-0.0021734309224052677,0.00435817586113377,-0.001413357909547216,0.01842119190807249,-0.15477065834886167,-0.4336628341175134,0.051313341898458265,-0.14594419781449142,-0.4382865387274799
BOUNDARY_SNAPSHOT,0.001750000000000001,0.001750000000000001,2.5e-05,0,70,B1,0,0,0,0.01386507789800985,-0.1221518315289166,-0.3289604862547234,0.984623529376754,0.006896969730061793,-0.0607625496750705,-0.16363633387237564,0.001203713388222422,8.724861369932643e-07,-3.356690108892919e-07,39.13734668233644,-238.3510307135593,-752.0650495857042,-0.003078475416918156,0.00278338081035859,-0.0009735323565712222,0.01386507789800985,-0.1221518315289166,-0.3289604862547234,0.03370718961638199,-0.11767064671141532,-0.3313588260482101
PROPERTIES_ENTRY,0.001750000000000001,0.001775000000000001,2.5e-05,0,70,B1,0,0,0,0.01386507789800985,-0.1221518315289166,-0.3289604862547234,0.984623529376754,0.006896969730061793,-0.0607625496750705,-0.16363633387237564,0.001203713388222422,8.724861369932643e-07,-3.356690108892919e-07,39.13734668233644,-238.3510307135593,-752.0650495857042,-0.003078475416918156,0.00278338081035859,-0.0009735323565712222,0.01386507789800985,-0.1221518315289166,-0.3289604862547234,0.03370718961638199,-0.11767064671141532,-0.3313588260482101
PROPERTIES_ENTRY,0.001750000000000001,0.001775000000000001,2.5e-05,0,70,B1,0,0,0,0.014691437767799579,-0.12820006885986132,-0.34818131451759093,0.9828142861650268,0.0073035899991612625,-0.06373241037503347,-0.1730922192094188,0.0012036372649513359,9.451244617270377e-07,-3.6130790987347783e-07,41.10496010004151,-247.33189000871133,-784.3308560760336,-0.0030113862699628867,0.0030276851683432833,-0.0010775795621636522,0.014691437767799576,-0.12820006885986132,-0.3481813145175909,0.036705051477612466,-0.12305619231487787,-0.3509238176856624
PROPERTIES_ENTRY,0.001750000000000001,0.001775000000000001,2.5e-05,0,70,B1,0,0,0,0.014692908488192633,-0.12820258109061763,-0.34818857110555557,0.982813572702027,0.0073043193907788686,-0.0637336440066053,-0.17309578519581073,0.0012036372683686613,9.451244617270377e-07,-3.6130790987347783e-07,41.22269738707959,-247.54916975341754,-784.9053758970715,-0.0030111128839273066,0.0030276851683432833,-0.0010775795621636522,0.014692908488192633,-0.12820258109061763,-0.34818857110555557,0.03670738479375261,-0.12305823709753923,-0.3509312855355557
PROPERTIES_ENTRY,0.001750000000000001,0.001775000000000001,2.5e-05,0,70,B1,0,0,0,0.014692909059482104,-0.12820258204965426,-0.3481885738554515,0.9828135724313815,0.0073043196741210265,-0.06373364447757715,-0.17309578654713065,0.0012036372683700014,9.451244617270377e-07,-3.6130790987347783e-07,41.222742998576805,-247.54925283474387,-784.9055935507787,-0.0030111127767205492,0.0030276851683432833,-0.0010775795621636522,0.014692909059482102,-0.12820258204965426,-0.34818857385545143,0.036707385692951074,-0.12305823787685749,-0.35093128836658016
PROPERTIES_ENTRY,0.001750000000000001,0.001775000000000001,2.5e-05,0,70,B1,0,0,0,0.014692909059704001,-0.12820258205002044,-0.34818857385649354,0.9828135724312788,0.007304319674231088,-0.06373364447775699,-0.17309578654764274,0.001203637268370002,9.451244617270377e-07,-3.6130790987347783e-07,41.222743016246774,-247.54925286651553,-784.9055936332352,-0.0030111127766798865,0.0030276851683432833,-0.0010775795621636522,0.014692909059704003,-0.12820258205002047,-0.34818857385649354,0.036707385693297644,-0.12305823787715459,-0.35093128836765347
BOUNDARY_SNAPSHOT,0.001775000000000001,0.001775000000000001,2.5e-05,0,71,B1,0,0,0,0.014692909059704086,-0.12820258205002058,-0.348188573856494,0.9828135724312788,0.00730431967423113,-0.06373364447775706,-0.17309578654764293,0.001203637268370002,9.451244617270377e-07,-3.6130790987347783e-07,41.22274301625363,-247.54925286652767,-784.9055936332664,-0.0030111127766798713,0.0030276851683432833,-0.0010775795621636522,0.014692909059704086,-0.12820258205002058,-0.348188573856494,0.03670738569329777,-0.12305823787715467,-0.35093128836765375
PROPERTIES_ENTRY,0.001775000000000001,0.001800000000000001,2.5e-05,0,71,B1,0,0,0,0.014692909059704086,-0.12820258205002058,-0.348188573856494,0.9828135724312788,0.00730431967423113,-0.06373364447775706,-0.17309578654764293,0.001203637268370002,9.451244617270377e-07,-3.6130790987347783e-07,41.22274301625363,-247.54925286652767,-784.9055936332664,-0.0030111127766798713,0.0030276851683432833,-0.0010775795621636522,0.014692909059704086,-0.12820258205002058,-0.348188573856494,0.03670738569329777,-0.12305823787715467,-0.35093128836765375
PROPERTIES_ENTRY,0.001775000000000001,0.001800000000000001,2.5e-05,0,71,B1,0,0,0,0.01555943153442259,-0.1344806273137326,-0.36824320608726696,0.9808203511091915,0.007729914473046542,-0.06680987959727389,-0.1829429617680861,0.001203563382229936,1.0244035685088867e-06,-3.8907880798529e-07,43.26295676239523,-256.80580538183295,-818.0505286029728,-0.0028997784285992594,0.00331464337420465,-0.001144092286781323,0.015559431534422592,-0.1344806273137326,-0.36824320608726696,0.03994843565777334,-0.1285827403479323,-0.3713750447263732
PROPERTIES_ENTRY,0.001775000000000001,0.001800000000000001,2.5e-05,0,71,B1,0,0,0,0.01556096027484562,-0.13448321319629292,-0.36825066207639673,0.9808195768011323,0.007730671936862974,-0.06681114686195395,-0.1829466182525457,0.0012035633859917303,1.0244035685088867e-06,-3.8907880798529e-07,43.384785613546725,-257.03058625298274,-818.6404850810887,-0.0028994774850579874,0.00331464337420465,-0.001144092286781323,0.01556096027484562,-0.13448321319629292,-0.36825066207639673,0.03995089464578973,-0.12858480617604207,-0.37138273443848374
PROPERTIES_ENTRY,0.001775000000000001,0.001800000000000001,2.5e-05,0,71,B1,0,0,0,0.015560960860398062,-0.13448321416882297,-0.368250664858767,0.9808195765118685,0.0077306722270127975,-0.06681114733860585,-0.1829466196170256,0.0012035633859931833,1.0244035685088867e-06,-3.8907880798529e-07,43.38483214211169,-257.03067094472647,-818.6407051674013,-0.002899477368825811,0.00331464337420465,-0.001144092286781323,0.015560960860398062,-0.13448321416882297,-0.368250664858767,0.03995089557963551,-0.12858480695155075,-0.3713827373092875
PROPERTIES_ENTRY,0.001775000000000001,0.001800000000000001,2.5e-05,0,71,B1,0,0,0,0.015560960860622329,-0.1344832141691888,-0.3682506648598053,0.9808195765117603,0.007730672227123932,-0.06681114733878514,-0.18294661961753475,0.0012035633859931838,1.0244035685088867e-06,-3.8907880798529e-07,43.384832159881746,-257.03067097664024,-818.6407052495053,-0.002899477368782396,0.00331464337420465,-0.001144092286781323,0.015560960860622329,-0.13448321416918876,-0.3682506648598053,0.03995089557999019,-0.12858480695184188,-0.3713827373103593
PROPERTIES_ENTRY,0.001775000000000001,0.001800000000000001,2.5e-05,0,71,B1,0,0,0,0.015560960860622416,-0.13448321416918893,-0.3682506648598057,0.9808195765117603,0.007730672227123974,-0.06681114733878522,-0.18294661961753494,0.0012035633859931838,1.0244035685088867e-06,-3.8907880798529e-07,43.38483215988852,-257.0306709766523,-818.6407052495359,-0.0028994773687823793,0.00331464337420465,-0.001144092286781323,0.015560960860622416,-0.13448321416918893,-0.3682506648598057,0.03995089557999032,-0.12858480695184202,-0.3713827373103597
BOUNDARY_SNAPSHOT,0.001800000000000001,0.001800000000000001,2.5e-05,0,72,B1,0,0,0,0.015560960860622416,-0.13448321416918893,-0.3682506648598057,0.9808195765117603,0.007730672227123974,-0.06681114733878522,-0.18294661961753494,0.0012035633859931838,1.0244035685088867e-06,-3.8907880798529e-07,43.38483215988853,-257.0306709766523,-818.6407052495359,-0.0028994773687823793,0.00331464337420465,-0.001144092286781323,0.015560960860622416,-0.13448321416918893,-0.3682506648598057,0.03995089557999032,-0.12858480695184202,-0.3713827373103597
PROPERTIES_ENTRY,0.001800000000000001,0.001825000000000001,2.5e-05,0,72,B1,0,0,0,0.015560960860622416,-0.13448321416918893,-0.3682506648598057,0.9808195765117603,0.007730672227123974,-0.06681114733878522,-0.18294661961753494,0.0012035633859931838,1.0244035685088867e-06,-3.8907880798529e-07,43.38483215988853,-257.0306709766523,-818.6407052495359,-0.0028994773687823793,0.00331464337420465,-0.001144092286781323,0.015560960860622416,-0.13448321416918893,-0.3682506648598057,0.03995089557999032,-0.12858480695184202,-0.3713827373103597
PROPERTIES_ENTRY,0.001800000000000001,0.001825000000000001,2.5e-05,0,72,B1,0,0,0,0.016469101140460914,-0.14099781197628228,-0.38916138180743765,0.9786267981461815,0.008175800312505581,-0.06999592420901422,-0.19319243472126177,0.001203492879566117,1.1110240631801213e-06,-4.1851765169346986e-07,45.497778123864734,-266.5703841725786,-852.6452788169947,-0.002741036796549724,0.003614996199494119,-0.0012110152098730644,0.016469101140460914,-0.14099781197628228,-0.38916138180743765,0.04345197365118349,-0.13424361416542985,-0.3927326796099268
PROPERTIES_ENTRY,0.001800000000000001,0.001825000000000001,2.5e-05,0,72,B1,0,0,0,0.01647068851501155,-0.1410004706089967,-0.38916902724411406,0.9786259600818366,0.008176586029946942,-0.06999722429008962,-0.19319617565180042,0.0012034928837000882,1.1110240631801213e-06,-4.1851765169346986e-07,45.62362133379465,-266.802710321193,-853.2498462684601,-0.0027407060788532354,0.003614996199494119,-0.0012110152098730644,0.016470688515011555,-0.1410004706089967,-0.3891690272441141,0.04345456164177165,-0.1342456953893967,-0.39274058302074816
PROPERTIES_ENTRY,0.001800000000000001,0.001825000000000001,2.5e-05,0,72,B1,0,0,0,0.016470689113788087,-0.14100047159277748,-0.38916903004982767,0.9786259597739311,0.008176586326351444,-0.06999722477121384,-0.19319617702461941,0.0012034928837016587,1.1110240631801213e-06,-4.1851765169346986e-07,45.6236686540951,-266.80279646268076,-853.2500680542348,-0.0027407059532130774,0.003614996199494119,-0.0012110152098730644,0.016470689113788087,-0.14100047159277748,-0.38916903004982767,0.0434545626090406,-0.13424569615790924,-0.39274058592250805
PROPERTIES_ENTRY,0.001800000000000001,0.001825000000000001,2.5e-05,0,72,B1,0,0,0,0.01647068911401393,-0.14100047159314158,-0.3891690300508573,0.9786259597738179,0.00817658632646325,-0.06999722477139192,-0.19319617702512323,0.0012034928837016594,1.1110240631801213e-06,-4.1851765169346986e-07,45.62366867188886,-266.8027964946249,-853.2500681355967,-0.0027407059531669247,0.003614996199494119,-0.0012110152098730644,0.01647068911401393,-0.14100047159314158,-0.3891690300508573,0.043454562609402156,-0.13424569615819304,-0.3927405859235734
BOUNDARY_SNAPSHOT,0.001825000000000001,0.001825000000000001,2.5e-05,0,73,B1,0,0,0,0.016470689114014014,-0.1410004715931417,-0.3891690300508577,0.9786259597738179,0.00817658632646329,-0.06999722477139197,-0.1931961770251234,0.0012034928837016594,1.1110240631801213e-06,-4.1851765169346986e-07,45.62366867189548,-266.8027964946367,-853.2500681356264,-0.0027407059531669078,0.003614996199494119,-0.0012110152098730644,0.016470689114014014,-0.1410004715931417,-0.3891690300508577,0.043454562609402274,-0.13424569615819315,-0.39274058592357375
PROPERTIES_ENTRY,0.001825000000000001,0.0018500000000000012,2.5e-05,0,73,B1,0,0,0,0.016470689114014014,-0.1410004715931417,-0.3891690300508577,0.9786259597738179,0.00817658632646329,-0.06999722477139197,-0.1931961770251234,0.0012034928837016594,1.1110240631801213e-06,-4.1851765169346986e-07,45.62366867189548,-266.8027964946367,-853.2500681356264,-0.0027407059531669078,0.003614996199494119,-0.0012110152098730644,0.016470689114014014,-0.1410004715931417,-0.3891690300508577,0.043454562609402274,-0.13424569615819315,-0.39274058592357375
PROPERTIES_ENTRY,0.001825000000000001,0.0018500000000000012,2.5e-05,0,73,B1,0,0,0,0.017421947359650847,-0.14775821859533647,-0.41095811259579057,0.9762170507213122,0.008641806014041213,-0.07329248767210057,-0.20384749279947903,0.001203427031304502,1.2054169651179406e-06,-4.4987542710165897e-07,47.814591504349245,-276.6099279172139,-888.1342119221945,-0.0025274858194420844,0.003936435955531434,-0.0012976068227820619,0.017421947359650847,-0.14775821859533647,-0.41095811259579057,0.04723327168104075,-0.14003273706221403,-0.415024586177009
PROPERTIES_ENTRY,0.001825000000000001,0.0018500000000000012,2.5e-05,0,73,B1,0,0,0,0.017423593476154013,-0.14776094849463642,-0.41096593556732613,0.9762161462127688,0.008642619901938445,-0.07329381943723662,-0.20385131107506388,0.0012034270358397812,1.2054169651179406e-06,-4.4987542710165897e-07,47.944317224837185,-276.8497939861793,-888.7524100804488,-0.00252712299709919,0.003936435955531434,-0.0012976068227820619,0.017423593476154013,-0.14776094849463642,-0.41096593556732613,0.047235991174180966,-0.14003482729902492,-0.41503269316355607
PROPERTIES_ENTRY,0.001825000000000001,0.0018500000000000012,2.5e-05,0,73,B1,0,0,0,0.01742359408680845,-0.14776094948707738,-0.410965938386302,0.9762161458864341,0.008642620203890498,-0.07329381992145452,-0.20385131245093605,0.0012034270358414734,1.2054169651179406e-06,-4.4987542710165897e-07,47.94436518474511,-276.84988138319187,-888.7526327586587,-0.002527122861713308,0.003936435955531434,-0.0012976068227820619,0.01742359408680845,-0.14776094948707738,-0.41096593838630197,0.0472359921730614,-0.14003482805712297,-0.4150326960864295
PROPERTIES_ENTRY,0.001825000000000001,0.0018500000000000012,2.5e-05,0,73,B1,0,0,0,0.017423594087034963,-0.14776094948743826,-0.41096593838731776,0.9762161458863163,0.008642620204002513,-0.07329381992163062,-0.20385131245143184,0.001203427035841474,1.2054169651179406e-06,-4.4987542710165897e-07,47.944365202476106,-276.8498814150406,-888.7526328388682,-0.0025271228616644712,0.003936435955531434,-0.0012976068227820619,0.017423594087034963,-0.14776094948743826,-0.41096593838731776,0.047235992173428346,-0.14003482805739798,-0.4150326960874834
CALLBACK_BEFORE,0.001825000000000001,0.001825000000000001,2.5e-05,1,73,B1,0,0,0,0.017423594087035043,-0.14776094948743837,-0.4109659383873182,0.9762161458863163,0.008642620204002553,-0.07329381992163067,-0.20385131245143204,0.001203427035841474,1.2054169651179406e-06,-4.4987542710165897e-07,47.94436520248257,-276.8498814150523,-888.7526328388972,-0.0025271228616644535,0.003936435955531434,-0.0012976068227820619,0.017423594087035043,-0.14776094948743837,-0.4109659383873182,0.04723599217342847,-0.14003482805739806,-0.4150326960874837
CALLBACK_AFTER,0.001825000000000001,0.001825000000000001,2.5e-05,1,73,B1,0,0,0,0.017423594087035043,-0.14776094948743837,-0.4109659383873182,0.9762161458863163,0.008642620204002553,-0.07329381992163067,-0.20385131245143204,0.001203427035841474,1.2054169651179406e-06,-4.4987542710165897e-07,47.94436520248257,-276.8498814150523,-888.7526328388972,-0.0025271228616644535,0.003936435955531434,-0.0012976068227820619,0.017423594087035043,-0.14776094948743837,-0.4109659383873182,0.04723599217342847,-0.14003482805739806,-0.4150326960874837
BOUNDARY_SNAPSHOT,0.0018500000000000012,0.0018500000000000012,2.5e-05,1,74,B1,0,0,0,0.01744575535820118,-0.14788498103090597,-0.41141057283494953,0.9761661590262061,0.00865346704431786,-0.07335410725560394,-0.20406842584993412,0.0012034297056301177,1.2094349620684072e-06,-4.509578222630214e-07,47.94436520248257,-276.8498814150523,-888.7526328388972,-0.0025271228616644535,0.003936435955531434,-0.0012976068227820619,0.01744575535820118,-0.14788498103090597,-0.41141057283494953,0.047314270819029614,-0.14013803265885513,-0.41548735709013024
PROPERTIES_ENTRY,0.0018500000000000012,0.0018750000000000012,2.5e-05,1,74,B1,0,0,0,0.01744575535820118,-0.14788498103090597,-0.41141057283494953,0.9761661590262061,0.00865346704431786,-0.07335410725560394,-0.20406842584993412,0.0012034297056301177,1.2094349620684072e-06,-4.509578222630214e-07,47.94436520248257,-276.8498814150523,-888.7526328388972,-0.0025271228616644535,0.003936435955531434,-0.0012976068227820619,0.01744575535820118,-0.14788498103090597,-0.41141057283494953,0.047314270819029614,-0.14013803265885513,-0.41548735709013024
PROPERTIES_ENTRY,0.0018500000000000012,0.0018750000000000012,2.5e-05,1,74,B1,0,0,0,0.018465045605293693,-0.1550072196799264,-0.4345175536853678,0.9734714186227289,0.009150735582711922,-0.07681703641694232,-0.21533416839662287,0.0012033788894102553,1.3211044794878969e-06,-4.876215129167203e-07,50.27719097429085,-286.57128209916203,-923.2735480148585,-0.002032648794497174,0.004466780696779588,-0.0014665476261479522,0.018465045605293696,-0.15500721967992642,-0.4345175536853678,0.051469721414547545,-0.1461370429286884,-0.43916207302023447
PROPERTIES_ENTRY,0.0018500000000000012,0.0018750000000000012,2.5e-05,1,74,B1,0,0,0,0.01847192496231135,-0.15501850950017312,-0.43455009649426796,0.9734674495823252,0.00915413252754568,-0.07682252840905976,-0.21535000717480954,0.0012033789096687912,1.3211044794878969e-06,-4.876215129167203e-07,50.54851519765368,-287.06798560301087,-924.5592105074026,-0.0020318384530633514,0.004466780696779588,-0.0014665476261479522,0.018471924962311346,-0.1550185095001731,-0.4345500964942679,0.051481262414495334,-0.14614546251257485,-0.43919587880008526
PROPERTIES_ENTRY,0.0018500000000000012,0.0018750000000000012,2.5e-05,1,74,B1,0,0,0,0.018471934550364836,-0.15501852539457572,-0.4345501425080721,0.9734674439733791,0.009154137261768008,-0.07682253614041677,-0.2153500295701932,0.0012033789096984372,1.3211044794878969e-06,-4.876215129167203e-07,50.54889401128685,-287.0686841153936,-924.5610287116504,-0.0020318372672228006,0.004466780696779588,-0.0014665476261479522,0.018471934550364836,-0.15501852539457572,-0.4345501425080721,0.051481278582345184,-0.14614547438070358,-0.4391959265868262
PROPERTIES_ENTRY,0.0018500000000000012,0.0018750000000000012,2.5e-05,1,74,B1,0,0,0,0.01847193456372576,-0.15501852541695202,-0.4345501425731313,0.9734674439654531,0.009154137268364794,-0.07682253615130029,-0.2153500296018585,0.001203378909698479,1.3211044794878969e-06,-4.876215129167203e-07,50.54889454010195,-287.06868509767475,-924.5610312829064,-0.002031837265546862,0.004466780696779588,-0.0014665476261479522,0.018471934563725763,-0.15501852541695205,-0.43455014257313135,0.051481278604992825,-0.1461454743974326,-0.43919592665437407
CALLBACK_BEFORE,0.0018500000000000012,0.0018500000000000012,2.5e-05,2,74,B1,0,0,0,0.018471934563744376,-0.15501852541698355,-0.4345501425732233,0.973467443965442,0.009154137268373984,-0.07682253615131562,-0.21535002960190328,0.001203378909698479,1.3211044794878969e-06,-4.876215129167203e-07,50.548894540840124,-287.0686850990561,-924.5610312865425,-0.0020318372655444934,0.004466780696779588,-0.0014665476261479522,0.018471934563744376,-0.15501852541698355,-0.4345501425732233,0.05148127860502453,-0.14614547439745626,-0.4391959266544693
CALLBACK_AFTER,0.0018500000000000012,0.0018500000000000012,2.5e-05,2,74,B1,0,0,0,0.018471934563744376,-0.15501852541698355,-0.4345501425732233,0.973467443965442,0.009154137268373984,-0.07682253615131562,-0.21535002960190328,0.001203378909698479,1.3211044794878969e-06,-4.876215129167203e-07,50.548894540840124,-287.0686850990561,-924.5610312865425,-0.0020318372655444934,0.004466780696779588,-0.0014665476261479522,0.018471934563744376,-0.15501852541698355,-0.4345501425732233,0.05148127860502453,-0.14614547439745626,-0.4391959266544693
BOUNDARY_SNAPSHOT,0.0018750000000000012,0.0018750000000000012,2.5e-05,2,75,B1,0,0,0,0.018471934563744376,-0.15501852541698355,-0.4345501425732233,0.973467443965442,0.009154137268373986,-0.07682253615131562,-0.21535002960190328,0.001203378909698479,1.3211044794878969e-06,-4.876215129167203e-07,50.548894540840124,-287.0686850990561,-924.5610312865425,-0.0020318372655444934,0.004466780696779588,-0.0014665476261479522,0.018471934563744376,-0.15501852541698355,-0.4345501425732233,0.051481278605024536,-0.14614547439745626,-0.4391959266544693
BOUNDARY_SNAPSHOT,0.001750000000000001,0.001750000000000001,2.5e-05,0,70,B2,0,0,0,0.01386507789800985,-0.1221518315289166,-0.3289604862547234,0.984623529376754,0.006896969730061793,-0.0607625496750705,-0.16363633387237564,0.001203713388222422,8.724861369932643e-07,-3.356690108892919e-07,39.13734668233644,-238.3510307135593,-752.0650495857042,-0.003078475416918156,0.00278338081035859,-0.0009735323565712222,0.01386507789800985,-0.1221518315289166,-0.3289604862547234,0.03370718961638199,-0.11767064671141532,-0.3313588260482101
PROPERTIES_ENTRY,0.001750000000000001,0.001775000000000001,2.5e-05,0,70,B2,0,0,0,0.01386507789800985,-0.1221518315289166,-0.3289604862547234,0.984623529376754,0.006896969730061793,-0.0607625496750705,-0.16363633387237564,0.001203713388222422,8.724861369932643e-07,-3.356690108892919e-07,39.13734668233644,-238.3510307135593,-752.0650495857042,-0.003078475416918156,0.00278338081035859,-0.0009735323565712222,0.01386507789800985,-0.1221518315289166,-0.3289604862547234,0.03370718961638199,-0.11767064671141532,-0.3313588260482101
PROPERTIES_ENTRY,0.001750000000000001,0.001775000000000001,2.5e-05,0,70,B2,0,0,0,0.014691437767799579,-0.12820006885986132,-0.34818131451759093,0.9828142861650268,0.0073035899991612625,-0.06373241037503347,-0.1730922192094188,0.0012036372649513359,9.451244617270377e-07,-3.6130790987347783e-07,41.10496010004151,-247.33189000871133,-784.3308560760336,-0.0030113862699628867,0.0030276851683432833,-0.0010775795621636522,0.014691437767799576,-0.12820006885986132,-0.3481813145175909,0.036705051477612466,-0.12305619231487787,-0.3509238176856624
PROPERTIES_ENTRY,0.001750000000000001,0.001775000000000001,2.5e-05,0,70,B2,0,0,0,0.014692908488192633,-0.12820258109061763,-0.34818857110555557,0.982813572702027,0.0073043193907788686,-0.0637336440066053,-0.17309578519581073,0.0012036372683686613,9.451244617270377e-07,-3.6130790987347783e-07,41.22269738707959,-247.54916975341754,-784.9053758970715,-0.0030111128839273066,0.0030276851683432833,-0.0010775795621636522,0.014692908488192633,-0.12820258109061763,-0.34818857110555557,0.03670738479375261,-0.12305823709753923,-0.3509312855355557
PROPERTIES_ENTRY,0.001750000000000001,0.001775000000000001,2.5e-05,0,70,B2,0,0,0,0.014692909059482104,-0.12820258204965426,-0.3481885738554515,0.9828135724313815,0.0073043196741210265,-0.06373364447757715,-0.17309578654713065,0.0012036372683700014,9.451244617270377e-07,-3.6130790987347783e-07,41.222742998576805,-247.54925283474387,-784.9055935507787,-0.0030111127767205492,0.0030276851683432833,-0.0010775795621636522,0.014692909059482102,-0.12820258204965426,-0.34818857385545143,0.036707385692951074,-0.12305823787685749,-0.35093128836658016
PROPERTIES_ENTRY,0.001750000000000001,0.001775000000000001,2.5e-05,0,70,B2,0,0,0,0.014692909059704001,-0.12820258205002044,-0.34818857385649354,0.9828135724312788,0.007304319674231088,-0.06373364447775699,-0.17309578654764274,0.001203637268370002,9.451244617270377e-07,-3.6130790987347783e-07,41.222743016246774,-247.54925286651553,-784.9055936332352,-0.0030111127766798865,0.0030276851683432833,-0.0010775795621636522,0.014692909059704003,-0.12820258205002047,-0.34818857385649354,0.036707385693297644,-0.12305823787715459,-0.35093128836765347
BOUNDARY_SNAPSHOT,0.001775000000000001,0.001775000000000001,2.5e-05,0,71,B2,0,0,0,0.014692909059704086,-0.12820258205002058,-0.348188573856494,0.9828135724312788,0.00730431967423113,-0.06373364447775706,-0.17309578654764293,0.001203637268370002,9.451244617270377e-07,-3.6130790987347783e-07,41.22274301625363,-247.54925286652767,-784.9055936332664,-0.0030111127766798713,0.0030276851683432833,-0.0010775795621636522,0.014692909059704086,-0.12820258205002058,-0.348188573856494,0.03670738569329777,-0.12305823787715467,-0.35093128836765375
PROPERTIES_ENTRY,0.001775000000000001,0.001800000000000001,2.5e-05,0,71,B2,0,0,0,0.014692909059704086,-0.12820258205002058,-0.348188573856494,0.9828135724312788,0.00730431967423113,-0.06373364447775706,-0.17309578654764293,0.001203637268370002,9.451244617270377e-07,-3.6130790987347783e-07,41.22274301625363,-247.54925286652767,-784.9055936332664,-0.0030111127766798713,0.0030276851683432833,-0.0010775795621636522,0.014692909059704086,-0.12820258205002058,-0.348188573856494,0.03670738569329777,-0.12305823787715467,-0.35093128836765375
PROPERTIES_ENTRY,0.001775000000000001,0.001800000000000001,2.5e-05,0,71,B2,0,0,0,0.01555943153442259,-0.1344806273137326,-0.36824320608726696,0.9808203511091915,0.007729914473046542,-0.06680987959727389,-0.1829429617680861,0.001203563382229936,1.0244035685088867e-06,-3.8907880798529e-07,43.26295676239523,-256.80580538183295,-818.0505286029728,-0.0028997784285992594,0.00331464337420465,-0.001144092286781323,0.015559431534422592,-0.1344806273137326,-0.36824320608726696,0.03994843565777334,-0.1285827403479323,-0.3713750447263732
PROPERTIES_ENTRY,0.001775000000000001,0.001800000000000001,2.5e-05,0,71,B2,0,0,0,0.01556096027484562,-0.13448321319629292,-0.36825066207639673,0.9808195768011323,0.007730671936862974,-0.06681114686195395,-0.1829466182525457,0.0012035633859917303,1.0244035685088867e-06,-3.8907880798529e-07,43.384785613546725,-257.03058625298274,-818.6404850810887,-0.0028994774850579874,0.00331464337420465,-0.001144092286781323,0.01556096027484562,-0.13448321319629292,-0.36825066207639673,0.03995089464578973,-0.12858480617604207,-0.37138273443848374
PROPERTIES_ENTRY,0.001775000000000001,0.001800000000000001,2.5e-05,0,71,B2,0,0,0,0.015560960860398062,-0.13448321416882297,-0.368250664858767,0.9808195765118685,0.0077306722270127975,-0.06681114733860585,-0.1829466196170256,0.0012035633859931833,1.0244035685088867e-06,-3.8907880798529e-07,43.38483214211169,-257.03067094472647,-818.6407051674013,-0.002899477368825811,0.00331464337420465,-0.001144092286781323,0.015560960860398062,-0.13448321416882297,-0.368250664858767,0.03995089557963551,-0.12858480695155075,-0.3713827373092875
PROPERTIES_ENTRY,0.001775000000000001,0.001800000000000001,2.5e-05,0,71,B2,0,0,0,0.015560960860622329,-0.1344832141691888,-0.3682506648598053,0.9808195765117603,0.007730672227123932,-0.06681114733878514,-0.18294661961753475,0.0012035633859931838,1.0244035685088867e-06,-3.8907880798529e-07,43.384832159881746,-257.03067097664024,-818.6407052495053,-0.002899477368782396,0.00331464337420465,-0.001144092286781323,0.015560960860622329,-0.13448321416918876,-0.3682506648598053,0.03995089557999019,-0.12858480695184188,-0.3713827373103593
PROPERTIES_ENTRY,0.001775000000000001,0.001800000000000001,2.5e-05,0,71,B2,0,0,0,0.015560960860622416,-0.13448321416918893,-0.3682506648598057,0.9808195765117603,0.007730672227123974,-0.06681114733878522,-0.18294661961753494,0.0012035633859931838,1.0244035685088867e-06,-3.8907880798529e-07,43.38483215988852,-257.0306709766523,-818.6407052495359,-0.0028994773687823793,0.00331464337420465,-0.001144092286781323,0.015560960860622416,-0.13448321416918893,-0.3682506648598057,0.03995089557999032,-0.12858480695184202,-0.3713827373103597
BOUNDARY_SNAPSHOT,0.001800000000000001,0.001800000000000001,2.5e-05,0,72,B2,0,0,0,0.015560960860622416,-0.13448321416918893,-0.3682506648598057,0.9808195765117603,0.007730672227123974,-0.06681114733878522,-0.18294661961753494,0.0012035633859931838,1.0244035685088867e-06,-3.8907880798529e-07,43.38483215988853,-257.0306709766523,-818.6407052495359,-0.0028994773687823793,0.00331464337420465,-0.001144092286781323,0.015560960860622416,-0.13448321416918893,-0.3682506648598057,0.03995089557999032,-0.12858480695184202,-0.3713827373103597
PROPERTIES_ENTRY,0.001800000000000001,0.001825000000000001,2.5e-05,0,72,B2,0,0,0,0.015560960860622416,-0.13448321416918893,-0.3682506648598057,0.9808195765117603,0.007730672227123974,-0.06681114733878522,-0.18294661961753494,0.0012035633859931838,1.0244035685088867e-06,-3.8907880798529e-07,43.38483215988853,-257.0306709766523,-818.6407052495359,-0.0028994773687823793,0.00331464337420465,-0.001144092286781323,0.015560960860622416,-0.13448321416918893,-0.3682506648598057,0.03995089557999032,-0.12858480695184202,-0.3713827373103597
PROPERTIES_ENTRY,0.001800000000000001,0.001825000000000001,2.5e-05,0,72,B2,0,0,0,0.016469101140460914,-0.14099781197628228,-0.38916138180743765,0.9786267981461815,0.008175800312505581,-0.06999592420901422,-0.19319243472126177,0.001203492879566117,1.1110240631801213e-06,-4.1851765169346986e-07,45.497778123864734,-266.5703841725786,-852.6452788169947,-0.002741036796549724,0.003614996199494119,-0.0012110152098730644,0.016469101140460914,-0.14099781197628228,-0.38916138180743765,0.04345197365118349,-0.13424361416542985,-0.3927326796099268
PROPERTIES_ENTRY,0.001800000000000001,0.001825000000000001,2.5e-05,0,72,B2,0,0,0,0.01647068851501155,-0.1410004706089967,-0.38916902724411406,0.9786259600818366,0.008176586029946942,-0.06999722429008962,-0.19319617565180042,0.0012034928837000882,1.1110240631801213e-06,-4.1851765169346986e-07,45.62362133379465,-266.802710321193,-853.2498462684601,-0.0027407060788532354,0.003614996199494119,-0.0012110152098730644,0.016470688515011555,-0.1410004706089967,-0.3891690272441141,0.04345456164177165,-0.1342456953893967,-0.39274058302074816
PROPERTIES_ENTRY,0.001800000000000001,0.001825000000000001,2.5e-05,0,72,B2,0,0,0,0.016470689113788087,-0.14100047159277748,-0.38916903004982767,0.9786259597739311,0.008176586326351444,-0.06999722477121384,-0.19319617702461941,0.0012034928837016587,1.1110240631801213e-06,-4.1851765169346986e-07,45.6236686540951,-266.80279646268076,-853.2500680542348,-0.0027407059532130774,0.003614996199494119,-0.0012110152098730644,0.016470689113788087,-0.14100047159277748,-0.38916903004982767,0.0434545626090406,-0.13424569615790924,-0.39274058592250805
PROPERTIES_ENTRY,0.001800000000000001,0.001825000000000001,2.5e-05,0,72,B2,0,0,0,0.01647068911401393,-0.14100047159314158,-0.3891690300508573,0.9786259597738179,0.00817658632646325,-0.06999722477139192,-0.19319617702512323,0.0012034928837016594,1.1110240631801213e-06,-4.1851765169346986e-07,45.62366867188886,-266.8027964946249,-853.2500681355967,-0.0027407059531669247,0.003614996199494119,-0.0012110152098730644,0.01647068911401393,-0.14100047159314158,-0.3891690300508573,0.043454562609402156,-0.13424569615819304,-0.3927405859235734
BOUNDARY_SNAPSHOT,0.001825000000000001,0.001825000000000001,2.5e-05,0,73,B2,0,0,0,0.016470689114014014,-0.1410004715931417,-0.3891690300508577,0.9786259597738179,0.00817658632646329,-0.06999722477139197,-0.1931961770251234,0.0012034928837016594,1.1110240631801213e-06,-4.1851765169346986e-07,45.62366867189548,-266.8027964946367,-853.2500681356264,-0.0027407059531669078,0.003614996199494119,-0.0012110152098730644,0.016470689114014014,-0.1410004715931417,-0.3891690300508577,0.043454562609402274,-0.13424569615819315,-0.39274058592357375
PROPERTIES_ENTRY,0.001825000000000001,0.0018500000000000012,2.5e-05,0,73,B2,0,0,0,0.016470689114014014,-0.1410004715931417,-0.3891690300508577,0.9786259597738179,0.00817658632646329,-0.06999722477139197,-0.1931961770251234,0.0012034928837016594,1.1110240631801213e-06,-4.1851765169346986e-07,45.62366867189548,-266.8027964946367,-853.2500681356264,-0.0027407059531669078,0.003614996199494119,-0.0012110152098730644,0.016470689114014014,-0.1410004715931417,-0.3891690300508577,0.043454562609402274,-0.13424569615819315,-0.39274058592357375
PROPERTIES_ENTRY,0.001825000000000001,0.0018500000000000012,2.5e-05,0,73,B2,0,0,0,0.017421947359650847,-0.14775821859533647,-0.41095811259579057,0.9762170507213122,0.008641806014041213,-0.07329248767210057,-0.20384749279947903,0.001203427031304502,1.2054169651179406e-06,-4.4987542710165897e-07,47.814591504349245,-276.6099279172139,-888.1342119221945,-0.0025274858194420844,0.003936435955531434,-0.0012976068227820619,0.017421947359650847,-0.14775821859533647,-0.41095811259579057,0.04723327168104075,-0.14003273706221403,-0.415024586177009
PROPERTIES_ENTRY,0.001825000000000001,0.0018500000000000012,2.5e-05,0,73,B2,0,0,0,0.017423593476154013,-0.14776094849463642,-0.41096593556732613,0.9762161462127688,0.008642619901938445,-0.07329381943723662,-0.20385131107506388,0.0012034270358397812,1.2054169651179406e-06,-4.4987542710165897e-07,47.944317224837185,-276.8497939861793,-888.7524100804488,-0.00252712299709919,0.003936435955531434,-0.0012976068227820619,0.017423593476154013,-0.14776094849463642,-0.41096593556732613,0.047235991174180966,-0.14003482729902492,-0.41503269316355607
PROPERTIES_ENTRY,0.001825000000000001,0.0018500000000000012,2.5e-05,0,73,B2,0,0,0,0.01742359408680845,-0.14776094948707738,-0.410965938386302,0.9762161458864341,0.008642620203890498,-0.07329381992145452,-0.20385131245093605,0.0012034270358414734,1.2054169651179406e-06,-4.4987542710165897e-07,47.94436518474511,-276.84988138319187,-888.7526327586587,-0.002527122861713308,0.003936435955531434,-0.0012976068227820619,0.01742359408680845,-0.14776094948707738,-0.41096593838630197,0.0472359921730614,-0.14003482805712297,-0.4150326960864295
PROPERTIES_ENTRY,0.001825000000000001,0.0018500000000000012,2.5e-05,0,73,B2,0,0,0,0.017423594087034963,-0.14776094948743826,-0.41096593838731776,0.9762161458863163,0.008642620204002513,-0.07329381992163062,-0.20385131245143184,0.001203427035841474,1.2054169651179406e-06,-4.4987542710165897e-07,47.944365202476106,-276.8498814150406,-888.7526328388682,-0.0025271228616644712,0.003936435955531434,-0.0012976068227820619,0.017423594087034963,-0.14776094948743826,-0.41096593838731776,0.047235992173428346,-0.14003482805739798,-0.4150326960874834
CALLBACK_BEFORE,0.001825000000000001,0.001825000000000001,2.5e-05,1,73,B2,0,0,0,0.017423594087035043,-0.14776094948743837,-0.4109659383873182,0.9762161458863163,0.008642620204002553,-0.07329381992163067,-0.20385131245143204,0.001203427035841474,1.2054169651179406e-06,-4.4987542710165897e-07,47.94436520248257,-276.8498814150523,-888.7526328388972,-0.0025271228616644535,0.003936435955531434,-0.0012976068227820619,0.017423594087035043,-0.14776094948743837,-0.4109659383873182,0.04723599217342847,-0.14003482805739806,-0.4150326960874837
CALLBACK_AFTER,0.001825000000000001,0.001825000000000001,2.5e-05,1,73,B2,0,0,0,0.017423594087035043,-0.14776094948743837,-0.4109659383873182,0.9762161458863163,0.008642620204002553,-0.07329381992163067,-0.20385131245143204,0.001203427035841474,1.2054169651179406e-06,-4.4987542710165897e-07,47.94436520248257,-276.8498814150523,-888.7526328388972,-0.0025271228616644535,0.003936435955531434,-0.0012976068227820619,0.017423594087035043,-0.14776094948743837,-0.4109659383873182,0.04723599217342847,-0.14003482805739806,-0.4150326960874837
BOUNDARY_SNAPSHOT,0.0018500000000000012,0.0018500000000000012,2.5e-05,1,74,B2,0,0,0,0.01744575535820118,-0.14788498103090597,-0.41141057283494953,0.9761661590262061,0.00865346704431786,-0.07335410725560394,-0.20406842584993412,0.0012034297056301177,1.2094349620684072e-06,-4.509578222630214e-07,47.94436520248257,-276.8498814150523,-888.7526328388972,-0.0025271228616644535,0.003936435955531434,-0.0012976068227820619,0.01744575535820118,-0.14788498103090597,-0.41141057283494953,0.047314270819029614,-0.14013803265885513,-0.41548735709013024
PROPERTIES_ENTRY,0.0018500000000000012,0.0018750000000000012,2.5e-05,1,74,B2,0,0,0,0.01744575535820118,-0.14788498103090597,-0.41141057283494953,0.9761661590262061,0.00865346704431786,-0.07335410725560394,-0.20406842584993412,0.0012034297056301177,1.2094349620684072e-06,-4.509578222630214e-07,47.94436520248257,-276.8498814150523,-888.7526328388972,-0.0025271228616644535,0.003936435955531434,-0.0012976068227820619,0.01744575535820118,-0.14788498103090597,-0.41141057283494953,0.047314270819029614,-0.14013803265885513,-0.41548735709013024
PROPERTIES_ENTRY,0.0018500000000000012,0.0018750000000000012,2.5e-05,1,74,B2,0,0,0,0.018465045605293693,-0.1550072196799264,-0.4345175536853678,0.9734714186227289,0.009150735582711922,-0.07681703641694232,-0.21533416839662287,0.0012033788894102553,1.3211044794878969e-06,-4.876215129167203e-07,50.27719097429085,-286.57128209916203,-923.2735480148585,-0.002032648794497174,0.004466780696779588,-0.0014665476261479522,0.018465045605293696,-0.15500721967992642,-0.4345175536853678,0.051469721414547545,-0.1461370429286884,-0.43916207302023447
PROPERTIES_ENTRY,0.0018500000000000012,0.0018750000000000012,2.5e-05,1,74,B2,0,0,0,0.01847192496231135,-0.15501850950017312,-0.43455009649426796,0.9734674495823252,0.00915413252754568,-0.07682252840905976,-0.21535000717480954,0.0012033789096687912,1.3211044794878969e-06,-4.876215129167203e-07,50.54851519765368,-287.06798560301087,-924.5592105074026,-0.0020318384530633514,0.004466780696779588,-0.0014665476261479522,0.018471924962311346,-0.1550185095001731,-0.4345500964942679,0.051481262414495334,-0.14614546251257485,-0.43919587880008526
PROPERTIES_ENTRY,0.0018500000000000012,0.0018750000000000012,2.5e-05,1,74,B2,0,0,0,0.018471934550364836,-0.15501852539457572,-0.4345501425080721,0.9734674439733791,0.009154137261768008,-0.07682253614041677,-0.2153500295701932,0.0012033789096984372,1.3211044794878969e-06,-4.876215129167203e-07,50.54889401128685,-287.0686841153936,-924.5610287116504,-0.0020318372672228006,0.004466780696779588,-0.0014665476261479522,0.018471934550364836,-0.15501852539457572,-0.4345501425080721,0.051481278582345184,-0.14614547438070358,-0.4391959265868262
PROPERTIES_ENTRY,0.0018500000000000012,0.0018750000000000012,2.5e-05,1,74,B2,0,0,0,0.01847193456372576,-0.15501852541695202,-0.4345501425731313,0.9734674439654531,0.009154137268364794,-0.07682253615130029,-0.2153500296018585,0.001203378909698479,1.3211044794878969e-06,-4.876215129167203e-07,50.54889454010195,-287.06868509767475,-924.5610312829064,-0.002031837265546862,0.004466780696779588,-0.0014665476261479522,0.018471934563725763,-0.15501852541695205,-0.43455014257313135,0.051481278604992825,-0.1461454743974326,-0.43919592665437407
CALLBACK_BEFORE,0.0018500000000000012,0.0018500000000000012,2.5e-05,2,74,B2,0,0,0,0.018471934563744376,-0.15501852541698355,-0.4345501425732233,0.973467443965442,0.009154137268373984,-0.07682253615131562,-0.21535002960190328,0.001203378909698479,1.3211044794878969e-06,-4.876215129167203e-07,50.548894540840124,-287.0686850990561,-924.5610312865425,-0.0020318372655444934,0.004466780696779588,-0.0014665476261479522,0.018471934563744376,-0.15501852541698355,-0.4345501425732233,0.05148127860502453,-0.14614547439745626,-0.4391959266544693
CALLBACK_AFTER,0.0018500000000000012,0.0018500000000000012,2.5e-05,2,74,B2,0,0,0,0.018471934563744376,-0.15501852541698355,-0.4345501425732233,0.973467443965442,0.009154137268373984,-0.07682253615131562,-0.21535002960190328,0.001203378909698479,1.3211044794878969e-06,-4.876215129167203e-07,50.548894540840124,-287.0686850990561,-924.5610312865425,-0.0020318372655444934,0.004466780696779588,-0.0014665476261479522,0.018471934563744376,-0.15501852541698355,-0.4345501425732233,0.05148127860502453,-0.14614547439745626,-0.4391959266544693
BOUNDARY_SNAPSHOT,0.0018750000000000012,0.0018750000000000012,2.5e-05,2,75,B2,0,0,0,0.018471934563744376,-0.15501852541698355,-0.4345501425732233,0.973467443965442,0.009154137268373986,-0.07682253615131562,-0.21535002960190328,0.001203378909698479,1.3211044794878969e-06,-4.876215129167203e-07,50.548894540840124,-287.0686850990561,-924.5610312865425,-0.0020318372655444934,0.004466780696779588,-0.0014665476261479522,0.018471934563744376,-0.15501852541698355,-0.4345501425732233,0.051481278605024536,-0.14614547439745626,-0.4391959266544693
