time_s,old_s_eff_mm,old_phase_deg,old_Fx_N,old_Fy_N,old_Fz_N,old_Tx_Nm,old_Ty_Nm,old_Tz_Nm,L2300_Fx_N,L2300_Fy_N,L2300_Fz_N,L2300_Tx_Nm,L2300_Ty_Nm,L2300_Tz_Nm,same_identity_force_error_N,same_identity_torque_error_Nm
1.01e-05,31.699860643,0.3636,8.883903575281044e-09,-7.042719132853047e-21,3.929893731208807e-20,-3.285286438225013e-20,1.5861885562437625e-10,5.8345921506950204e-12,-8.49493039715653e-09,-4.164041818419451e-25,-7.922600803016679e-25,1.3416720348275112e-12,-1.6207772692498652e-10,2.476815657432345e-11,5.493562776844995e-14,5.554471306074662e-15
0.0008035,31.695292143,28.926,2.6280480856658815e-05,3.230964825654166e-17,-7.770680258110951e-18,3.698138753047386e-09,3.4292310121037903e-07,1.2009145383297055e-06,-2.5127972827948123e-05,-1.2234348241016073e-21,-2.294140852779227e-21,3.625404880924458e-09,-3.583939330069296e-07,-1.0590517946389762e-06,1.643136268493279e-10,5.4202142662080306e-11
0.001597,31.692010453,57.492,2.8943581685183145e-05,5.69473485328867e-17,2.134184213901935e-17,5.956162539138085e-08,-1.7101538684905037e-07,9.59396371779765e-07,-2.7647024580517886e-05,-1.3333729011703667e-21,-2.5075592249582743e-21,-4.739202223619161e-08,1.3017557952813025e-07,-8.177981281557495e-07,8.6603090858713e-11,1.9976550611778654e-10
0.0023905,31.690546085,86.058,2.7450813172701833e-05,6.417693355637976e-17,-8.662267138390828e-17,1.3768452743508777e-07,-5.46753795310342e-07,-1.1218711191922142e-06,-2.617022057642515e-05,-1.2529855591767697e-21,-2.382925255870535e-21,-1.2252458624399044e-07,4.885712456228829e-07,1.1722289000985804e-06,5.95049209763371e-11,2.696308373532929e-10
0.003184,31.690925699,114.624,2.6430055442798647e-05,3.916341534924983e-17,4.6682526822026255e-17,1.0247112219484488e-07,-2.4338571804579795e-07,-2.500919093718664e-06,-2.516975200562372e-05,-1.2088352002238997e-21,-2.288814980849656e-21,-9.136089020858256e-08,1.9690256342138375e-07,2.4884356996176456e-06,2.193368116255605e-10,1.651544223232948e-10
0.0039775,31.693044887,143.19,2.8044416471582824e-05,1.6439427198548275e-17,6.172413789936812e-17,-8.352335531194508e-09,3.963267220727846e-07,-1.4938711805370154e-06,-2.674479517786187e-05,-1.301475279334188e-21,-2.4112846121482026e-21,1.0280561230693718e-08,-4.162738526155658e-07,1.5259194279840083e-06,4.454165216524733e-10,4.612866283508106e-10
0.004771,31.697206797,171.756,2.9069120664748066e-05,5.653653755346836e-17,-8.266533345433619e-17,-6.24602862414145e-08,6.135203403709342e-07,9.301014402538151e-07,-2.779726384839039e-05,-1.37133543733368e-21,-2.516031255374681e-21,5.694278059429972e-08,-6.258968608328789e-07,-7.919694860015976e-07,1.384264621874362e-10,4.838951685423787e-10
0.0055645,31.703260591,200.322,2.814529568551364e-05,-1.6619421699839813e-17,-1.1890563810261143e-16,-7.374523445632491e-08,1.567853232727573e-07,2.138811007992244e-06,-2.697068824439504e-05,-1.3420560321130217e-21,-2.360838351968159e-21,6.307567664961137e-08,-1.898465726994982e-07,-1.949301574919664e-06,5.859838147089853e-11,1.7919647440895055e-10
0.006358,31.710702093,228.888,2.812714584455677e-05,6.918136302743578e-17,-1.2478658785539803e-16,-1.0367478540749209e-07,-3.861468200827481e-07,1.01552578304885e-06,-2.696085171482469e-05,-1.349039702140397e-21,-2.1368104531960558e-21,8.869906390503266e-08,3.2958458952233884e-07,-8.74065713955921e-07,2.0685266505589768e-10,1.6377206795307391e-10
0.0071515,31.719698987,257.454,2.8773154347969895e-05,2.5814281979640464e-17,1.203887927932537e-17,-8.820870106968379e-08,-3.814516335438093e-07,-8.421685880207648e-07,-2.7557378720345083e-05,-1.3931695006948576e-21,-1.895094374857337e-21,7.335850748607895e-08,3.2482013771297557e-07,9.025417504838477e-07,1.4556147123217413e-10,2.3267169528420174e-10
0.007945,31.730655844,286.02,2.888844534192512e-05,1.8992172743335922e-17,-1.3453424301240052e-17,1.3949001499157811e-08,1.0716675896028352e-07,-1.050084400424841e-06,-2.7660456031927257e-05,-1.422819202601362e-21,-1.522762766853089e-21,-2.220140605561346e-08,-1.428846261151625e-07,1.1008493329202565e-06,1.7335809162851367e-11,7.150959336310593e-11
0.0087384,31.743615227,314.5824,2.8455095698130658e-05,2.7382034085889767e-17,-9.166759961775489e-17,9.959854416486185e-08,4.404100384668378e-07,6.315112067203295e-07,-2.726307861485545e-05,-1.4306716287273019e-21,-1.0592678921718334e-21,-9.98219168001245e-08,-4.6256628729154405e-07,-5.069052819109341e-07,8.099930337126812e-11,4.3495915201782683e-11
0.0095319,31.758241617,343.1484,2.838488744661656e-05,7.989659450799869e-17,-5.740172876952943e-17,9.635944809078542e-08,1.6512716005737202e-07,2.0157323758525364e-06,-2.72017383060118e-05,-1.4548408258782122e-21,-5.808987672796198e-22,-9.124828916364981e-08,-2.001193291684707e-07,-1.8318197654474445e-06,6.390423259335331e-11,1.5566746065412657e-10
0.0103254,31.774296305,11.7144,2.9139664467578643e-05,1.0415434756794097e-17,1.377783792003845e-17,7.18422240738362e-08,-4.1673111004679826e-07,1.1792393885388186e-06,-2.7883049964606082e-05,-1.5213962491251433e-21,-6.320958462745804e-23,-6.23987745921035e-08,3.560114623474359e-07,-1.0313359927270934e-06,1.0573757425124221e-10,4.1427624536587394e-10
0.0111189,31.792184236,40.2804,2.8150499654910027e-05,-6.550216954191832e-17,3.759894549567114e-17,5.386126173840427e-08,-5.712266234075013e-07,-1.2145315412891675e-06,-2.6864745811433433e-05,-1.502181890607414e-21,5.387845279856362e-22,-4.1140278546937445e-08,5.027616588026226e-07,1.257160028116118e-06,1.2972733728108125e-10,3.8311569596222754e-10
0.0119124,31.812097284,68.8464,2.6335247265053262e-05,-5.065897593247077e-17,1.063619271867225e-17,-2.234830843069651e-08,-7.47253669980509e-08,-2.5604722583165365e-06,-2.508258711457992e-05,-1.434330814942698e-21,5.746505430946663e-22,3.346083492921488e-08,2.727714552496263e-08,2.5414747825383715e-06,8.85699606477613e-11,1.208913258725836e-10
0.0127059,31.833741317,97.4124,2.723730017903609e-05,-5.355101111219297e-17,2.60394868644917e-17,-1.1345071629888009e-07,4.7469620716211606e-07,-1.4636513108633109e-06,-2.5955282850633226e-05,-1.515260252797096e-21,2.4814221567779056e-22,1.195180226222037e-07,-4.989946032128292e-07,1.4931468418093537e-06,4.485153089484361e-10,3.96758119301699e-10
0.0134994,31.857235518,125.9784,2.8948027978438256e-05,-2.7197751480302753e-17,5.598887781350925e-19,-1.099757817232539e-07,4.366581975261111e-07,7.519181995210923e-07,-2.7640886091617902e-05,-1.6476736383939898e-21,-1.6331089780636372e-22,1.1250614816594828e-07,-4.64494751271522e-07,-6.250898639758698e-07,3.5470482244955455e-10,3.529918155611565e-10
0.0142929,31.88260344,154.5444,2.9290449748405353e-05,3.6837198178293505e-17,-1.1836184295047417e-16,-4.974886444969771e-08,-9.787096662587329e-08,1.5332888920149261e-06,-2.8008955469270584e-05,-1.704530487089055e-21,-6.447484855259285e-22,4.9141100844663745e-08,4.5618074630766704e-08,-1.3730617394237808e-06,2.5551291220644754e-10,1.8208052723392195e-10
0.0150864,31.909635551,183.1104,2.9308588269886845e-05,3.3214650021123676e-17,3.3048684503021036e-17,-1.440061517489596e-08,-4.2516504446727765e-07,1.9639663755831323e-07,-2.8031400139674534e-05,-1.6613703438622953e-21,-1.0381927906947818e-21,9.015914873123445e-09,3.58361491822172e-07,-9.392256565551956e-08,2.504431831460352e-10,5.223121202416698e-11
0.0158799,31.938473986,211.6764,2.9319816967016188e-05,1.774406969555671e-17,-3.6948424192179835e-17,3.275609578475084e-08,-1.2788758908344553e-07,-1.3419423548589299e-06,-2.8037629860867912e-05,-1.4574390999483961e-21,-1.2396981534542729e-21,-4.118193491995356e-08,7.441223946007469e-08,1.376294955517866e-06,1.621664198054075e-10,3.9981451352788316e-11
0.0166734,31.969363454,240.2424,2.9009032404857375e-05,-2.3139193113533773e-17,-1.2697023879341962e-18,1.108931413403631e-07,4.0664764798734305e-07,-9.27505136168614e-07,-2.7764534497166816e-05,-1.228841035053801e-21,-1.4461794685931846e-21,-1.1864391909723786e-07,-4.3627045429712977e-07,9.798022622783309e-07,2.0633633073909642e-11,2.196684999169058e-10
0.0174668,32.002301972,268.8048,2.7549880339840285e-05,-2.3490341209729884e-18,-1.3371685621830012e-16,1.2255633970837115e-07,4.781281439563794e-07,1.1700047039521138e-06,-2.6416989251091446e-05,-9.692864969011113e-22,-1.5867331223334874e-21,-1.2974389670867233e-07,-5.05409232661513e-07,-1.026125343707926e-06,2.2013491954323773e-10,2.2040866182447655e-10
0.0182603,32.036765226,297.3708,2.6626759438412265e-05,-4.195184781161099e-17,1.04441703495297e-16,3.842091375451428e-08,-5.189038594448208e-08,2.506330636771212e-06,-2.5559913132461843e-05,-9.508983741302133e-22,-1.5810749852976632e-21,-4.621674112282714e-08,1.8645762026839937e-10,-2.3057159936865754e-06,1.5023762784650936e-10,1.8016390771029543e-10
0.0190538,32.072324957,325.9368,2.8292325693149594e-05,4.7927824073167686e-17,-4.5309486414527034e-17,-2.991561721627932e-08,-5.729275158862798e-07,1.4336332541050916e-06,-2.7122883768103572e-05,-1.0238252945622863e-21,-1.7424435992559552e-21,2.4633490883052676e-08,4.967465677196552e-07,-1.2790801714818922e-06,4.5463168094471796e-10,4.4207674865786377e-10
0.0198473,32.109504003,354.5028,2.9263564652912203e-05,3.033812613224807e-17,8.069005262133916e-17,-5.462243769050159e-08,-4.518219555696804e-07,-1.004801546691053e-06,-2.7979417744541932e-05,-1.0866434028586237e-21,-1.8900876445512417e-21,5.492620550287589e-08,3.7894002961828273e-07,1.0524078396108273e-06,2.0594656700364594e-10,4.856053550803691e-10
0.0206408,32.148833477,23.0688,2.826498782892606e-05,4.9656935955868934e-17,-3.1645997942367915e-17,-1.0094433987483964e-07,1.4120360944875494e-07,-2.16346524870096e-06,-2.696901523304058e-05,-1.1142292020992972e-21,-1.9738565450173216e-21,1.0541415177131577e-07,-1.8829638309896317e-07,2.1580827829545343e-06,1.1339761223331851e-10,1.7874294075591038e-10
0.0214343,32.190140644,51.6348,2.8287187909741412e-05,-9.0427649262093e-18,2.4358126464191915e-17,-1.1994623560603946e-07,4.6270986000277733e-07,-9.9348700190047e-07,-2.6985133742495736e-05,-1.19040079654601e-21,-2.1300688741895284e-21,1.2774483410973075e-07,-4.952284170938858e-07,1.0398558176060145e-06,2.7313240726548033e-10,2.0947026630622494e-10
0.0222278,32.23331081,80.2008,2.9006880546702468e-05,2.634007768164857e-17,4.778875185114037e-17,-3.341858551960105e-08,1.5636554855751165e-07,8.623430786661749e-07,-2.769667257785486e-05,-1.3071750720430922e-21,-1.9237171406421822e-21,4.6063534178151025e-08,-2.0228622029733042e-07,-7.345588867685196e-07,9.024230516160925e-11,2.0309504045363335e-10
0.0230213,32.278259493,108.7668,2.914135777181477e-05,4.21735586855548e-17,-1.198551620364835e-17,7.326679009282095e-08,-3.5952177978143117e-07,1.037622035107437e-06,-2.7833648250908796e-05,-1.401830490757402e-21,-1.5332498685285492e-21,-5.8349371421111255e-08,2.9066988042398296e-07,-9.021487771565732e-07,6.012152573545034e-11,2.5372033193229287e-11
0.0238148,32.324947835,137.3328,2.8758549837382582e-05,-2.6345424577128114e-17,-8.519711493367929e-17,9.24878369487689e-08,-4.1317383058233124e-07,-6.518637679351219e-07,-2.7449831150412967e-05,-1.444287393615601e-21,-1.3989238945651024e-21,-8.19167566486067e-08,3.406800076103764e-07,7.136586785218389e-07,1.407744897994788e-10,6.703750336482884e-11
0.0246083,32.373491341,165.8988,2.8718359331016424e-05,-2.807003659729707e-17,1.247594828010859e-16,7.704218243363064e-08,1.2035512503962036e-07,-1.994946899287663e-06,-2.7403566644235777e-05,-1.478097021758014e-21,-1.541096520838499e-21,-7.399037844086446e-08,-1.7055642188736167e-07,1.99604555502729e-06,3.103950360492566e-10,1.6874406451814288e-10
0.0254017,32.424038115,194.4612,2.940934454879371e-05,7.678401312463516e-17,-1.195697119332588e-16,8.594275635488087e-08,6.179846219413875e-07,-1.1079173345651008e-06,-2.810209386389511e-05,-1.5684521206037026e-21,-1.67826472675462e-21,-8.945660726850824e-08,-6.469876586431025e-07,1.1475457686448161e-06,2.3588582610032704e-10,4.035857977768037e-10
0.0261952,32.476770364,223.0272,2.8359915166123412e-05,1.908730513122442e-17,-1.1597659817100606e-16,3.574962125181151e-08,4.385042181216415e-07,1.2766136650562132e-06,-2.7168465774403728e-05,-1.5780528920687263e-21,-1.7188339039494455e-21,-4.6876128632221226e-08,-4.7607663713847256e-07,-1.1332953569665354e-06,2.1141954884989256e-10,4.2653675853472725e-10
0.0269887,32.531180052,251.5932,2.6580399342073203e-05,-6.092189181919989e-17,4.310127152103507e-17,-9.058626794193137e-08,-2.2606145889987358e-07,2.5574869735506304e-06,-2.551274488590135e-05,-1.3862245573033233e-21,-1.6011558614574598e-21,7.156165437389254e-08,1.5946389269229115e-07,-2.3599812759236697e-06,3.394523680028493e-12,1.20373449017218e-10
0.0277822,32.586659968,280.1592,2.759852086199271e-05,-4.5678263383937875e-17,1.457150779161573e-17,-1.3948678973097026e-07,-5.910345276668294e-07,1.4114127942945781e-06,-2.6476236081208556e-05,-1.2159824900680278e-21,-1.548238942791996e-21,1.194172330784205e-07,5.076347193992095e-07,-1.2628105145185352e-06,4.851737092492099e-10,3.530064312769426e-10
0.0285757,32.643584835,308.7252,2.9361861307464805e-05,7.981538522418069e-18,6.69884476665536e-17,-6.81082374358409e-08,-2.323488120812197e-07,-7.922445484231612e-07,-2.8111478011410286e-05,-1.3870461209890341e-21,-1.602755626557222e-21,5.5623139315548574e-08,1.6276624174522572e-07,8.44705256019188e-07,3.5251948813181154e-10,4.2305181192433235e-10
0.0293692,32.702572763,337.2912,2.9658703854474673e-05,2.198622245364306e-17,4.3875459634825503e-17,-2.5076475049439147e-08,3.7299050423335084e-07,-1.5304272547598976e-06,-2.8354853855608715e-05,-1.5956164627581424e-21,-1.5623743267811158e-21,2.154468502009901e-08,-4.168328267401992e-07,1.5494097330710186e-06,1.6469688381987095e-10,1.6458682063275333e-10
0.0301627,32.763667254,5.8572,2.9674044273850164e-05,5.363624380251043e-18,1.2688977066343046e-16,-1.9212938994124902e-08,4.338080899673404e-07,-1.8436091734487786e-07,-2.8366838398821406e-05,-1.474085044212315e-21,-9.097010956753594e-22,2.3683877519470923e-08,-4.7502671702513326e-07,2.627787324822988e-07,2.4378852574695463e-11,5.985743406134497e-11
0.0309562,32.826669895,34.4232,2.9677061542551617e-05,5.046431717327989e-17,-1.4578284055193763e-17,6.730967946828961e-08,-1.3836169360556037e-07,1.3158661537840678e-06,-2.837779124798318e-05,-1.490217823929927e-21,-6.376350263350078e-22,-5.269710580454814e-08,7.276168345808684e-08,-1.1724125705687418e-06,1.9518619498246104e-10,5.443800316604418e-11
0.0317497,32.89139507,62.9892,2.932931172096907e-05,-2.45981014860609e-17,4.5138385759181665e-18,1.5964776174730316e-07,-6.211716191267332e-07,8.664062573664661e-07,-2.8023326856957962e-05,-1.683918621987284e-21,-8.932045483361397e-22,-1.374280983804489e-07,5.350124234469999e-07,-7.423972755823017e-07,1.5702972282942975e-10,2.815145617354375e-10
0.0325432,32.957938424,91.5552,2.7921307624823007e-05,6.45690568713993e-17,-2.2022009595664555e-17,9.996829178720621e-08,-3.811884387277749e-07,-1.2059409495012306e-06,-2.6629131596979548e-05,-1.509054516577486e-21,-1.8120082648553584e-21,-8.0221451780525e-08,3.046387053333798e-07,1.238769260312757e-06,1.0536952470358276e-10,1.8524078610387028e-10
0.0333367,33.026333611,120.1212,2.7097980210845405e-05,2.650027278779804e-17,2.3489917693256257e-17,-2.3575109137696292e-08,3.4916728275999484e-07,-2.470388930833757e-06,-2.581605906617581e-05,-1.4098173175037594e-21,-1.9563144889156068e-21,3.432849506429283e-08,-3.950308226262353e-07,2.445274531614642e-06,1.3651315416762769e-10,1.6020872243612127e-10
0.0341301,33.096512512,148.6836,2.880998459286427e-05,-6.688685665244228e-17,8.201735324968665e-17,-4.5057896126914115e-08,7.214587493930535e-07,-1.3511951794198182e-06,-2.748279875325272e-05,-1.5511155693565576e-21,-9.029293783998821e-22,4.836125924853833e-08,-7.531122022464786e-07,1.374950942058708e-06,5.179882978132626e-10,4.798230606721952e-10
0.0349236,33.168809882,177.2496,2.9717691502837965e-05,-4.269813677770123e-17,1.478072492958754e-17,-4.928403872721943e-08,2.672312608199844e-07,1.0557092854658177e-06,-2.8421587040465105e-05,-1.8152080311282437e-21,4.537184174339365e-22,4.432438042237321e-08,-3.206341232355359e-07,-9.270799559843466e-07,1.3868571143043858e-10,4.8512472453573e-10
0.0357171,33.243034603,205.8156,2.8643299139243988e-05,5.123644064426139e-17,-4.112937881982706e-17,-1.3165670273686806e-07,-4.2654460417771226e-07,2.1491759972704574e-06,-2.7447710920525624e-05,-1.6926010069589577e-21,-2.737897812819989e-22,1.1556249761789398e-07,3.432334733804865e-07,-1.9741548611940533e-06,1.2019937325473206e-10,1.542377171168192e-10
0.0365106,33.318653063,234.3816,2.8706614619991294e-05,1.336649754502808e-17,7.774153093194694e-17,-1.3052637192372676e-07,-5.081767309108604e-07,9.633585243942607e-07,-2.751114215161499e-05,-1.582670116221753e-21,-1.694518681942958e-21,1.0937819841568014e-07,4.2197574923781494e-07,-8.388607433023765e-07,2.8825345724647484e-10,2.1370867208863081e-10
0.0373041,33.395855549,262.9476,2.947628258059858e-05,5.4178344888753185e-18,-1.3586408473958977e-18,2.5313593173512052e-08,8.087004583608276e-08,-8.520269012281283e-07,-2.822082747536965e-05,-1.9451078235700065e-21,-6.697375788135261e-22,-4.10197332230204e-08,-1.4114175502411476e-07,8.971522647911401e-07,3.262407998236945e-10,1.6330783458972736e-10
0.0380976,33.475071645,291.5136,2.9629164283677798e-05,-4.72666089787173e-17,1.0782729418547243e-18,1.2583524017819923e-07,5.909065083091263e-07,-9.943657342554623e-07,-2.83574662237634e-05,-1.8581031240370945e-21,-4.462556989139126e-22,-1.3438203309446644e-07,-6.290943591958083e-07,1.0330527105575064e-06,5.1130485696098895e-11,5.220940993897081e-11
0.0388911,33.556342222,320.0796,2.9315161529895457e-05,1.3280417821763361e-18,1.1926139194045823e-16,8.06236297990894e-08,3.5621299958283184e-07,6.649640338094977e-07,-2.8076844588091122e-05,-1.7424451010511893e-21,-9.538478727013658e-22,-8.50408964009944e-08,-4.0595974619525385e-07,-5.534158807558993e-07,1.0071453446351722e-10,1.2546919819539944e-10
0.0396846,33.639352823,348.6456,2.9294935026406227e-05,4.518756660968162e-17,2.532459105700907e-17,6.254709399079137e-08,-4.0775888427798115e-07,1.936260979123178e-06,-2.8068586250463207e-05,-1.5881449256366829e-21,-1.4521515557875633e-21,-5.964453606610184e-08,3.2373186641747993e-07,-1.7705193118403834e-06,2.9376634253024266e-10,1.8081154150798867e-10
0.0404781,33.723873567,17.2116,2.9915693771542166e-05,-7.186534573948864e-17,9.876827681458769e-17,1.014669226860035e-07,-7.894278892713428e-07,1.0129330314569355e-06,-2.862607368774432e-05,-1.4075221799219764e-21,-1.4583423240270631e-21,-8.863650509358398e-08,6.880860972705818e-07,-8.875299871672554e-07,9.31625938199177e-11,4.1270414791454565e-10
0.0412716,33.810269138,45.7776,2.8810239169424388e-05,1.750631813517427e-17,8.476597516352685e-17,1.1812329938007784e-08,-2.832051906771083e-07,-1.3179657684872655e-06,-2.7499400967131346e-05,-1.281133583831231e-21,-9.233686762549773e-22,3.4798593495857374e-09,2.035482414368175e-07,1.3404805448343095e-06,9.000647426540049e-11,3.7504350940136453e-10
0.042065,33.898694606,74.34,2.70687019329412e-05,1.8066842188019802e-17,7.761786412164781e-17,-1.5747897476078788e-07,5.143116884576801e-07,-2.514484889864364e-06,-2.578965610305311e-05,-1.6926842861215707e-21,-8.450100905463561e-22,1.6808782241140388e-07,-5.585042612171995e-07,2.4819388191472353e-06,1.8087179549373834e-10,1.1905126398786616e-10
0.0428585,33.988900171,102.906,2.8197960398623965e-05,1.76674661533894e-17,1.8236619354385086e-18,-1.5698579242852693e-07,6.755578542001324e-07,-1.3465080321884808e-06,-2.6881785936652167e-05,-1.0993284705037409e-21,-1.1464018685227537e-21,1.6637678097703125e-07,-7.135867222857479e-07,1.3656696166701778e-06,3.060072765826235e-10,3.3562215458176157e-10
0.043652,34.081032869,131.472,2.9990587706640362e-05,-1.69795695211005e-17,2.2719117711254844e-17,-2.6075565131587844e-08,1.4654569426474918e-08,8.048577393513169e-07,-2.8648102003083705e-05,-1.410454286625072e-21,-1.2906952435063441e-21,3.600038763615163e-08,-8.344379904795686e-08,-6.914263069748976e-07,3.339244721391807e-10,4.3418461138000517e-10
0.0444455,34.175108256,160.038,3.023994596440233e-05,5.56776990845117e-17,-7.31734822474045e-17,-7.225543152766117e-09,-6.250628373890802e-07,1.4954331837977535e-06,-2.892574215563144e-05,-1.1995714574577647e-21,-1.4000247125569904e-21,9.78342740972412e-09,5.2767416630129e-07,-1.3522043977996289e-06,1.9559595542758703e-10,1.2638021642556313e-10
0.045239,34.270884452,188.604,3.0258047651151505e-05,-7.862000997736806e-18,7.538593230563273e-19,-2.3097345202481773e-08,-4.108766283798169e-07,1.745381038857876e-07,-2.8942011870839295e-05,-1.6889683930205193e-21,-5.202519603761703e-22,1.60290015608053e-08,3.226953451919159e-07,-8.815817695538155e-08,5.7489723021036575e-11,8.0468014152152e-11
0.0460325,34.368520858,217.17,3.0230605485870443e-05,5.991212266695436e-17,-1.2001609829646182e-16,1.0612372757462302e-07,4.0513276065540284e-07,-1.256161997553043e-06,-2.8904203151538143e-05,-1.5804865723261691e-21,-1.2325544567455357e-21,-1.1488445064229041e-07,-4.568307158648819e-07,1.2789258906998341e-06,2.2475562652461061e-10,7.960687844083097e-11
0.046826,34.46826834,245.736,2.984744783311753e-05,-5.418205065789742e-18,-1.3390659159848509e-16,2.031198816147931e-07,8.050904251351723e-07,-7.812966992681408e-07,-2.8557567504055838e-05,-1.832072078477152e-21,-1.0150787328801545e-21,-2.117778638244865e-07,-8.386292526754329e-07,8.244401875295443e-07,1.4595558110310297e-11,1.9329534809402544e-10
0.0476195,34.570109854,274.302,2.8508975915058213e-05,-8.004323708699209e-17,6.544515363665626e-17,7.121096603356222e-08,2.606200087512363e-07,1.225335025718387e-06,-2.7325617454291343e-05,-1.5530077216438953e-21,-2.765137256967221e-22,-8.577108120768972e-08,-3.187358151937091e-07,-1.0946696985886077e-06,2.4592665628622317e-11,2.105797723575004e-10
0.048413,34.673537851,302.868,2.7784004435724476e-05,-2.1148824506163778e-17,-2.935816195183405e-17,-8.030335082399962e-08,-6.350667495778791e-07,2.3963604291811676e-06,-2.6659897879534076e-05,-1.331122874476093e-21,-2.062307892358404e-21,6.333866324707681e-08,5.367031258633784e-07,-2.216371509674166e-06,2.671022257809866e-10,1.7028579778862204e-10
0.0492065,34.778157926,331.434,2.9532601309102114e-05,9.550878815443474e-18,1.2176860946433096e-16,-5.357994929061698e-08,-8.357558908991597e-07,1.2532747031935305e-06,-2.8302946979709656e-05,-1.4184300290052725e-21,-1.1044463050125156e-21,4.527761506323189e-08,7.263138502502374e-07,-1.122746436032893e-06,3.4443441450899375e-10,4.891668401961935e-10
0.05,34.88449762,0.0,3.0359598583285544e-05,4.475584450437794e-17,-4.430405830613618e-17,-4.7191167084138713e-08,-6.877987295664896e-08,-1.0808554268798156e-06,-2.90223620604424e-05,-1.6179181518968359e-21,-1.3688591793263247e-22,4.84059803412428e-08,-8.669236331594995e-09,1.1086792248776624e-06,1.7336826138714856e-10,4.605341170657784e-10
