candidate_id,shell_radial_mm,axial_extension_mm,rotation_axis,axis_xyz,theta_rad,robot_wall_clearance_mm,overset_wall_clearance_mm,receptors,donors,receptors_with_donors,missing_donors,orphans,dead_cells,minimum_geometric_overlap_thickness_mm,background_local_cell_size_mm,component_local_cell_size_mm,estimated_overlap_layers,minimum_donor_receptor_size_ratio,minimum_volume_m3,pose_transform_error_m,status,q0,q1,q2,q3,q_norm
A,0.05,0.1,failure_trajectory,"[0.04129325489475344, -0.3684752565834513, -0.928720007529695]",0.0,0.48829460813859116,0.4384912060060946,50363,28348,50363,0,21483,7929,0.05,0.18742598169322772,0.032121048333105896,0.2667719787208491,NOT_EXPOSED,8.805415261122034e-17,0.0,"FAIL:ORPHAN,OVERLAP_BELOW_4",1.0,0.0,-0.0,-0.0,1.0
A,0.05,0.1,failure_trajectory,"[0.04129325489475344, -0.3684752565834513, -0.928720007529695]",0.05,0.43570179624709593,0.3756722276957333,50331,29089,50331,0,22640,7958,0.05,0.18742598169322772,0.032121048333105896,0.2667719787208491,NOT_EXPOSED,8.805415261121988e-17,2.2642331866496824e-10,"FAIL:ORPHAN,OVERLAP_BELOW_4",0.9996875162757026,0.0010322238412112847,-0.009210921873591744,-0.023215581722134403,1.0
A,0.05,0.1,failure_trajectory,"[0.04129325489475344, -0.3684752565834513, -0.928720007529695]",0.1,0.3829869310883308,0.31239906635236886,50316,28832,50316,0,22445,7930,0.05,0.18742598169322772,0.032121048333105896,0.2667719787208491,NOT_EXPOSED,8.805415261121905e-17,2.2753902004216737e-10,"FAIL:ORPHAN,OVERLAP_BELOW_4",0.9987502603949663,0.002063802576122149,-0.018416087220840944,-0.04641665446139228,1.0
A,0.05,0.1,failure_trajectory,"[0.04129325489475344, -0.3684752565834513, -0.928720007529695]",0.15000000000000002,0.33132546909416427,0.25057868736059785,50333,30001,50333,0,23820,7991,0.05,0.18742598169322772,0.032121048333105896,0.2667719787208491,NOT_EXPOSED,8.80541526112219e-17,2.2535070466040355e-10,"FAIL:ORPHAN,OVERLAP_BELOW_4",0.9971888181122075,0.0030940915016026108,-0.027609743113046637,-0.06958871830253911,1.0
A,0.05,0.1,failure_trajectory,"[0.04129325489475344, -0.3684752565834513, -0.928720007529695]",0.2,0.2810715456464398,0.19036577291724674,50333,29654,50333,0,23498,7982,0.05,0.18742598169322772,0.032121048333105896,0.2667719787208491,NOT_EXPOSED,8.805415261122186e-17,2.2988336820194474e-10,"FAIL:ORPHAN,OVERLAP_BELOW_4",0.9950041652780258,0.0041224467206115965,-0.03678614381454261,-0.09271729145995743,1.0
A,0.05,0.1,failure_trajectory,"[0.04129325489475344, -0.3684752565834513, -0.928720007529695]",0.25,0.23235667828330644,0.13191152495251846,50329,30141,50329,0,24110,8007,0.05,0.18742598169322772,0.032121048333105896,0.2667719787208491,NOT_EXPOSED,8.805415261122692e-17,2.2358545661849663e-10,"FAIL:ORPHAN,OVERLAP_BELOW_4",0.992197667229329,0.005148225544611634,-0.045939554373595155,-0.11578791932829137,0.9999999999999999
A,0.05,0.1,failure_trajectory,"[0.04129325489475344, -0.3684752565834513, -0.928720007529695]",0.30000000000000004,0.18530972434456489,0.07536034068987715,50333,29633,50333,0,23368,7945,0.05,0.18742598169322772,0.032121048333105896,0.2667719787208491,NOT_EXPOSED,8.80541526112263e-17,2.3081766241893763e-10,"FAIL:ORPHAN,OVERLAP_BELOW_4",0.9887710779360422,0.006170786895228265,-0.055064254206561275,-0.13878618351610464,0.9999999999999999
A,0.05,0.1,failure_trajectory,"[0.04129325489475344, -0.3684752565834513, -0.928720007529695]",0.35000000000000003,0.1400378565922062,0.02085482844870269,50350,29966,50350,0,23614,7969,0.05,0.18742598169322772,0.032121048333105896,0.2667719787208491,NOT_EXPOSED,8.80541526112261e-17,2.227368197481139e-10,"FAIL:ORPHAN,OVERLAP_BELOW_4",0.9847265389049334,0.007189491704903162,-0.06415454067306711,-0.1616977108569056,0.9999999999999999
A,0.05,0.1,orthogonal_pitch_yaw,"[0.0, 0.9295128170778901, -0.3687898085467175]",0.0,0.48829460813859116,0.4384912060060946,50363,28348,50363,0,21483,7929,0.05,0.18742598169322772,0.032121048333105896,0.2667719787208491,NOT_EXPOSED,8.805415261122034e-17,0.0,"FAIL:ORPHAN,OVERLAP_BELOW_4",1.0,0.0,0.0,-0.0,1.0
A,0.05,0.1,orthogonal_pitch_yaw,"[0.0, 0.9295128170778901, -0.3687898085467175]",0.05,0.4356147982565972,0.37462972729523164,50338,28870,50338,0,22115,7873,0.05,0.18742598169322772,0.032121048333105896,0.2667719787208491,NOT_EXPOSED,8.805415261121505e-17,2.294513774326993e-10,"FAIL:ORPHAN,OVERLAP_BELOW_4",0.9996875162757026,0.0,0.0232353998962956,-0.009218784853553258,1.0
A,0.05,0.1,orthogonal_pitch_yaw,"[0.0, 0.9295128170778901, -0.3687898085467175]",0.1,0.3828007828382809,0.3112463410531088,50356,29890,50356,0,23534,7946,0.05,0.18742598169322772,0.032121048333105896,0.2667719787208491,NOT_EXPOSED,8.805415261121589e-17,2.2802407355118583e-10,"FAIL:ORPHAN,OVERLAP_BELOW_4",0.9987502603949663,0.0,0.046456278424000935,-0.018431808266657447,1.0
A,0.05,0.1,orthogonal_pitch_yaw,"[0.0, 0.9295128170778901, -0.3687898085467175]",0.15000000000000002,0.33121105989851884,0.24932489627926618,50352,28956,50352,0,22549,7922,0.05,0.18742598169322772,0.032121048333105896,0.2667719787208491,NOT_EXPOSED,8.805415261121381e-17,2.2804859477022355e-10,"FAIL:ORPHAN,OVERLAP_BELOW_4",0.9971888181122075,0.0,0.06964812328990842,-0.027633312399576237,1.0
A,0.05,0.1,orthogonal_pitch_yaw,"[0.0, 0.9295128170778901, -0.3687898085467175]",0.2,0.2810002694252113,0.1890197265205902,50363,28986,50363,0,22691,7895,0.05,0.18742598169322772,0.032121048333105896,0.2667719787208491,NOT_EXPOSED,8.805415261121477e-17,2.2284721692622896e-10,"FAIL:ORPHAN,OVERLAP_BELOW_4",0.9950041652780258,0.0,0.09279644034590397,-0.03681754661174843,1.0
A,0.05,0.1,orthogonal_pitch_yaw,"[0.0, 0.9295128170778901, -0.3687898085467175]",0.25,0.23230829099870706,0.1304810272919996,50372,30016,50372,0,23724,7950,0.05,0.18742598169322772,0.032121048333105896,0.2667719787208491,NOT_EXPOSED,8.805415261122022e-17,2.2408966506416678e-10,"FAIL:ORPHAN,OVERLAP_BELOW_4",0.992197667229329,0.0,0.11588676264733787,-0.04597877105575117,0.9999999999999999
A,0.05,0.1,orthogonal_pitch_yaw,"[0.0, 0.9295128170778901, -0.3687898085467175]",0.30000000000000004,0.18526140038836436,0.07385620539336588,50381,30813,50381,0,24808,8023,0.05,0.18742598169322772,0.032121048333105896,0.2667719787208491,NOT_EXPOSED,8.805415261121903e-17,2.2420424200263645e-10,"FAIL:ORPHAN,OVERLAP_BELOW_4",0.9887710779360422,0.0,0.13890465949439418,-0.055111260264517674,0.9999999999999999
A,0.05,0.1,orthogonal_pitch_yaw,"[0.0, 0.9295128170778901, -0.3687898085467175]",0.35000000000000003,0.14003418613052518,0.01928654774661302,50364,29356,50364,0,23012,7903,0.05,0.18742598169322772,0.032121048333105896,0.2667719787208491,NOT_EXPOSED,8.805415261122117e-17,2.261647630595992e-10,"FAIL:ORPHAN,OVERLAP_BELOW_4",0.9847265389049334,0.0,0.1618357454508083,-0.0642093067295678,0.9999999999999999
B,0.0625,0.1,failure_trajectory,"[0.04129325489475344, -0.3684752565834513, -0.928720007529695]",0.0,0.48852175812435755,0.4260065267409094,51914,24516,51914,0,16336,7885,0.0625,0.18742598169322772,0.03606768664076011,0.3334649734010614,NOT_EXPOSED,8.919734824614708e-17,0.0,"FAIL:ORPHAN,OVERLAP_BELOW_4",1.0,0.0,-0.0,-0.0,1.0
B,0.0625,0.1,failure_trajectory,"[0.04129325489475344, -0.3684752565834513, -0.928720007529695]",0.05,0.4352704982706824,0.36315893108741737,51887,24975,51887,0,17129,7927,0.0625,0.18742598169322772,0.03606768664076011,0.3334649734010614,NOT_EXPOSED,8.919734824614945e-17,2.2751131025860134e-10,"FAIL:ORPHAN,OVERLAP_BELOW_4",0.9996875162757026,0.0010322238412112847,-0.009210921873591744,-0.023215581722134403,1.0
B,0.0625,0.1,failure_trajectory,"[0.04129325489475344, -0.3684752565834513, -0.928720007529695]",0.1,0.3825762604696813,0.30014126582366124,51864,24171,51864,0,16233,7879,0.0625,0.18742598169322772,0.03606768664076011,0.3334649734010614,NOT_EXPOSED,8.919734824614818e-17,2.291563009840475e-10,"FAIL:ORPHAN,OVERLAP_BELOW_4",0.9987502603949663,0.002063802576122149,-0.018416087220840944,-0.04641665446139228,1.0
B,0.0625,0.1,failure_trajectory,"[0.04129325489475344, -0.3684752565834513, -0.928720007529695]",0.15000000000000002,0.3310844696816215,0.23840627293545305,51883,25379,51883,0,17943,7948,0.0625,0.18742598169322772,0.03606768664076011,0.3334649734010614,NOT_EXPOSED,8.919734824614793e-17,2.2718952408220912e-10,"FAIL:ORPHAN,OVERLAP_BELOW_4",0.9971888181122075,0.0030940915016026108,-0.027609743113046637,-0.06958871830253911,1.0
B,0.0625,0.1,failure_trajectory,"[0.04129325489475344, -0.3684752565834513, -0.928720007529695]",0.2,0.28079365846546944,0.17830833705698593,51887,25056,51887,0,17524,7942,0.0625,0.18742598169322772,0.03606768664076011,0.3334649734010614,NOT_EXPOSED,8.919734824614586e-17,2.2783478548163904e-10,"FAIL:ORPHAN,OVERLAP_BELOW_4",0.9950041652780258,0.0041224467206115965,-0.03678614381454261,-0.09271729145995743,1.0
B,0.0625,0.1,failure_trajectory,"[0.04129325489475344, -0.3684752565834513, -0.928720007529695]",0.25,0.2320444780926096,0.11999845070856573,51883,25479,51883,0,18142,7971,0.0625,0.18742598169322772,0.03606768664076011,0.3334649734010614,NOT_EXPOSED,8.919734824614712e-17,2.283998699059919e-10,"FAIL:ORPHAN,OVERLAP_BELOW_4",0.992197667229329,0.005148225544611634,-0.045939554373595155,-0.11578791932829137,0.9999999999999999
B,0.0625,0.1,failure_trajectory,"[0.04129325489475344, -0.3684752565834513, -0.928720007529695]",0.30000000000000004,0.18496156772025982,0.06362030951455074,51889,24327,51889,0,16632,7903,0.0625,0.18742598169322772,0.03606768664076011,0.3334649734010614,NOT_EXPOSED,8.919734824614925e-17,2.2905571749389043e-10,"FAIL:ORPHAN,OVERLAP_BELOW_4",0.9887710779360422,0.006170786895228265,-0.055064254206561275,-0.13878618351610464,0.9999999999999999
B,0.0625,0.1,failure_trajectory,"[0.04129325489475344, -0.3684752565834513, -0.928720007529695]",0.35000000000000003,0.13965680153948165,0.00931679741477766,51905,24930,51905,0,17243,7932,0.0625,0.18742598169322772,0.03606768664076011,0.3334649734010614,NOT_EXPOSED,8.919734824614916e-17,2.2533853651853931e-10,"FAIL:ORPHAN,OVERLAP_BELOW_4",0.9847265389049334,0.007189491704903162,-0.06415454067306711,-0.1616977108569056,0.9999999999999999
B,0.0625,0.1,orthogonal_pitch_yaw,"[0.0, 0.9295128170778901, -0.3687898085467175]",0.0,0.48852175812435755,0.4260065267409094,51914,24516,51914,0,16336,7885,0.0625,0.18742598169322772,0.03606768664076011,0.3334649734010614,NOT_EXPOSED,8.919734824614708e-17,0.0,"FAIL:ORPHAN,OVERLAP_BELOW_4",1.0,0.0,0.0,-0.0,1.0
B,0.0625,0.1,orthogonal_pitch_yaw,"[0.0, 0.9295128170778901, -0.3687898085467175]",0.05,0.4352482981749621,0.3620623813576291,51889,24505,51889,0,16496,7839,0.0625,0.18742598169322772,0.03606768664076011,0.3334649734010614,NOT_EXPOSED,8.91973482461491e-17,2.2494872172474488e-10,"FAIL:ORPHAN,OVERLAP_BELOW_4",0.9996875162757026,0.0,0.0232353998962956,-0.009218784853553258,1.0
B,0.0625,0.1,orthogonal_pitch_yaw,"[0.0, 0.9295128170778901, -0.3687898085467175]",0.1,0.38243570550351697,0.2987265978008782,51911,25080,51911,0,17367,7912,0.0625,0.18742598169322772,0.03606768664076011,0.3334649734010614,NOT_EXPOSED,8.919734824614905e-17,2.2662099616368867e-10,"FAIL:ORPHAN,OVERLAP_BELOW_4",0.9987502603949663,0.0,0.046456278424000935,-0.018431808266657447,1.0
B,0.0625,0.1,orthogonal_pitch_yaw,"[0.0, 0.9295128170778901, -0.3687898085467175]",0.15000000000000002,0.33084806124399563,0.23688443182210767,51901,24086,51901,0,16299,7875,0.0625,0.18742598169322772,0.03606768664076011,0.3334649734010614,NOT_EXPOSED,8.919734824615145e-17,2.274120892560776e-10,"FAIL:ORPHAN,OVERLAP_BELOW_4",0.9971888181122075,0.0,0.06964812328990842,-0.027633312399576237,1.0
B,0.0625,0.1,orthogonal_pitch_yaw,"[0.0, 0.9295128170778901, -0.3687898085467175]",0.2,0.2806404304390442,0.17668985237150842,51912,24032,51912,0,16348,7846,0.0625,0.18742598169322772,0.03606768664076011,0.3334649734010614,NOT_EXPOSED,8.919734824615171e-17,2.2783143519855642e-10,"FAIL:ORPHAN,OVERLAP_BELOW_4",0.9950041652780258,0.0,0.09279644034590397,-0.03681754661174843,1.0
B,0.0625,0.1,orthogonal_pitch_yaw,"[0.0, 0.9295128170778901, -0.3687898085467175]",0.25,0.23195245503399772,0.11829300479297823,51922,25378,51922,0,17831,7912,0.0625,0.18742598169322772,0.03606768664076011,0.3334649734010614,NOT_EXPOSED,8.91973482461496e-17,2.2265794827578e-10,"FAIL:ORPHAN,OVERLAP_BELOW_4",0.992197667229329,0.0,0.11588676264733787,-0.04597877105575117,0.9999999999999999
B,0.0625,0.1,orthogonal_pitch_yaw,"[0.0, 0.9295128170778901, -0.3687898085467175]",0.30000000000000004,0.18491048552158829,0.06184083728584716,51932,26005,51932,0,18688,7983,0.0625,0.18742598169322772,0.03606768664076011,0.3334649734010614,NOT_EXPOSED,8.919734824614897e-17,2.2708915800288289e-10,"FAIL:ORPHAN,OVERLAP_BELOW_4",0.9887710779360422,0.0,0.13890465949439418,-0.055111260264517674,0.9999999999999999
B,0.0625,0.1,orthogonal_pitch_yaw,"[0.0, 0.9295128170778901, -0.3687898085467175]",0.35000000000000003,0.13968943152278926,0.007474031828514658,51914,24341,51914,0,16594,7857,0.0625,0.18742598169322772,0.03606768664076011,0.3334649734010614,NOT_EXPOSED,8.919734824615043e-17,2.3103771006351552e-10,"FAIL:ORPHAN,OVERLAP_BELOW_4",0.9847265389049334,0.0,0.1618357454508083,-0.0642093067295678,0.9999999999999999
C,0.075,0.1,failure_trajectory,"[0.04129325489475344, -0.3684752565834513, -0.928720007529695]",0.0,0.48845507719721765,0.41352919526057136,53398,21001,53398,0,11408,7998,0.075,0.18742598169322772,0.032083630491019,0.40015796808127363,NOT_EXPOSED,8.791832182884811e-17,0.0,"FAIL:ORPHAN,OVERLAP_BELOW_4",1.0,0.0,-0.0,-0.0,1.0
C,0.075,0.1,failure_trajectory,"[0.04129325489475344, -0.3684752565834513, -0.928720007529695]",0.05,0.4352704982706824,0.35071297419042274,53371,20731,53371,0,11399,8049,0.075,0.18742598169322772,0.032083630491019,0.40015796808127363,NOT_EXPOSED,8.791832182884833e-17,2.314925425187542e-10,"FAIL:ORPHAN,OVERLAP_BELOW_4",0.9996875162757026,0.0010322238412112847,-0.009210921873591744,-0.023215581722134403,1.0
C,0.075,0.1,failure_trajectory,"[0.04129325489475344, -0.3684752565834513, -0.928720007529695]",0.1,0.3825762604696813,0.28755217790067344,53352,19369,53352,0,10195,8002,0.075,0.18742598169322772,0.032083630491019,0.40015796808127363,NOT_EXPOSED,8.791832182884976e-17,2.2609206555480078e-10,"FAIL:ORPHAN,OVERLAP_BELOW_4",0.9987502603949663,0.002063802576122149,-0.018416087220840944,-0.04641665446139228,1.0
C,0.075,0.1,failure_trajectory,"[0.04129325489475344, -0.3684752565834513, -0.928720007529695]",0.15000000000000002,0.3310844696816215,0.22590460771727908,53370,20788,53370,0,11865,8067,0.075,0.18742598169322772,0.032083630491019,0.40015796808127363,NOT_EXPOSED,8.791832182885087e-17,2.3156227778171614e-10,"FAIL:ORPHAN,OVERLAP_BELOW_4",0.9971888181122075,0.0030940915016026108,-0.027609743113046637,-0.06958871830253911,1.0
C,0.075,0.1,failure_trajectory,"[0.04129325489475344, -0.3684752565834513, -0.928720007529695]",0.2,0.28079365846546944,0.16592451762671317,53377,20273,53377,0,11369,8059,0.075,0.18742598169322772,0.032083630491019,0.40015796808127363,NOT_EXPOSED,8.79183218288512e-17,2.2925245829491876e-10,"FAIL:ORPHAN,OVERLAP_BELOW_4",0.9950041652780258,0.0041224467206115965,-0.03678614381454261,-0.09271729145995743,1.0
C,0.075,0.1,failure_trajectory,"[0.04129325489475344, -0.3684752565834513, -0.928720007529695]",0.25,0.2320444780926096,0.10776267323890777,53372,20676,53372,0,11902,8085,0.075,0.18742598169322772,0.032083630491019,0.40015796808127363,NOT_EXPOSED,8.791832182885127e-17,2.2749376215087694e-10,"FAIL:ORPHAN,OVERLAP_BELOW_4",0.992197667229329,0.005148225544611634,-0.045939554373595155,-0.11578791932829137,0.9999999999999999
C,0.075,0.1,failure_trajectory,"[0.04129325489475344, -0.3684752565834513, -0.928720007529695]",0.30000000000000004,0.18496156772025982,0.051562057588442504,53373,19327,53373,0,10248,8015,0.075,0.18742598169322772,0.032083630491019,0.40015796808127363,NOT_EXPOSED,8.791832182885065e-17,2.2763707028739582e-10,"FAIL:ORPHAN,OVERLAP_BELOW_4",0.9887710779360422,0.006170786895228265,-0.055064254206561275,-0.13878618351610464,0.9999999999999999
C,0.075,0.1,failure_trajectory,"[0.04129325489475344, -0.3684752565834513, -0.928720007529695]",0.35000000000000003,0.13965680153948165,-0.0025341562933282376,53379,19982,53379,0,10846,8085,0.075,0.18742598169322772,0.032083630491019,0.40015796808127363,NOT_EXPOSED,8.791832182884922e-17,2.2505868585722506e-10,"FAIL:ENVELOPE_OUTSIDE_PIPE,ORPHAN,OVERLAP_BELOW_4",0.9847265389049334,0.007189491704903162,-0.06415454067306711,-0.1616977108569056,0.9999999999999999
C,0.075,0.1,orthogonal_pitch_yaw,"[0.0, 0.9295128170778901, -0.3687898085467175]",0.0,0.48845507719721765,0.41352919526057136,53398,21001,53398,0,11408,7998,0.075,0.18742598169322772,0.032083630491019,0.40015796808127363,NOT_EXPOSED,8.791832182884811e-17,0.0,"FAIL:ORPHAN,OVERLAP_BELOW_4",1.0,0.0,0.0,-0.0,1.0
C,0.075,0.1,orthogonal_pitch_yaw,"[0.0, 0.9295128170778901, -0.3687898085467175]",0.05,0.4352482981749621,0.3495779692344036,53375,20282,53375,0,10949,7956,0.075,0.18742598169322772,0.032083630491019,0.40015796808127363,NOT_EXPOSED,8.791832182884745e-17,2.2769378992858786e-10,"FAIL:ORPHAN,OVERLAP_BELOW_4",0.9996875162757026,0.0,0.0232353998962956,-0.009218784853553258,1.0
C,0.075,0.1,orthogonal_pitch_yaw,"[0.0, 0.9295128170778901, -0.3687898085467175]",0.1,0.38243570550351697,0.2862894774404822,53395,19915,53395,0,10832,8022,0.075,0.18742598169322772,0.032083630491019,0.40015796808127363,NOT_EXPOSED,8.791832182884927e-17,2.311746523750462e-10,"FAIL:ORPHAN,OVERLAP_BELOW_4",0.9987502603949663,0.0,0.046456278424000935,-0.018431808266657447,1.0
C,0.075,0.1,orthogonal_pitch_yaw,"[0.0, 0.9295128170778901, -0.3687898085467175]",0.15000000000000002,0.33084806124399563,0.2245260730806553,53388,19504,53388,0,10337,7992,0.075,0.18742598169322772,0.032083630491019,0.40015796808127363,NOT_EXPOSED,8.791832182884937e-17,2.269784345015422e-10,"FAIL:ORPHAN,OVERLAP_BELOW_4",0.9971888181122075,0.0,0.06964812328990842,-0.027633312399576237,1.0
C,0.075,0.1,orthogonal_pitch_yaw,"[0.0, 0.9295128170778901, -0.3687898085467175]",0.2,0.2806404304390442,0.16444136202645693,53399,19375,53399,0,10269,7969,0.075,0.18742598169322772,0.032083630491019,0.40015796808127363,NOT_EXPOSED,8.791832182884974e-17,2.28711418946048e-10,"FAIL:ORPHAN,OVERLAP_BELOW_4",0.9950041652780258,0.0,0.09279644034590397,-0.03681754661174843,1.0
C,0.075,0.1,orthogonal_pitch_yaw,"[0.0, 0.9295128170778901, -0.3687898085467175]",0.25,0.23195245503399772,0.10618544072712284,53408,20579,53408,0,11549,8029,0.075,0.18742598169322772,0.032083630491019,0.40015796808127363,NOT_EXPOSED,8.791832182885129e-17,2.2973114591074253e-10,"FAIL:ORPHAN,OVERLAP_BELOW_4",0.992197667229329,0.0,0.11588676264733787,-0.04597877105575117,0.9999999999999999
C,0.075,0.1,orthogonal_pitch_yaw,"[0.0, 0.9295128170778901, -0.3687898085467175]",0.30000000000000004,0.18491048552158829,0.0499048007574471,53416,21130,53416,0,12351,8093,0.075,0.18742598169322772,0.032083630491019,0.40015796808127363,NOT_EXPOSED,8.791832182885027e-17,2.2557635167953454e-10,"FAIL:ORPHAN,OVERLAP_BELOW_4",0.9887710779360422,0.0,0.13890465949439418,-0.055111260264517674,0.9999999999999999
C,0.075,0.1,orthogonal_pitch_yaw,"[0.0, 0.9295128170778901, -0.3687898085467175]",0.35000000000000003,0.13968943152278926,-0.004260476373073139,53391,19685,53391,0,10417,8023,0.075,0.18742598169322772,0.032083630491019,0.40015796808127363,NOT_EXPOSED,8.791832182885092e-17,2.2616469983094224e-10,"FAIL:ENVELOPE_OUTSIDE_PIPE,ORPHAN,OVERLAP_BELOW_4",0.9847265389049334,0.0,0.1618357454508083,-0.0642093067295678,0.9999999999999999
D,0.1,0.1,failure_trajectory,"[0.04129325489475344, -0.3684752565834513, -0.928720007529695]",0.0,0.4882319985775326,0.3883789187291535,56579,14586,56579,0,3179,8122,0.1,0.18742598169322772,0.031939351148221204,0.5335439574416982,NOT_EXPOSED,8.963667664363446e-17,0.0,"FAIL:ORPHAN,OVERLAP_BELOW_4",1.0,0.0,-0.0,-0.0,1.0
D,0.1,0.1,failure_trajectory,"[0.04129325489475344, -0.3684752565834513, -0.928720007529695]",0.05,0.43573345723562223,0.3256106106975349,56553,13639,56553,0,2444,8177,0.1,0.18742598169322772,0.031939351148221204,0.5335439574416982,NOT_EXPOSED,8.963667664363549e-17,2.291586395329143e-10,"FAIL:ORPHAN,OVERLAP_BELOW_4",0.9996875162757026,0.0010322238412112847,-0.009210921873591744,-0.023215581722134403,1.0
D,0.1,0.1,failure_trajectory,"[0.04129325489475344, -0.3684752565834513, -0.928720007529695]",0.1,0.3830183672031635,0.26252257272611035,56539,13675,56539,0,2297,8136,0.1,0.18742598169322772,0.031939351148221204,0.5335439574416982,NOT_EXPOSED,8.963667664363807e-17,2.2891479955678447e-10,"FAIL:ORPHAN,OVERLAP_BELOW_4",0.9987502603949663,0.002063802576122149,-0.018416087220840944,-0.04641665446139228,1.0
D,0.1,0.1,failure_trajectory,"[0.04129325489475344, -0.3684752565834513, -0.928720007529695]",0.15000000000000002,0.3313567505091642,0.20101174412495404,56553,13600,56553,0,2467,8202,0.1,0.18742598169322772,0.031939351148221204,0.5335439574416982,NOT_EXPOSED,8.963667664363939e-17,2.2765778952982542e-10,"FAIL:ORPHAN,OVERLAP_BELOW_4",0.9971888181122075,0.0030940915016026108,-0.027609743113046637,-0.06958871830253911,1.0
D,0.1,0.1,failure_trajectory,"[0.04129325489475344, -0.3684752565834513, -0.928720007529695]",0.2,0.2811025961298039,0.14123244531342144,56562,13786,56562,0,2460,8203,0.1,0.18742598169322772,0.031939351148221204,0.5335439574416982,NOT_EXPOSED,8.963667664363783e-17,2.2714789946474788e-10,"FAIL:ORPHAN,OVERLAP_BELOW_4",0.9950041652780258,0.0041224467206115965,-0.03678614381454261,-0.09271729145995743,1.0
D,0.1,0.1,failure_trajectory,"[0.04129325489475344, -0.3684752565834513, -0.928720007529695]",0.25,0.23238741486191963,0.08333407519302662,56560,13455,56560,0,2262,8224,0.1,0.18742598169322772,0.031939351148221204,0.5335439574416982,NOT_EXPOSED,8.963667664363985e-17,2.3054097798054776e-10,"FAIL:ORPHAN,OVERLAP_BELOW_4",0.992197667229329,0.005148225544611634,-0.045939554373595155,-0.11578791932829137,0.9999999999999999
D,0.1,0.1,failure_trajectory,"[0.04129325489475344, -0.3684752565834513, -0.928720007529695]",0.30000000000000004,0.18534007432687713,0.027459311585578308,56556,13773,56556,0,2407,8154,0.1,0.18742598169322772,0.031939351148221204,0.5335439574416982,NOT_EXPOSED,8.963667664364206e-17,2.2587939785444754e-10,"FAIL:ORPHAN,OVERLAP_BELOW_4",0.9887710779360422,0.006170786895228265,-0.055064254206561275,-0.13878618351610464,0.9999999999999999
D,0.1,0.1,failure_trajectory,"[0.04129325489475344, -0.3684752565834513, -0.928720007529695]",0.35000000000000003,0.1400677434483165,-0.026247258012998553,56521,13445,56521,0,2025,8901,0.1,0.18742598169322772,0.031939351148221204,0.5335439574416982,NOT_EXPOSED,8.963667664364112e-17,2.2228214179007962e-10,"FAIL:ENVELOPE_OUTSIDE_PIPE,ORPHAN,OVERLAP_BELOW_4",0.9847265389049334,0.007189491704903162,-0.06415454067306711,-0.1616977108569056,0.9999999999999999
D,0.1,0.1,orthogonal_pitch_yaw,"[0.0, 0.9295128170778901, -0.3687898085467175]",0.0,0.4882319985775326,0.3883789187291535,56579,14586,56579,0,3179,8122,0.1,0.18742598169322772,0.031939351148221204,0.5335439574416982,NOT_EXPOSED,8.963667664363446e-17,0.0,"FAIL:ORPHAN,OVERLAP_BELOW_4",1.0,0.0,0.0,-0.0,1.0
D,0.1,0.1,orthogonal_pitch_yaw,"[0.0, 0.9295128170778901, -0.3687898085467175]",0.05,0.43565854567550044,0.32467263052061024,56562,13737,56562,0,2391,8098,0.1,0.18742598169322772,0.031939351148221204,0.5335439574416982,NOT_EXPOSED,8.96366766436391e-17,2.314313835540456e-10,"FAIL:ORPHAN,OVERLAP_BELOW_4",0.9996875162757026,0.0,0.0232353998962956,-0.009218784853553258,1.0
D,0.1,0.1,orthogonal_pitch_yaw,"[0.0, 0.9295128170778901, -0.3687898085467175]",0.1,0.3828443506979323,0.26147691086110236,56584,13938,56584,0,2582,8158,0.1,0.18742598169322772,0.031939351148221204,0.5335439574416982,NOT_EXPOSED,8.963667664363938e-17,2.2846614658687575e-10,"FAIL:ORPHAN,OVERLAP_BELOW_4",0.9987502603949663,0.0,0.046456278424000935,-0.018431808266657447,1.0
D,0.1,0.1,orthogonal_pitch_yaw,"[0.0, 0.9295128170778901, -0.3687898085467175]",0.15000000000000002,0.33125428589676764,0.1998676989621132,56575,13605,56575,0,2287,8131,0.1,0.18742598169322772,0.031939351148221204,0.5335439574416982,NOT_EXPOSED,8.963667664364012e-17,2.2793879629790643e-10,"FAIL:ORPHAN,OVERLAP_BELOW_4",0.9971888181122075,0.0,0.06964812328990842,-0.027633312399576237,1.0
D,0.1,0.1,orthogonal_pitch_yaw,"[0.0, 0.9295128170778901, -0.3687898085467175]",0.2,0.2810430966542219,0.13999831030284388,56585,13683,56585,0,2185,8108,0.1,0.18742598169322772,0.031939351148221204,0.5335439574416982,NOT_EXPOSED,8.963667664364278e-17,2.2781126522529452e-10,"FAIL:ORPHAN,OVERLAP_BELOW_4",0.9950041652780258,0.0,0.09279644034590397,-0.03681754661174843,1.0
D,0.1,0.1,orthogonal_pitch_yaw,"[0.0, 0.9295128170778901, -0.3687898085467175]",0.25,0.2323506254763641,0.08201828188226651,56595,13856,56595,0,2404,8166,0.1,0.18742598169322772,0.031939351148221204,0.5335439574416982,NOT_EXPOSED,8.963667664364283e-17,2.2822345926296995e-10,"FAIL:ORPHAN,OVERLAP_BELOW_4",0.992197667229329,0.0,0.11588676264733787,-0.04597877105575117,0.9999999999999999
D,0.1,0.1,orthogonal_pitch_yaw,"[0.0, 0.9295128170778901, -0.3687898085467175]",0.30000000000000004,0.1853031137937277,0.026073707612693696,56603,14300,56603,0,3009,8226,0.1,0.18742598169322772,0.031939351148221204,0.5335439574416982,NOT_EXPOSED,8.963667664364517e-17,2.2866677898483641e-10,"FAIL:ORPHAN,OVERLAP_BELOW_4",0.9887710779360422,0.0,0.13890465949439418,-0.055111260264517674,0.9999999999999999
D,0.1,0.1,orthogonal_pitch_yaw,"[0.0, 0.9295128170778901, -0.3687898085467175]",0.35000000000000003,0.14007517757138438,-0.02769676465929926,56524,13600,56524,0,2151,8863,0.1,0.18742598169322772,0.031939351148221204,0.5335439574416982,NOT_EXPOSED,8.963667664364177e-17,2.2654711804826192e-10,"FAIL:ENVELOPE_OUTSIDE_PIPE,ORPHAN,OVERLAP_BELOW_4",0.9847265389049334,0.0,0.1618357454508083,-0.0642093067295678,0.9999999999999999
