mode,zone_name,time_s,cg_x_m,cg_y_m,cg_z_m,q0,q1,q2,q3,theta_x_rad,theta_y_rad,theta_z_rad,vx_m_s,vy_m_s,vz_m_s,omega_x_rad_s,omega_y_rad_s,omega_z_rad_s,Fmag_x_N,Fmag_y_N,Fmag_z_N,Tmag_x_Nm,Tmag_y_Nm,Tmag_z_Nm,radial_displacement_m,estimated_wall_clearance_m,source_s_eff_mm,phase_rad,ramp,m_global_x,m_global_y,m_global_z,B_x_T,B_y_T,B_z_T,q_norm
FREE_6DOF,robot_component_fluid,2.5000000000000001e-05,0.0012060186928114741,1.0843411277919159e-28,-5.8100150714244967e-29,0.99999999999999978,8.9199171275456676e-10,-1.9544185708660843e-08,1.994382614783871e-09,1.7839834255091335e-09,-3.9088371417321686e-08,3.988765229567742e-09,-7.2332808118857974e-08,8.6747290223353284e-24,-4.6480120571395975e-24,0.00014271867404073069,-0.0031270697133857347,0.00031910121836541935,-5.152658755426078e-08,0,0,8.2866009489464857e-12,-9.8299680130359098e-10,1.0030971666623426e-10,1.2301863406504083e-28,0.00089999999999999998,31.699771241855125,0.015707963267948967,0.0018437500000000006,0.0010399958043136525,9.084786140080142e-06,3.1132128339987865e-06,-0.010989446360463069,-4.3684310780858422e-05,0.00047975032203907193,0.9999999999999999
FREE_6DOF,robot_component_fluid,5.0000000000000002e-05,0.0012060338168096427,4.1160874504337511e-10,-1.454693289654891e-09,0.99999999999967304,1.206913511325979e-08,-8.0857980109095289e-07,-5.011367708620169e-09,2.4138270226522211e-08,-1.617159602182082e-06,-1.002273541724143e-08,0.0012099921862903443,3.2928699603470012e-05,-0.00011637546317239128,0.0016456250911095498,-0.12311862873409564,-0.0014400215030848653,-2.0261258702816964e-07,0,0,3.3558886360930206e-11,-3.8640449248518583e-09,6.5128039928158942e-11,1.5118049893961691e-09,0.00089999848819501062,31.699636365853294,0.031415926535897934,0.0072500000000000012,0.0010399957995267774,9.0847714985652738e-06,3.1148542245376368e-06,-0.01098919421323837,-8.735721865496036e-05,0.00047956152897948173,1.0
FREE_6DOF,robot_component_fluid,7.5000000000000007e-05,0.0012060960070149334,1.1778727469812251e-09,-8.2601500814676312e-09,0.99999999999156342,4.805392903534803e-08,-4.1074230824923747e-06,-5.7839365694721818e-09,9.6107858070966343e-08,-8.2148461650078513e-06,-1.1567873138976895e-08,0.0037652242369567283,2.837242055155798e-05,-0.00042806108017262796,0.0041119300806452637,-0.4046962964176804,0.0013164067739930597,-4.4801771570986049e-07,0,0,7.6353892498453697e-11,-8.5401457928108981e-09,-5.8380332954409386e-10,8.3437080232023232e-09,0.00089999165629197676,31.699548556058584,0.047123889803846901,0.016031250000000004,0.0010399957789673456,9.0847696671846473e-06,3.1217164446090345e-06,-0.010988774246403809,-0.00013100732490320291,0.0004792469534531385,1.0
FREE_6DOF,robot_component_fluid,0.0001,0.0012062225434102427,8.9958393072428032e-10,-2.3209377661444472e-08,0.99999999994024602,1.1122454379931012e-07,-1.0930164875751761e-05,1.6432505402499197e-07,2.2244908760305099e-07,-2.1860329751938937e-05,3.2865010805653002e-07,0.0063576873877850062,-5.0635525852113581e-05,-0.00076787712622551911,0.0059951304489994309,-0.68694239307978555,0.025901015797638524,-7.8250235071787808e-07,0,0,1.3713337405557136e-10,-1.490761699498942e-08,-2.2897950114097432e-09,2.3226804831486727e-08,0.00089997677319516851,31.699525092453893,0.062831853071795868,0.028000000000000004,0.0010399957331823227,9.0851230970055556e-06,3.1359088374368971e-06,-0.010988186877472795,-0.00017462323917778741,0.00047880671473333921,0.9999999999999999
FREE_6DOF,robot_component_fluid,0.000125,0.0012064115752027571,-1.3021873769382641e-09,-4.5276682089310122e-08,0.99999999978144549,2.0784557484292945e-07,-2.0896098430414973e-05,6.4713729508575922e-07,4.1569114971614266e-07,-4.1792196863874576e-05,1.2942745902658082e-06,0.0087648560133616552,-0.00012550617876088999,-0.00099750722800373212,0.0094635051169204409,-0.90760698271109252,0.051348947638861733,-1.2008273724163328e-06,0,0,2.1630970057248832e-10,-2.2861605496443601e-08,-5.4607770304453346e-09,4.5295404104402395e-08,0.00089995470459589553,31.699564124246407,0.078539816339744828,0.04296875,0.0010399956616979015,9.0861267342337937e-06,3.1566396492133792e-06,-0.010987432690371479,-0.00021819358367787341,0.0004782409796305485,0.9999999999999999
FREE_6DOF,robot_component_fluid,0.00015000000000000001,0.0012066591393373541,-5.0693309483708854e-09,-7.160599567140557e-08,0.99999999943829831,3.7925360379604242e-07,-3.3493312511992317e-05,1.2073338305364829e-06,7.5850720773410314e-07,-6.6986625036526807e-05,2.4146676615250734e-06,0.011040274754403136,-0.0001758653069537197,-0.001108837858563903,0.017961487742668317,-1.1079472649828865,0.038282724920670912,-1.6977540577063437e-06,0,0,3.1423594667231122e-10,-3.2295806298886677e-08,-1.0469441422222843e-08,7.1785212490856816e-08,0.0008999282147875091,31.699661688381003,0.094247779607693802,0.060750000000000019,0.0010399955716573553,9.0872908535048121e-06,3.1828448590955966e-06,-0.010986512434846865,-0.00026170699731325266,0.00047754996232065677,1.0
FREE_6DOF,robot_component_fluid,0.00017500000000000003,0.0012069632737984797,-9.8632725666596049e-09,-9.9508662506687009e-08,0.99999999880960344,6.9532562275324217e-07,-4.8770656499864456e-05,1.3163591008330263e-06,1.3906512460582931e-06,-9.7541313038433195e-05,2.6327182027107119e-06,0.013290482135646793,-0.00020765002250937799,-0.001123375488258612,0.032613329906941296,-1.3364276973680378,-0.020837763305222246,-2.2680440663697287e-06,0,0,4.3120566825456795e-10,-4.3103316041927708e-08,-1.7653643463037449e-08,9.9996290229157786e-08,0.0008999000037097708,31.69981582284213,0.10995574287564278,0.081156250000000013,0.0010399954719393738,9.0875156129034031e-06,3.2146273418988871e-06,-0.010985427025706936,-0.0003051521398520839,0.00047673392412475341,1.0
FREE_6DOF,robot_component_fluid,0.00020000000000000004,0.0012073239838271885,-1.5404502665935548e-08,-1.2744013268880389e-07,0.99999999773205461,1.2311990736184798e-06,-6.733653331289197e-05,4.0761639654859391e-07,2.4623981490984878e-06,-0.00013467306672759432,8.1523279371348899e-07,0.015566320161053117,-0.00023564838543269732,-0.0011111421263107389,0.053139077893150789,-1.634112340206465,-0.12455873140591246,-2.9064594439527058e-06,0,0,5.6749612257828313e-10,-5.5177929586894366e-08,-2.7316505277072722e-08,1.2836777680603789e-07,0.00089987163222319394,31.700026532870837,0.12566370614359176,0.10400000000000004,0.0010399953683719605,9.0856219975056388e-06,3.2532539326523717e-06,-0.010984177541893533,-0.00034851769604875602,0.00047579317324085066,1.0
FREE_6DOF,robot_component_fluid,0.00022500000000000005,0.0012077416498425982,-2.1576750701428918e-08,-1.5539460514247874e-07,0.99999999594176381,2.0602118978673216e-06,-9.004236561954941e-05,-2.1448093159055208e-06,4.1204238013085273e-06,-0.00018008473148270761,-4.2896186376138034e-06,0.017846961071731067,-0.00025813145740677206,-0.0011252156699832481,0.079534637590708182,-1.998820205382281,-0.28382462521383972,-3.6077625753471296e-06,0,0,7.2341379912611724e-10,-6.8414978452817468e-08,-3.9726708225154985e-08,1.568854342449244e-07,0.0008998431145657551,31.700294198886251,0.14137166941154072,0.12909375000000003,0.0010399952659302947,9.0803075995746308e-06,3.300496907189853e-06,-0.010982765225389084,-0.00039179237974798134,0.00047472806442808992,0.9999999999999999
FREE_6DOF,robot_component_fluid,0.00025000000000000006,0.0012082160495473437,-2.8142233152147985e-08,-1.8397950508287401e-07,0.99999999303963338,3.260515252566902e-06,-0.00011772291187258875,-7.1706491640700899e-06,6.5210305202633922e-06,-0.00023544582429144058,-1.4341298361413745e-05,0.02010501530791715,-0.0002671071386507533,-0.0011615763252483724,0.11258118485532716,-2.4300658568948457,-0.52030118332219466,-4.3667161102496471e-06,0,0,8.9930920742126037e-10,-8.2711585230416728e-08,-5.5119331262646516e-08,1.8611943363692336e-07,0.00089981388056636306,31.700618598590992,0.15707963267948971,0.15625000000000006,0.0010399951728357515,9.0698460120063667e-06,3.3580939557130131e-06,-0.010981191479958245,-0.00043496493796126251,0.00047353899864405419,0.9999999999999999
FREE_6DOF,robot_component_fluid,0.00027500000000000007,0.0012087463193921569,-3.4637706906306382e-08,-2.1357848300291367e-07,0.99999998841939741,4.9192810501878466e-06,-0.00015129035423603094,-1.5755456218163911e-05,9.8385621383545178e-06,-0.00030258070964008416,-3.1510912557966274e-05,0.022316572277140744,-0.00025253076168191784,-0.0012063419083548008,0.15295132439829906,-2.9407221905606056,-0.85325370126615152,-5.1780828927954146e-06,0,0,1.0956094394770592e-09,-9.7967485414231952e-08,-7.3696906978043419e-08,2.1636898840072502e-07,0.00089978363101159923,31.700998868435807,0.17278759594743867,0.18528125000000006,0.0010399951006167345,9.0519786137271822e-06,3.4279439503559743e-06,-0.010979457869725864,-0.000478024154911927,0.00047222642263590377,1.0
FREE_6DOF,robot_component_fluid,0.00030000000000000008,0.0012093312668737975,-4.0421531365454068e-08,-2.4424734388349007e-07,0.99999998114883626,7.1288087060987965e-06,-0.0001918279790715853,-2.9215296664931709e-05,1.4257617501788488e-05,-0.00038365596055395772,-5.8430593697024988e-05,0.024479226254106621,-0.00021017519504989662,-0.0012471669620913086,0.20080671190900162,-3.5452925176187997,-1.3002985826973636,-6.0366259070273532e-06,0,0,1.3128837875116027e-09,-1.1408615886183845e-07,-9.5630423332321865e-08,2.4756951587800193e-07,0.00089975243048412196,31.701433815917447,0.18849555921538766,0.21600000000000016,0.0010399950625727811,9.023967214211578e-06,3.5123017118949739e-06,-0.010977566117592808,-0.00052095885604497576,0.00047079082848614363,0.9999999999999999
FREE_6DOF,robot_component_fluid,0.00032500000000000009,0.0012099697002243952,-4.490957632272361e-08,-2.7582952544066177e-07,0.99999996981429806,9.9847728309679389e-06,-0.00024053251831751516,-4.9150939497602811e-05,1.9969545862867465e-05,-0.00048106504147545895,-9.8301879984309372e-05,0.026595441793713429,-0.00014886840153166656,-0.0012794075624824278,0.25654643079145328,-4.2474238800324358,-1.8893714117877274,-6.9371082531570401e-06,0,0,1.5518891275928456e-09,-1.309754831830282e-07,-1.2106076852206186e-07,2.7946162017405398e-07,0.00089972053837982587,31.701922249268044,0.20420352248333662,0.24821875000000004,0.0010399950744731179,8.9824813225290184e-06,3.6136580228668808e-06,-0.010975518103491275,-0.00056375791199805294,0.0004692327531139154,1.0
FREE_6DOF,robot_component_fluid,0.0003500000000000001,0.0012106604046456476,-4.7797993596250443e-08,-3.0814872565763892e-07,0.99999995230968108,1.3588797785729921e-05,-0.00029864163187886774,-7.7518744393318862e-05,2.717759600349592e-05,-0.00059728327325261215,-0.00015503749125123355,0.0286609119064931,-8.2204980350480091e-05,-0.0013061284548757429,0.32075369731947478,-5.0500165934062258,-2.6494305903517135,-7.8742931124306364e-06,0,0,1.8135901055293206e-09,-1.4854802348647015e-07,-1.5010058589970106e-07,3.1183374627556591e-07,0.00089968816625372438,31.702462953689299,0.21991148575128561,0.28175000000000011,0.0010399951554206216,8.9234506492416214e-06,3.734588800472377e-06,-0.010973315862481547,-0.00060641024252991926,0.0004675527777328004,0.9999999999999999
FREE_6DOF,robot_component_fluid,0.00037500000000000012,0.0012114020972169061,-4.9010071099830085e-08,-3.4116571338523502e-07,0.9999999255274632,1.8048593918477343e-05,-0.00036746746093708387,-0.00011656320827785667,3.6097188733037767e-05,-0.00073493494011832425,-0.00023312642234288539,0.030674493794179605,-1.4761219935891015e-05,-0.0013352305633319442,0.39385535936365407,-5.9620858655265199,-3.5976192548265225,-8.8429436829660558e-06,0,0,2.099232033188685e-09,-1.6672169198272937e-07,-1.8283550481065027e-07,3.4466800121111727e-07,0.00089965533199878888,31.703054646260558,0.23561944901923457,0.31640625000000017,0.0010399953251347862,8.8422053623471967e-06,3.8778248390781781e-06,-0.010970961582692153,-0.00064890482040287525,0.00046575152726619818,1.0
FREE_6DOF,robot_component_fluid,0.00040000000000000013,0.0012121935732507638,-4.8579775194849361e-08,-3.7500583002307205e-07,0.99999988493906211,2.3476824761638437e-05,-0.00044841130358629804,-0.00016881351866002178,4.6953651324120603e-05,-0.00089682264156901452,-0.00033762705026927199,0.032643588914432586,4.9184892334348823e-05,-0.0013719787676950196,0.47626460505441526,-6.9888782675450019,-4.7623438049509161,-9.8378231349290523e-06,0,0,2.4104125907480288e-09,-1.854203267480014e-07,-2.1932557572312561e-07,3.7813934879786749e-07,0.00089962186065120208,31.703696122294414,0.25132741228718353,0.3520000000000002,0.0010399956020553153,8.7334832075390798e-06,4.0462822477527228e-06,-0.010968457603105688,-0.00069123067521567236,0.00046382966972142938,1.0
FREE_6DOF,robot_component_fluid,0.00042500000000000014,0.0012130337937481936,-4.6781909530745461e-08,-4.0970806159918109e-07,0.99999982406966648,2.9991419484410916e-05,-0.00054288356966419827,-0.00023714674916100554,5.9982842486422364e-05,-0.001085767203001526,-0.00047429352613621747,0.034574050879959496,9.4644360793962872e-05,-0.0014041997583937047,0.56847676726850116,-8.1266026905384479,-6.1708592470028831,-1.0853694572778833e-05,0,0,2.7490851746182294e-09,-2.0457341421272352e-07,-2.5960722638842642e-07,4.1237027390283751e-07,0.00089958762972609709,31.704386342791846,0.26703537555513251,0.38834375000000015,0.001039996002808047,8.5912979962159241e-06,4.2428958727402542e-06,-0.010965806411192641,-0.00073337689718352863,0.00046178791552379254,1.0
FREE_6DOF,robot_component_fluid,0.00045000000000000015,0.0012139218972986594,-4.398060336734073e-08,-4.4523737064416652e-07,0.99999973389249208,3.7715875232290188e-05,-0.00065224227547622617,-0.00032461126274741458,7.5431757155566126e-05,-0.001304484666663509,-0.00064922258308249806,0.036474233157301854,0.00012946013227841527,-0.0014381449652051254,0.67095592452705366,-9.3706636579304572,-7.8233154977663606,-1.1885320933894496e-05,0,0,3.117619345936448e-09,-2.2411548850144625e-07,-3.0369311287204467e-07,4.47404302271096e-07,0.00089955259569772885,31.70512444634231,0.2827433388230815,0.42525000000000013,0.0010399965368641509,8.4093068526560253e-06,4.4704912698005217e-06,-0.010963010640395758,-0.00077533264086196375,0.00045962701681187676,1.0
FREE_6DOF,robot_component_fluid,0.00047500000000000016,0.0012148570236307555,-4.0196207865609711e-08,-4.8186874864671709e-07,0.99999960212001571,4.6779456421856968e-05,-0.00077778618545203506,-0.00043430420504300042,9.3558925252122167e-05,-0.0015555725772144733,-0.00086860852528665271,0.038335873410372839,0.00017329150786006659,-0.0014923652749989291,0.78423561503524319,-10.716173039624861,-9.7273662338841351,-1.2927464820565339e-05,0,0,3.5188731851803943e-09,-2.4398567188922553e-07,-3.5157150990828898e-07,4.8354237254777205e-07,0.00089951645762745215,31.705909572674408,0.29845130209103043,0.46253125000000023,0.0010399972014141733,8.1810649467024978e-06,4.7317703228067149e-06,-0.010960073067467642,-0.00081708712881126437,0.00045734776669551132,1.0
FREE_6DOF,robot_component_fluid,0.00050000000000000012,0.0012158380672814449,-3.5186045508197354e-08,-5.2008298106106546e-07,0.99999941221994704,5.7318860504634645e-05,-0.00092081114983840514,-0.00056954467343584632,0.00011463774346986314,-0.001841622660499846,-0.001139089570049744,0.04014761864478162,0.00022752148073292225,-0.0015647733181489406,0.90907693925609601,-12.167548077168117,-11.910868311494434,-1.3974888319174028e-05,0,0,3.9561884233671894e-09,-2.6412777408624335e-07,-4.0320825113859659e-07,5.2127187243114265e-07,0.00089947872812756887,31.706740616325096,0.31415926535897942,0.50000000000000011,0.0010399979800769996,7.8996651953979166e-06,5.0294282899528368e-06,-0.010956996609664425,-0.00085862965519850132,0.00045495099847779705,1.0
FREE_6DOF,robot_component_fluid,0.00052500000000000008,0.0012168638291724645,-2.8677742727510409e-08,-5.6023827909149088e-07,0.99999914213787888,6.9479949135464576e-05,-0.0010826794461663578,-0.00073396271007433918,0.00013895993800708715,-0.0021653595115260524,-0.0014679258399080272,0.041913332636803934,0.00029314274172203354,-0.0016476505242850879,1.046316333401851,-13.730994302080786,-14.395714408249667,-1.5022352841565323e-05,0,0,4.4334284703680305e-09,-2.8449071867522204e-07,-4.5854830173473408e-07,5.6097178386024066e-07,0.00089943902821613974,31.707616378216112,0.32986722862692835,0.53746875000000005,0.0010399988387795928,7.5575530287364813e-06,5.3662978558958679e-06,-0.010953784321798518,-0.00089994958933411703,0.00045243758484273634,1.0
FREE_6DOF,robot_component_fluid,0.00055000000000000003,0.0012179330756721841,-2.0411917623861823e-08,-6.0263116339014436e-07,0.9999987627563911,8.341701081333023e-05,-0.0012648364272033169,-0.00093151280283964102,0.00016683409043147018,-0.0025296738976810073,-0.0018630263740185037,0.043626387340765453,0.00036812326656985325,-0.0017437802196071869,1.1966263748694044,-15.413594511993937,-17.211925159747974,-1.6064618903100888e-05,0,0,4.9550174914988847e-09,-3.0502851640849523e-07,-5.1751655311369356e-07,6.0297675367301028e-07,0.00089939702324632698,31.708535624715836,0.34557519189487729,0.57475000000000009,0.0010399997194978272,7.1464981845456691e-06,5.7453834947468541e-06,-0.010950439393153556,-0.00094103637914023399,0.00044980843701003927,1.0
FREE_6DOF,robot_component_fluid,0.00057499999999999999,0.0012190446144767302,-1.0123958508578986e-08,-6.4749225767365951e-07,0.9999982360908467,9.9290806323350516e-05,-0.0014687669896560117,-0.0011664819163416341,0.00019858172940675814,-0.0029375357064942665,-0.0023329652043963221,0.045296717022928076,0.00045491346265277361,-0.0018451073230740249,1.3605647599608839,-17.21457590602353,-20.382666018176657,-1.7096445866761894e-05,0,0,5.5259095188259659e-09,-3.2569935999938264e-07,-5.8001832259473161e-07,6.4757140014303916e-07,0.00089935242859985696,31.709497163520378,0.36128315516282622,0.6116562499999999,0.0010400005331781662,6.657577891170971e-06,6.1697705885634516e-06,-0.010946965144264882,-0.00098187955454794528,0.00044706450385874515,1.0
FREE_6DOF,robot_component_fluid,0.00059999999999999995,0.0012201975825025877,2.6448741464519679e-09,-6.9474542154027288e-07,0.99999751341377063,0.00011726750990565032,-0.001695884208419689,-0.0014433957733119413,0.00023453521420867753,-0.0033917712281503875,-0.0028867939393782981,0.04694072504567498,0.00056659314974970266,-0.0019351457862550481,1.5386756773200807,-19.123221685714778,-23.922980665347172,-1.8112591695059162e-05,0,0,6.1514808915334948e-09,-3.4646336649855192e-07,-6.4593805521794625e-07,6.9475045599871469e-07,0.00089930524954400122,31.71050013154624,0.37699111843077515,0.64800000000000002,0.0010400011509373872,6.0813717042721786e-06,6.6423934290809348e-06,-0.010943365023568944,-0.0010224687308209733,0.00044420677102135223,1.0
FREE_6DOF,robot_component_fluid,0.0006249999999999999,0.0012213912106305916,1.8571673891932758e-08,-7.4419599161661433e-07,0.99999653273615796,0.00013751863606195692,-0.0019476254070774433,-0.0017670199661222611,0.00027503758999995097,-0.0038952553161152319,-0.0035340440167331449,0.048549525194628795,0.00070755082988876018,-0.0020208998198522755,1.731521086794402,-21.154117697831207,-27.856203099566031,-1.9107812495847527e-05,0,0,6.8375890728744625e-09,-3.6728287056993461e-07,-7.151386603456753e-07,7.444276868906638e-07,0.00089925557231310929,31.711543759674242,0.39269908169872408,0.68359374999999989,0.0010400013930199261,5.4079590613718104e-06,7.1662346295538658e-06,-0.010939642603925204,-0.0010627936118032186,0.00044123625995020244,1.0
FREE_6DOF,robot_component_fluid,0.00064999999999999986,0.0012226242434649462,3.8330590653592025e-08,-7.9589897532361303e-07,0.999995215223761,0.00016022194913010895,-0.002225668749754473,-0.0021424885360831255,0.00032044440934531282,-0.0044513445990738334,-0.0042849839063981579,0.05009310155372395,0.00087316251104398092,-0.002115338876707631,1.9398132224523292,-23.331202799233168,-32.217959586078756,-2.0076861843457985e-05,0,0,7.5907998199370519e-09,-3.8812503090332289e-07,-7.8746252918738317e-07,7.9682144367545129e-07,0.00089920317855632457,31.712626792508594,0.40840704496667302,0.71824999999999972,0.0010400010148919386,4.6266516441252673e-06,7.7447751203026554e-06,-0.010935801579014252,-0.0011028439930878533,0.00043815402695791724,1.0
FREE_6DOF,robot_component_fluid,0.00067499999999999982,0.0012238953547190818,6.2550947711616898e-08,-8.5021052495250865e-07,0.99999346224660679,0.00018556128967825365,-0.0025316910857784225,-0.0025751837406542155,0.00037112338812792314,-0.0050633932059670258,-0.005150378705281942,0.051595798777129352,0.0010644660535980095,-0.0022295850936040235,2.1641612161538757,-25.630331254546359,-37.012357886355289,-2.1014490361402382e-05,0,0,8.418103154013833e-09,-4.0895744557678489e-07,-8.627284413933143e-07,8.5250839163004242e-07,0.00089914749160836989,31.713747903762734,0.42411500823462195,0.75178124999999985,0.0010399996943078512,3.7262434111225674e-06,8.3814899021275862e-06,-0.010931845759615953,-0.0011426097651057495,0.00043496116223371993,1.0
FREE_6DOF,robot_component_fluid,0.00069999999999999978,0.0012252039428825821,9.176649810733834e-08,-9.0764446619734983e-07,0.99999115297975472,0.00021372516677936129,-0.002867121422394093,-0.003070488319989113,0.00042745159411710173,-0.0057342597551688747,-0.0061409947498238665,0.053091254302906017,0.001272777978059705,-0.0023651302059832708,2.4050849986717213,-28.035979388792139,-42.23535130192171,-2.1915445463699998e-05,0,0,9.3265076876998441e-09,-4.2974240037950947e-07,-9.4072514063916183e-07,9.1227165208262183e-07,0.00089908772834791737,31.714906491926232,0.43982297150257094,0.78399999999999959,0.0010399970183827356,2.6955259576633427e-06,9.0793346779238994e-06,-0.010927779069771579,-0.0011820809161311801,0.00043165878883752706,1.0
FREE_6DOF,robot_component_fluid,0.00072499999999999973,0.0012265495472618547,1.264446118180801e-07,-9.6866528426405257e-07,0.99998813972494327,0.00024490657741030748,-0.0032334423405321173,-0.0036339071047686252,0.00048981509126938246,-0.0064669102475292169,-0.0072678429424320908,0.054557096038910978,0.0015014711187996358,-0.0025165352393529609,2.6631468098776327,-30.572253401949766,-47.910552248572365,-2.2774470537520588e-05,0,0,1.0323291777177215e-08,-4.5044009186201825e-07,-1.0212101905525532e-06,9.7688314183231899e-07,0.00089902311685816766,31.716102096305505,0.45553093477051987,0.81471874999999971,0.0010399924644836868,1.5230355114699458e-06,9.841372025280312e-06,-0.010923605542833994,-0.0012212475352028744,0.0004282480616737193,1.0
FREE_6DOF,robot_component_fluid,0.00074999999999999969,0.0012279312193000614,1.6715731494625869e-07,-1.0337381889378425e-06,0.99998424265269958,0.00027930336387162853,-0.0036323058420183064,-0.0042711579469550754,0.00055860966181515482,-0.007264649841280218,-0.0085423607622723829,0.055976667017627539,0.0017555451314546504,-0.002689297134550244,2.9389466012003953,-33.242161427964881,-54.048466449629728,-2.358630402170223e-05,0,0,1.141606706996073e-08,-4.7100947471357971e-07,-1.1039083001956493e-06,1.0471657992928022e-06,0.00089895283420070716,31.71733376834371,0.4712388980384688,0.84374999999999967,0.0010399853793118786,1.9686381583330961e-07,1.0671011457590654e-05,-0.010919329317410086,-0.00126009981495866,0.00042473016644654021,0.9999999999999999
FREE_6DOF,robot_component_fluid,0.00077499999999999965,0.0012293477851405945,2.1483673143353252e-07,-1.103653623284905e-06,0.99997924583500764,0.00031711782856528833,-0.004065231757460889,-0.0049881084882234259,0.00063424004484415942,-0.0081305197623824776,-0.0099762859930375147,0.05734860022500507,0.0020588081875272555,-0.0029039376132147551,3.2331811929268199,-36.021563887245314,-60.662590848061669,-2.4345678937403241e-05,0,0,1.2612028040380838e-08,-4.9140112519694736e-07,-1.188506443948083e-06,1.1243692193238584e-06,0.00089887563078067611,31.718600334184242,0.48694686130641773,0.87090624999999944,0.0010399749631567609,-1.2952100056532454e-06,1.1571381140422488e-05,-0.010914954633199707,-0.0012986280543820785,0.00042110631859909299,1.0
FREE_6DOF,robot_component_fluid,0.0007999999999999996,0.0012307982472964862,2.7086661039102331e-07,-1.1793887440566823e-06,0.99997289235924114,0.00035855598103488753,-0.0045335122244052417,-0.0057907902062857581,0.0007171184418778532,-0.0090671063782460197,-0.01158168506348,0.058688372246337141,0.0024235821290720036,-0.0031548720485274221,3.5464865067485043,-38.898194233285487,-67.765690075160819,-2.5047322507478811e-05,0,0,1.3917365628644838e-08,-5.115530327580967e-07,-1.2746497643764237e-06,1.2100936039134827e-06,0.00089878990639608654,31.719900796340138,0.50265482457436672,0.89599999999999957,0.001039960250453321,-2.9657481936717573e-06,1.2545128061517671e-05,-0.010910485826735561,-0.0013368226614595112,0.00041737776223793051,1.0
FREE_6DOF,robot_component_fluid,0.00082499999999999956,0.0012322818860238149,3.3623694093215025e-07,-1.2614361188009991e-06,0.99996487785448085,0.00040382850469611,-0.0050384226815785201,-0.0066853778422554071,0.00080766646507406613,-0.010076963338290865,-0.013370912223252292,0.060002725939971226,0.0028060443142181452,-0.0034089179310179134,3.8796381877327373,-41.881686518006354,-75.367999983328346,-2.5685955584126e-05,0,0,1.5337393646696427e-08,-5.3139245078654054e-07,-1.361936236123192e-06,1.3054793611019434e-06,0.000898694520638898,31.721234435067466,0.5183627878423156,0.91884374999999952,0.0010399400812043304,-4.827611097044637e-06,1.3594855614838295e-05,-0.010905927327028515,-0.0013746741557465235,0.00041354576904525367,1.0
FREE_6DOF,robot_component_fluid,0.00084999999999999952,0.0012337981441922859,4.1124340365878864e-07,-1.3496930991274175e-06,0.99995484380553301,0.00045315110506672664,-0.0055813037372551321,-0.0076781542391796522,0.00090631585209947668,-0.011162775497836478,-0.015356539626685067,0.061297927537721744,0.0031944727039129226,-0.0036516404950955577,4.2333095488587924,-44.972891766639208,-83.47669190924006,-2.625629213193953e-05,0,0,1.6876466284192582e-08,-5.5083563857679839e-07,-1.4499103795903137e-06,1.4109544992256264e-06,0.00089858904550077436,31.722600693235936,0.53407075111026459,0.9392499999999997,0.0010399130720672434,-6.8938833095286024e-06,1.4723292428835505e-05,-0.010901283651122896,-0.0014121731708422799,0.00040961163718073823,1.0
FREE_6DOF,robot_component_fluid,0.00087499999999999948,0.0012353467815399378,4.9644258858720097e-07,-1.4440704459940881e-06,0.99994237063406555,0.0005067424355223863,-0.0061636272317558667,-0.0087754385746265009,0.0010135043403237416,-0.012327491272923428,-0.017551214305665627,0.062593060274443779,0.0036214620903600664,-0.0038985472542380738,4.6078033101215965,-48.192037252010508,-92.090565617114351,-2.6753038997443881e-05,0,0,1.8537899523846972e-08,-5.697873659604884e-07,-1.5380555131227317e-06,1.5270215115566401e-06,0.00089847297848844336,31.723999330583588,0.54977871437821346,0.95703124999999956,0.0010398775859130586,-9.177723360227166e-06,1.5933428159519993e-05,-0.010896559399566486,-0.0014493104567710549,0.00040557669017503181,0.9999999999999999
FREE_6DOF,robot_component_fluid,0.00089999999999999943,0.0012369279716395053,5.931133779287618e-07,-1.5449793058976834e-06,0.99992697163104349,0.00056482477665969696,-0.0067869196137145624,-0.0099834913682077166,0.0011296770529441538,-0.013574169662194676,-0.019967468802674856,0.063902147690946917,0.0041122010569648055,-0.0041741615380495372,5.0039475689063684,-51.527749178916949,-101.20163274948256,-2.7170896060097093e-05,0,0,2.0323477030491935e-08,-5.8813724748255609e-07,-1.6257847950417269e-06,1.6549152651208924e-06,0.0008983450847348791,31.725430520683155,0.56548667764616245,0.97199999999999975,0.0010398317054130855,-1.1692164698547461e-05,1.7228352380265451e-05,-0.010891759251799936,-0.0014860768822700318,0.00040144227581695408,1.0
FREE_6DOF,robot_component_fluid,0.00092499999999999939,0.0012385422148311102,7.0285338332042067e-07,-1.653207736410796e-06,0.99990808855741209,0.00062762232906560689,-0.0074524565981716881,-0.011308466665597941,0.0012552831166609056,-0.01490536985715687,-0.022617626274994862,0.065237307637440053,0.0046669993743679106,-0.0044841129029994592,5.4221882142429489,-54.951434527943313,-110.80107224495188,-2.7504556940540032e-05,0,0,2.2232083256918464e-08,-6.0575062857417614e-07,-1.712432684787926e-06,1.7964127304640964e-06,0.00089820358726953593,31.72689476387476,0.58119464091411133,0.98396874999999973,0.0010397732158646117,-1.4450014093854865e-05,1.8610617577426711e-05,-0.01088688796147046,-0.0015224634369827325,0.00039720976503644238,1.0
FREE_6DOF,robot_component_fluid,0.00094999999999999935,0.0012401899972987853,8.2708124976393621e-07,-1.7695523681110303e-06,0.99988508428805045,0.0006953594112151715,-0.0081613522002021311,-0.012756450283355685,0.0013907720966937047,-0.016323329674211576,-0.02551387788934625,0.066585289776575976,0.0052712299411133328,-0.0048234576330192869,5.8630461162879994,-58.465997869766788,-120.88708931149978,-2.7748709736227989e-05,0,0,2.4259274217355586e-08,-6.2246781324023972e-07,-1.7972478837652592e-06,1.9532995103666078e-06,0.00089804670048963342,31.728392546342434,0.59690260418206031,0.9927499999999998,0.0010396995748452396,-1.7463928852253103e-05,2.008242214060549e-05,-0.010881950351674682,-0.0015584612335576083,0.00039288055078527543,0.9999999999999999
FREE_6DOF,robot_component_fluid,0.0009749999999999993,0.0012418711758525793,9.6720016769671944e-07,-1.8946532325798116e-06,0.99985723456444087,0.00076826015419861058,-0.0089147528604445799,-0.014333438070518942,0.0015365934332368092,-0.017830354248395533,-0.028668240431967099,0.067908994526955271,0.0059382834935093245,-0.0051846115244832108,6.3266444887006337,-62.073951210444427,-131.44748423523134,-2.7898038049711622e-05,0,0,2.6397261847495006e-08,-6.3810590089620998e-07,-1.8793846296306423e-06,2.1272487010497133e-06,0.00089787275129895022,31.729923724896231,0.6126105674500093,0.99815624999999986,0.0010396078764492219,-2.0746368926071124e-05,2.1646011745471829e-05,-0.010876951310135613,-0.0015940615096514618,0.0003884560469175989,1.0
FREE_6DOF,robot_component_fluid,0.00099999999999999937,0.001243584790653766,1.1249194206368847e-06,-2.0288586387082676e-06,0.99982372413013876,0.00084654593272875879,-0.0097138021214810948,-0.016045126202952436,0.001693191356219794,-0.019428745862737684,-0.032092138117920055,0.069180189567961084,0.0066792567417039012,-0.0055518209657932291,6.8128609371975282,-65.772614825450788,-142.44700397738958,-2.7947223324714328e-05,0,0,2.8634325867278396e-08,-6.5245559198200495e-07,-1.9578894312371169e-06,2.3198515208493817e-06,0.00089768014847915062,31.731487339697416,0.62831853071795829,1,0.001039494831806555,-2.4309157259438748e-05,2.3303603673248356e-05,-0.010871895784318767,-0.0016292556298375652,0.00038393768707226404,0.9999999999999999
FREE_6DOF,robot_component_fluid,0.0010249999999999994,0.0012453297104723284,1.301973094799003e-06,-2.172486075738179e-06,0.99978364112740614,0.00093043550038070038,-0.010559595708516802,-0.017896931644230962,0.001861005217694338,-0.021120714657009376,-0.035796444951858575,0.070413395917023017,0.007485037191265571,-0.0059383739965996607,7.3219538938260644,-69.557369388577797,-153.87682738634112,-2.7944216963372316e-05,0,0,3.1013030198356578e-08,-6.6654828268060591e-07,-2.0355730990829571e-06,2.5327514068413361e-06,0.00089746724859315864,31.733082259515978,0.64402649398590728,1,0.0010393567466678356,-2.8163518273641734e-05,2.5057290712769596e-05,-0.010866788776492503,-0.0016640350874184864,0.00037932692355897163,1.0
FREE_6DOF,robot_component_fluid,0.0010499999999999995,0.0012471054493675712,1.4998566675437889e-06,-2.3259309919233865e-06,0.99973596164801515,0.0010201502955317046,-0.011453330547883415,-0.01989440877366986,0.0020404801825663764,-0.022908677387734867,-0.039792319841842748,0.071645715702400622,0.0083456486283173051,-0.0063372192982169614,7.8548613849619748,-73.44940884374995,-165.76851855796704,-2.7940438942489693e-05,0,0,3.3594367063002837e-08,-6.8158610293525032e-07,-2.1160088213799128e-06,2.7675846874784639e-06,0.00089723241531252155,31.734707998411221,0.65973445725385627,1,0.0010391894641080728,-3.2320939832383584e-05,2.6909347046898553e-05,-0.010861635338737697,-0.0016983915061438023,0.00037462522625018971,1.0
FREE_6DOF,robot_component_fluid,0.0010749999999999996,0.0012489119063822079,1.7196461153616345e-06,-2.4892477980836206e-06,0.99967953725660108,0.0011159236712854166,-0.012396325321419479,-0.022043335122286012,0.0022320857811094627,-0.024795299355981331,-0.044091380226758375,0.072870845468523252,0.0092375071971103548,-0.006728125194601765,8.4134460996397955,-77.447499939831275,-178.12712571961416,-2.7935763590683152e-05,0,0,3.6391151463075245e-08,-6.9759477124312819e-07,-2.1993015223657586e-06,3.0254813439091826e-06,0.00089697451865609077,31.736364455425857,0.67544242052180525,1,0.0010389883145042694,-3.6793346030977877e-05,2.8862266625886861e-05,-0.010856440567911909,-0.0017323166418330624,0.00036983408148078949,1.0
FREE_6DOF,robot_component_fluid,0.0010999999999999996,0.001250748819508402,1.9621734970092682e-06,-2.6623190122538213e-06,0.99961308861010112,0.0012180038114891613,-0.013389781694909529,-0.02434960558719412,0.0024363218446409735,-0.026783017697126654,-0.048705492906415945,0.074082204627014994,0.010164683334700346,-0.007117571939014319,8.9997848017566753,-81.534749599747428,-190.96742017890881,-2.7930050653695131e-05,0,0,3.9416015621396713e-08,-7.1459684343076982e-07,-2.2855568034443258e-06,3.307274913788351e-06,0.0008966927250862116,31.738051368552053,0.69115038378975424,1,0.0010387480891151095,-4.1592870105908064e-05,3.0918262231624481e-05,-0.010851209600573225,-0.0017658023839044969,0.00036495499095730798,0.9999999999999999
FREE_6DOF,robot_component_fluid,0.0011249999999999997,0.0012526163029109927,2.2286816915352004e-06,-2.8455066338225244e-06,0.99953518959596521,0.0013266512409603655,-0.014434889926180248,-0.026819371891634972,0.0026537136525678533,-0.028874253675509221,-0.053647055944111947,0.075316467580236232,0.011155972227374236,-0.0075374377864819552,9.6153453770147426,-85.726900108183003,-204.31701326508662,-2.7923143824051196e-05,0,0,4.268163915262085e-08,-7.326140402469608e-07,-2.3748838290420586e-06,3.6144059104245881e-06,0.00089638559408957536,31.739768851954643,0.70685834705770334,1,0.0010384629766559776,-4.6732136325935884e-05,3.3079479629869234e-05,-0.010845947607868991,-0.0017988407568101565,0.00035998947067871645,1.0
FREE_6DOF,robot_component_fluid,0.0011499999999999998,0.0012545151451452323,2.5211695821701542e-06,-3.0398967083649833e-06,0.99944425244382629,0.0014421401933791551,-0.015533019527647242,-0.029458984928499868,0.0028848148161554166,-0.031071795293349223,-0.058928886789782677,0.076590911158919153,0.012243059023422062,-0.0080137681769147928,10.261696024209311,-90.037699410162077,-218.18175067960763,-2.7914869167880678e-05,0,0,4.6201500252455555e-08,-7.5167148369846817e-07,-2.4673937413763168e-06,3.9493376735331575e-06,0.0008960506623264668,31.741517694188882,0.72256631032565233,1,0.0010381265000137759,-5.2224130890628251e-05,3.5348388156013653e-05,-0.010840659790394693,-0.0018314239213783141,0.00035493904987052868,1.0
FREE_6DOF,robot_component_fluid,0.0011749999999999998,0.0012564461843773635,2.8420265423184175e-06,-3.2467229251479108e-06,0.99933851814706265,0.0015647582270889267,-0.016685719614739896,-0.032274826727062236,0.003130206676256693,-0.033378799377443896,-0.064563890029214532,0.077892227411585885,0.013425497788438982,-0.0085323291657193861,10.939762063872333,-94.483105274188873,-232.56266616938927,-2.7905033720961859e-05,0,0,4.9990041755060319e-08,-7.7179764106244452e-07,-2.5631956079523184e-06,4.3148956673277031e-06,0.00089568510433267229,31.743298733421014,0.73827427359360132,1,0.0010377314744494884,-5.8081841627223705e-05,3.7727775357721705e-05,-0.010835351373028192,-0.0018635441760641179,0.00034980526993404274,0.9999999999999999
FREE_6DOF,robot_component_fluid,0.0011999999999999999,0.0012584098637490686,3.1934212426785703e-06,-3.4668623795510727e-06,0.9992160350882765,0.0016948104419716673,-0.017894698979513318,-0.035273539494394636,0.0033905069430842892,-0.035798753436909449,-0.070565520250023453,0.079202122324822238,0.014686078240373223,-0.0090788271865335501,11.652404677211534,-99.073824777241455,-247.5026048572735,-2.7893423051223426e-05,0,0,5.4062454218898794e-08,-7.9302377372452087e-07,-2.6624012193692881e-06,4.7134991239987808e-06,0.00089528650087600118,31.745112412792718,0.7539822368615503,1,0.001037269924396728,-6.4318721195150559e-05,4.0220697025153854e-05,-0.010830027599744628,-0.001895193958109646,0.00034458968341246298,1.0
FREE_6DOF,robot_component_fluid,0.001225,0.0012604062968384628,3.5773764235764783e-06,-3.700603587348096e-06,0.99907463613051206,0.0018326219270619276,-0.019161620447773555,-0.038462257335898094,0.003666374834173979,-0.038335066253595305,-0.076948251180176494,0.08051252482670565,0.016030336231459375,-0.0096204694372282896,12.402753256706692,-103.7930917038112,-263.0400361527951,-2.7879798917224252e-05,0,0,5.8433714367177586e-08,-8.1537919526425001e-07,-2.7651298793067179e-06,5.1470466275966871e-06,0.00089485295337240328,31.746958845882116,0.76969020012949929,1,0.001036732995456072,-7.0949152571303059e-05,4.2830039755482084e-05,-0.010824693728417217,-0.0019263658446146551,0.00033929385297559717,1.0
FREE_6DOF,robot_component_fluid,0.00125,0.0012624357426202697,3.9960469018582088e-06,-3.9477059908541567e-06,0.99891193384974242,0.0019785335247846829,-0.020487920002839537,-0.041848284930405974,0.0039585028580609583,-0.040990707951633301,-0.083726938880143154,0.081843137717836426,0.017463302031079028,-0.010147722843256532,13.19339368348925,-108.62294457695084,-279.16678788046869,-2.7863898871393171e-05,0,0,6.311804521304459e-08,-8.3888714759756829e-07,-2.8715008382065492e-06,5.6171855436754435e-06,0.00089438281445632453,31.748838291663919,0.78539816339744828,1,0.0010361109320136824,-7.7987762762431393e-05,4.5558136972569226e-05,-0.010819355025609188,-0.0019570525535194745,0.00033391935042476788,1.0
FREE_6DOF,robot_component_fluid,0.0012750000000000001,0.0012644991388732184,4.4516730569279684e-06,-4.2084006272202837e-06,0.99872531274966758,0.0021329001030262469,-0.021874936819124006,-0.045438833054870953,0.0042676136510946634,-0.043768472256939119,-0.090916299342685358,0.083228562518062196,0.018986790374501739,-0.010707848066033632,14.025941622572301,-113.56768942335448,-295.87956293721538,-2.7845435539499399e-05,0,0,6.8129530533614125e-08,-8.6356766929282534e-07,-2.9816269937759164e-06,6.1260124750906672e-06,0.00089387398752490928,31.750751687916868,0.80110612666539738,1,0.0010353930419077192,-8.5448853583074841e-05,4.8407030623452503e-05,-0.010814016761362148,-0.0019872469445016317,0.00032846775571952362,1.0
FREE_6DOF,robot_component_fluid,0.0013000000000000002,0.0012665978338249229,4.946734757666815e-06,-4.4837146993788575e-06,0.99851189410528562,0.0022960933179528363,-0.023324160355347262,-0.04924133253140181,0.0045944658793331174,-0.046671473706600623,-0.098531545037608331,0.084667033618292226,0.020618145684605935,-0.011317277706652289,14.902971743391934,-118.64911119019705,-313.2211599554945,-2.7824092766395053e-05,0,0,7.348285483633648e-08,-8.8944300161585683e-07,-3.0956213569664875e-06,6.6763674455601231e-06,0.00089332363255443983,31.752700382868575,0.81681408993334637,1,0.0010345675577590266,-9.3347030810728507e-05,5.1378971327834064e-05,-0.010808684203986079,-0.0020169420197879372,0.00032294065602766873,1.0
FREE_6DOF,robot_component_fluid,0.0013250000000000002,0.0012687326911046501,5.4836628402196759e-06,-4.7745422745478131e-06,0.99826849957250419,0.002468499884175644,-0.024837396934042712,-0.053263617818580314,0.0049398512157651508,-0.049703484382396829,-0.10658876223728542,0.08612154875988666,0.022336100919622858,-0.011948928306864203,15.825103852196658,-123.8984065555822,-331.21853384314545,-2.7799521319367245e-05,0,0,7.9193895002985557e-08,-9.1654115589008608e-07,-3.2136004911644119e-06,7.270956751119506e-06,0.00089272904324888048,31.754685240148298,0.83252205320129535,1,0.0010336214921202566,-0.000101697557573572,5.447674948109301e-05,-0.010803362614856166,-0.002046130924883904,0.00031733964480007014,0.9999999999999999
FREE_6DOF,robot_component_fluid,0.0013500000000000003,0.0012709044112607709,6.0645734382449305e-06,-5.0812948210999589e-06,0.99799164138394025,0.0026505203351794714,-0.026416790488205773,-0.05751357796245795,0.0053045923206191782,-0.052868979007344087,-0.11510422309977444,0.087616063729774471,0.024136746922397499,-0.012591275417307521,16.792934654381497,-129.34107595354661,-349.85948932705247,-2.7771337889154985e-05,0,0,8.5280099549116341e-08,-9.4489625401411095e-07,-3.3356761634567398e-06,7.9119282129455139e-06,0.00089208807178705446,31.756706960304424,0.84823001646924434,1,0.0010325405953242614,-0.00011051559869000992,5.7703724983484981e-05,-0.010798057243221691,-0.0020748069492224825,0.00031166632087163319,0.9999999999999999
FREE_6DOF,robot_component_fluid,0.0013750000000000004,0.0012731145630722844,6.6917114902650432e-06,-5.4049241777319691e-06,0.99767750382797504,0.0028425786647860323,-0.028064568417532867,-0.061999178233690298,0.0056895626744475443,-0.056172630478422837,-0.12409444097174252,0.08919608119130279,0.026034297239211544,-0.013299073113253302,17.810745150745188,-134.9681561944135,-369.1752238461799,-2.7739123686922805e-05,0,0,9.1759398920626779e-08,-9.7454265351443379e-07,-3.4619552282617834e-06,8.6018723564103644e-06,0.00089139812764358966,31.758767112115933,0.86393797973719333,1,0.0010313092867912832,-0.00011981623025820684,6.1063281668520872e-05,-0.010792773321032055,-0.0021029635267342441,0.00030592228758976274,1.0
FREE_6DOF,robot_component_fluid,0.0014000000000000004,0.0012753650903060284,7.3675097352717778e-06,-5.747256935093444e-06,0.9973218838410538,0.003045117930459518,-0.029783039749311933,-0.06672898779250272,0.0060956784781068711,-0.059619311487580401,-0.13357724201217841,0.090846097508211363,0.028029562361327254,-0.014087547475664635,18.880484862744254,-140.8051535026716,-389.23924552298985,-2.7702418042137945e-05,0,0,9.8649812356129146e-08,-1.0055146360426846e-06,-3.5925503975375327e-06,9.3440441981673062e-06,0.00089065595580183272,31.760867639349676,0.87964594300514243,1,0.0010299104254667697,-0.00012961549012770093,6.455879999794609e-05,-0.010787516057785143,-0.0021305942363412534,0.00030010915197156072,0.9999999999999999
FREE_6DOF,robot_component_fluid,0.0014250000000000005,0.0012776574843881333,8.0947195427170766e-06,-6.1097572594723602e-06,0.99692015540109924,0.0032586065617232086,-0.031574588307047215,-0.071712137128693856,0.0065239120447071744,-0.063214086469550526,-0.14357169738164843,0.09254542906017281,0.030147222234296597,-0.014912478474648629,20.007848051531141,-146.8426697350958,-410.07723039331586,-2.7660714288727453e-05,0,0,1.0596941365606516e-07,-1.037846019245835e-06,-3.7275783282179761e-06,1.0141677289527652e-05,0.00088985832271047238,31.763010033431783,0.89535390627309142,1,0.0010283251707749327,-0.00013993023929255574,6.8193619244001619e-05,-0.010782290635403015,-0.0021576928023769788,0.00029422852389093048,1.0
FREE_6DOF,robot_component_fluid,0.0014500000000000006,0.0012799932433087448,8.876418521695996e-06,-6.4931276341947996e-06,0.99646727597580509,0.003483529850468656,-0.033441471927225415,-0.076957786379808643,0.0069752755448951433,-0.066961814978531292,-0.15409707634689143,0.094315284588736073,0.032388696084016989,-0.01575715150314656,21.193242569541511,-153.07470558795407,-431.67885686344749,-2.761346075402277e-05,0,0,1.1373571291561991e-07,-1.0715655474487586e-06,-3.8671471061225244e-06,1.0997795790350532e-05,0.00088900220420964947,31.765195792352394,0.9110618695410404,1,0.0010265330123310605,-0.00015077700538205122,7.1970602789625564e-05,-0.010777102203139979,-0.0021842530949347117,0.00028828201529668281,1.0
FREE_6DOF,robot_component_fluid,0.0014750000000000006,0.0012823743427267048,9.7156490466759535e-06,-6.8977105130292264e-06,0.99595775715044321,0.0037203840233506493,-0.035386049316575137,-0.082475040032379154,0.0074508100826617884,-0.070867612423529541,-0.16517269614757388,0.096172668848052922,0.034749745914379578,-0.016609478803607587,22.438534710430453,-159.52869373859789,-454.05795230234764,-2.7560057958845023e-05,0,0,1.2196661775195692e-07,-1.1067017506749507e-06,-4.0113533833855324e-06,1.1915210729136488e-05,0.00088808478927086354,31.767426891770356,0.92676983280898939,1,0.0010245116587035666,-0.00016217174590665178,7.5892584838159845e-05,-0.010771955872528032,-0.0022102691301470571,0.0002822712394626613,1.0
FREE_6DOF,robot_component_fluid,0.0015000000000000007,0.0012848035650619189,1.0615335801288861e-05,-7.3238679116433643e-06,0.99538559427948337,0.0039696923661210878,-0.037410780565450198,-0.088273403360705688,0.0079516191645187008,-0.074936859652555657,-0.17681886180166187,0.09816511796905196,0.037225194454653061,-0.017483113085523458,23.749501850107979,-166.19957661407219,-477.27919271337595,-2.7499851572241012e-05,0,0,1.3068007092355686e-07,-1.1432825515815439e-06,-4.1602911189775294e-06,1.2896681563926604e-05,0.00088710331843607339,31.769706114105567,0.94247779607693838,1,0.0010222367708188523,-0.00017413072081224874,7.9962334124347443e-05,-0.010766856712364515,-0.0022357350703991613,0.00027619781027081848,0.9999999999999999
FREE_6DOF,robot_component_fluid,0.0015250000000000007,0.0012872839539314388,1.1578151373549317e-05,-7.7723198862931975e-06,0.99474423457178374,0.0042319896335552059,-0.039518139193822743,-0.094362676544252233,0.0084788387408437551,-0.079175035521331538,-0.18905668180972804,0.10026599159252994,0.039800051326183437,-0.018393044886463272,25.125840346279549,-173.10139074667879,-501.34166782492719,-2.7432129099282921e-05,0,0,1.3989363250019597e-07,-1.1813330278877033e-06,-4.3140479714571049e-06,1.3944982812599327e-05,0.00088605501718740066,31.772036502975087,0.95818575934488737,1,0.00101968184841145,-0.00018667019006963039,8.4182341277363901e-05,-0.010761809743746893,-0.0022606452244784197,0.00027006334152809662,0.9999999999999999
FREE_6DOF,robot_component_fluid,0.0015500000000000008,0.0012898179714084484,1.2606205002597693e-05,-8.243907878845836e-06,0.99402661183040841,0.0045078253335195757,-0.041710495042633057,-0.1007522162883749,0.0090336449962458865,-0.083587489965727763,-0.20190661509582836,0.10245540656822702,0.042444238997686651,-0.019333994517747883,26.571630364945349,-180.21148131068318,-526.19369472681547,-2.7356123676499845e-05,0,0,1.4962424093721489e-07,-1.2208726768728446e-06,-4.4726882872644877e-06,1.5062483914760391e-05,0.00088493751608523957,31.7744205204521,0.97389372261283647,1,0.0010168183853968553,-0.00019980480681403264,8.8554552205416612e-05,-0.01075681993515938,-0.0022849940476635075,0.00026386944631787813,1.0
FREE_6DOF,robot_component_fluid,0.0015750000000000009,0.0012924079928573402,1.3701806367631989e-05,-8.7393686262078416e-06,0.99322509525008629,0.004797764619889038,-0.043990099919212051,-0.10745121092480464,0.009617257733461556,-0.088179425662106209,-0.21538905534308733,0.10474630934309997,0.045203870205057103,-0.020302865271212639,28.08865396072072,-187.54247096226811,-551.88102011236242,-2.7271009463515777e-05,0,0,1.5988779788999717e-07,-1.2619147199542659e-06,-4.6362577689153124e-06,1.6251647969385336e-05,0.00088374835203061468,31.776860541900991,0.98960168588078545,1,0.0010136156912635749,-0.00021354809012369909,9.3080298947454638e-05,-0.010751892197616146,-0.00230877614175563,0.00025761773638668782,0.9999999999999999
FREE_6DOF,robot_component_fluid,0.0016000000000000009,0.0012950569138451004,1.4868060753765344e-05,-9.2594286929104979e-06,0.99233140492745597,0.0051023632128159553,-0.046359574797429463,-0.11446894124148921,0.010230892009488492,-0.092956887539282551,-0.22952489413936247,0.10716736967773151,0.048096480685611419,-0.021301940064999969,29.670427882442269,-195.1499696921079,-578.39769815593877,-2.7175893427122963e-05,0,0,1.7070118824525837e-07,-1.3044764970260894e-06,-4.8047872817985607e-06,1.7515600198016383e-05,0.00088248439980198362,31.779359462888753,1.0053096491487343,1,0.001010040576818805,-0.00022791284895642616,9.7761264739483239e-05,-0.010747031379865732,-0.0023319862550549735,0.00025130982156674071,1.0
FREE_6DOF,robot_component_fluid,0.001625000000000001,0.0012977694863912852,1.6107931495809553e-05,-9.8048131386959533e-06,0.99133654355403289,0.005422199604557843,-0.048821814240061538,-0.12181497288962614,0.010875824797899116,-0.097926586388326881,-0.24433595210968617,0.10983843401705305,0.051093178677925288,-0.022328815597836602,31.327107947518005,-203.03318810586089,-605.82355008913601,-2.7069809518806787e-05,0,0,1.8208160967620651e-07,-1.3485767264994476e-06,-4.9782951475029298e-06,1.8857354474009291e-05,0.00088114264552599064,31.781922035434935,1.0210176124166834,1,0.0010060571176773619,-0.00024291145136118061,0.0001025992260774227,-0.010742242263661177,-0.0023546192822853909,0.00024494730923484088,1.0
FREE_6DOF,robot_component_fluid,0.0016500000000000011,0.0013005514774898487,1.7424475579863842e-05,-1.0376210407426745e-05,0.99023074222192109,0.0057578668390801139,-0.051379613118678058,-0.12949926441436541,0.011553380890393868,-0.10309516648287076,-0.25984524627249284,0.11272085386803407,0.054230348046417687,-0.023382965900626794,33.057861812994219,-211.1894806975456,-634.17358969450652,-2.6951713690579183e-05,0,0,1.9404456992903205e-07,-1.3942266930764539e-06,-5.1567874737561278e-06,2.0279992397741732e-05,0.00087972000760225819,31.784554026533499,1.0367255756846325,1,0.0010016264840544951,-0.00025855589758491654,0.00010759522613969081,-0.010737529559100373,-0.0023766702644704039,0.00023853180380805088,1.0
