step,time_s,com_x_m,com_y_m,com_z_m,radial_displacement_m,robot_wall_dx_m,component_bounds_delta_m,orphan_count,receptors_without_donors,minimum_cell_volume_m3,mesh_motion_status
1,2.5e-05,0.001206018692811474,1.084341127791916e-28,-5.810015071424497e-29,1.2301863406504083e-28,,,0,0,9.389339107306583e-15,PASS
2,5e-05,0.001206033816809643,4.116087450433751e-10,-1.454693289654891e-09,1.511804989396169e-09,,,0,0,9.389339107306586e-15,PASS
3,7.500000000000001e-05,0.001206096007014933,1.177872746981225e-09,-8.260150081467631e-09,8.343708023202323e-09,,,0,0,9.38933910730657e-15,PASS
4,0.0001,0.001206222543410243,8.995839307242803e-10,-2.320937766144447e-08,2.322680483148672e-08,2.0384997867495258e-07,2.1816231310367584e-07,0,0,9.38933910730649e-15,PASS
5,0.000125,0.001206411575202757,-1.302187376938264e-09,-4.527668208931012e-08,4.5295404104402395e-08,,,0,0,9.38933910730652e-15,PASS
6,0.00015000000000000001,0.001206659139337354,-5.069330948370885e-09,-7.160599567140557e-08,7.178521249085682e-08,,,0,0,9.389339107306558e-15,PASS
7,0.00017500000000000003,0.00120696327379848,-9.863272566659605e-09,-9.950866250668701e-08,9.999629022915779e-08,,,0,0,9.389339107306525e-15,PASS
8,0.00020000000000000004,0.001207323983827188,-1.540450266593555e-08,-1.274401326888039e-07,1.2836777680603789e-07,1.3053009979557828e-06,1.3927929103374481e-06,0,0,9.389339107306463e-15,PASS
9,0.00022500000000000005,0.001207741649842598,-2.157675070142892e-08,-1.553946051424787e-07,1.5688543424492435e-07,,,0,0,9.389339107306429e-15,PASS
10,0.00025000000000000006,0.001208216049547344,-2.814223315214799e-08,-1.83979505082874e-07,1.8611943363692336e-07,,,0,0,9.389339107306415e-15,PASS
11,0.00027500000000000007,0.001208746319392157,-3.463770690630638e-08,-2.135784830029137e-07,2.1636898840072502e-07,,,0,0,9.389339107306474e-15,PASS
12,0.0003000000000000001,0.001209331266873797,-4.042153136545407e-08,-2.442473438834901e-07,2.47569515878002e-07,3.3126639209513087e-06,3.56440432369709e-06,0,0,9.38933910730647e-15,PASS
13,0.0003250000000000001,0.001209969700224395,-4.490957632272361e-08,-2.758295254406618e-07,2.7946162017405404e-07,,,0,0,9.389339107306445e-15,PASS
14,0.0003500000000000001,0.001210660404645648,-4.779799359625044e-08,-3.081487256576389e-07,3.118337462755659e-07,,,0,0,9.389339107306416e-15,PASS
15,0.0003750000000000001,0.001211402097216906,-4.901007109983009e-08,-3.41165713385235e-07,3.446680012111173e-07,,,0,0,9.389339107306364e-15,PASS
16,0.00040000000000000013,0.001212193573250764,-4.857977519484936e-08,-3.75005830023072e-07,3.781393487978675e-07,6.175433099997463e-06,6.796559318900108e-06,0,0,9.389339107306321e-15,PASS
17,0.00042500000000000014,0.001213033793748194,-4.678190953074546e-08,-4.097080615991811e-07,4.123702739028375e-07,,,0,0,9.389339107306216e-15,PASS
18,0.00045000000000000015,0.001213921897298659,-4.398060336734073e-08,-4.452373706441665e-07,4.47404302271096e-07,,,0,0,9.38933910730624e-15,PASS
19,0.00047500000000000016,0.001214857023630756,-4.019620786560971e-08,-4.818687486467171e-07,4.835423725477721e-07,,,0,0,9.389339107306336e-15,PASS
20,0.0005000000000000001,0.001215838067281445,-3.518604550819735e-08,-5.200829810610655e-07,5.212718724311427e-07,9.822200809139758e-06,1.1220341548323631e-05,0,0,9.389339107306295e-15,PASS
21,0.0005250000000000001,0.001216863829172465,-2.867774272751041e-08,-5.602382790914909e-07,5.609717838602407e-07,,,0,0,9.389339107306291e-15,PASS
22,0.00055,0.001217933075672184,-2.041191762386182e-08,-6.026311633901444e-07,6.029767536730103e-07,,,0,0,9.389339107306268e-15,PASS
23,0.000575,0.00121904461447673,-1.012395850857899e-08,-6.474922576736595e-07,6.475714001430392e-07,,,0,0,9.389339107306235e-15,PASS
24,0.0006,0.001220197582502588,2.644874146451968e-09,-6.947454215402729e-07,6.947504559987147e-07,1.419085128873121e-05,1.7055775970220566e-05,0,0,9.389339107306227e-15,PASS
25,0.0006249999999999999,0.001221391210630592,1.857167389193276e-08,-7.441959916166143e-07,7.444276868906638e-07,,,0,0,9.389339107306214e-15,PASS
26,0.0006499999999999999,0.001222624243464946,3.833059065359203e-08,-7.95898975323613e-07,7.968214436754513e-07,,,0,0,9.389339107306222e-15,PASS
27,0.0006749999999999998,0.001223895354719082,6.25509477116169e-08,-8.502105249525086e-07,8.525083916300424e-07,,,0,0,9.38933910730619e-15,PASS
28,0.0006999999999999998,0.001225203942882582,9.176649810733834e-08,-9.076444661973498e-07,9.122716520826218e-07,1.9227816665079445e-05,2.4585751816630363e-05,0,0,9.389339107306252e-15,PASS
29,0.0007249999999999997,0.001226549547261855,1.264446118180801e-07,-9.686652842640526e-07,9.76883141832319e-07,,,0,0,9.389339107306189e-15,PASS
30,0.0007499999999999997,0.001227931219300061,1.671573149462587e-07,-1.033738188937842e-06,1.0471657992928017e-06,,,0,0,9.389339107306189e-15,PASS
31,0.0007749999999999996,0.001229347785140594,2.148367314335325e-07,-1.103653623284905e-06,1.1243692193238584e-06,,,0,0,9.389339107306268e-15,PASS
32,0.0007999999999999996,0.001230798247296486,2.708666103910233e-07,-1.179388744056682e-06,1.2100936039134825e-06,2.491001032467466e-05,3.4161610528826714e-05,0,0,9.389339107306361e-15,PASS
33,0.0008249999999999996,0.001232281886023815,3.362369409321502e-07,-1.261436118800999e-06,1.3054793611019434e-06,,,0,0,9.389339107306369e-15,PASS
34,0.0008499999999999995,0.001233798144192286,4.112434036587886e-07,-1.349693099127418e-06,1.4109544992256268e-06,,,0,0,9.389339107306424e-15,PASS
35,0.0008749999999999995,0.001235346781539938,4.96442588587201e-07,-1.444070445994088e-06,1.5270215115566397e-06,,,0,0,9.389339107306438e-15,PASS
36,0.0008999999999999994,0.001236927971639505,5.931133779287618e-07,-1.544979305897683e-06,1.6549152651208922e-06,3.126078809145838e-05,4.611373879015446e-05,0,0,9.3893391073064e-15,PASS
37,0.0009249999999999994,0.00123854221483111,7.028533833204207e-07,-1.653207736410796e-06,1.7964127304640964e-06,,,0,0,9.389339107306385e-15,PASS
38,0.0009499999999999993,0.001240189997298785,8.270812497639362e-07,-1.76955236811103e-06,1.9532995103666074e-06,,,0,0,9.38933910730638e-15,PASS
39,0.0009749999999999993,0.001241871175852579,9.672001676967194e-07,-1.894653232579812e-06,2.1272487010497137e-06,,,0,0,9.389339107306381e-15,PASS
40,0.0009999999999999994,0.001243584790653766,1.124919420636885e-06,-2.028858638708268e-06,2.3198515208493825e-06,3.841466241283342e-05,6.0793012380599976e-05,0,0,9.389339107306325e-15,PASS
41,0.0010249999999999994,0.001245329710472328,1.301973094799003e-06,-2.172486075738179e-06,2.532751406841336e-06,,,0,0,9.38933910730641e-15,PASS
42,0.0010499999999999995,0.001247105449367571,1.499856667543789e-06,-2.325930991923387e-06,2.767584687478465e-06,,,0,0,9.38933910730641e-15,PASS
43,0.0010749999999999996,0.001248911906382208,1.719646115361634e-06,-2.489247798083621e-06,3.0254813439091826e-06,,,0,0,9.389339107306381e-15,PASS
44,0.0010999999999999996,0.001250748819508402,1.962173497009268e-06,-2.662319012253821e-06,3.3072749137883505e-06,4.6592675062129274e-05,8.271238766610622e-05,0,0,9.389339107306362e-15,PASS
45,0.0011249999999999997,0.001252616302910993,2.2286816915352e-06,-2.845506633822524e-06,3.6144059104245877e-06,,,0,0,9.38933910730642e-15,PASS
46,0.0011499999999999998,0.001254515145145232,2.521169582170154e-06,-3.039896708364983e-06,3.949337673533157e-06,,,0,0,9.38933910730645e-15,PASS
47,0.0011749999999999998,0.001256446184377363,2.842026542318417e-06,-3.246722925147911e-06,4.314895667327703e-06,,,0,0,9.389339107306451e-15,PASS
48,0.0012,0.001258409863749069,3.19342124267857e-06,-3.466862379551073e-06,4.713499123998781e-06,5.616466296487488e-05,0.00012037181295454502,0,0,9.389339107306503e-15,PASS
49,0.001225,0.001260406296838463,3.577376423576478e-06,-3.700603587348096e-06,5.147046627596687e-06,,,0,0,9.389339107306514e-15,PASS
50,0.00125,0.00126243574262027,3.996046901858209e-06,-3.947705990854157e-06,5.6171855436754435e-06,,,0,0,9.389339107306498e-15,PASS
51,0.001275,0.001264499138873218,4.451673056927968e-06,-4.208400627220284e-06,6.126012475090667e-06,,,0,0,9.38933910730652e-15,PASS
52,0.0013000000000000002,0.001266597833824923,4.946734757666815e-06,-4.483714699378858e-06,6.676367445560123e-06,6.773981294827536e-05,0.00016818154836073518,0,0,9.389339107306568e-15,PASS
53,0.0013250000000000002,0.00126873269110465,5.483662840219676e-06,-4.774542274547813e-06,7.270956751119506e-06,,,0,0,9.389339107306545e-15,PASS
54,0.0013500000000000003,0.001270904411260771,6.064573438244931e-06,-5.081294821099959e-06,7.911928212945516e-06,,,0,0,9.38933910730656e-15,PASS
55,0.0013750000000000004,0.001273114563072284,6.691711490265043e-06,-5.404924177731969e-06,8.601872356410364e-06,,,0,0,9.389339107306519e-15,PASS
56,0.0014000000000000004,0.001275365090306028,7.367509735271778e-06,-5.747256935093444e-06,9.344044198167306e-06,8.11114368843846e-05,0.0002273949794471264,0,0,9.389339107306539e-15,PASS
57,0.0014250000000000005,0.001277657484388133,8.094719542717077e-06,-6.10975725947236e-06,1.0141677289527652e-05,,,0,0,9.389339107306443e-15,PASS
58,0.0014500000000000006,0.001279993243308745,8.876418521695996e-06,-6.4931276341948e-06,1.0997795790350532e-05,,,0,0,9.389339107306426e-15,PASS
59,0.0014750000000000006,0.001282374342726705,9.715649046675953e-06,-6.897710513029226e-06,1.1915210729136488e-05,,,0,0,9.389339107306435e-15,PASS
60,0.0015000000000000007,0.001284803565061919,1.061533580128886e-05,-7.323867911643364e-06,1.2896681563926604e-05,9.53513736021705e-05,0.0002991962246596813,0,0,9.389339107306495e-15,PASS
61,0.0015250000000000007,0.001287283953931439,1.157815137354932e-05,-7.772319886293198e-06,1.394498281259933e-05,,,0,0,9.38933910730644e-15,PASS
62,0.0015500000000000008,0.001289817971408448,1.260620500259769e-05,-8.243907878845836e-06,1.5062483914760391e-05,,,0,0,9.389339107306435e-15,PASS
63,0.0015750000000000009,0.00129240799285734,1.370180636763199e-05,-8.739368626207842e-06,1.6251647969385336e-05,,,0,0,9.389339107306452e-15,PASS
64,0.001600000000000001,0.0012950569138451,1.486806075376534e-05,-9.259428692910498e-06,1.7515600198016376e-05,0.00011477321095298976,0.00038454425521194935,0,0,9.389339107306422e-15,PASS
65,0.001625000000000001,0.001297769486391285,1.610793149580955e-05,-9.804813138695953e-06,1.8857354474009288e-05,,,0,0,9.389339107306394e-15,PASS
66,0.001650000000000001,0.001300551477489849,1.742447557986384e-05,-1.037621040742675e-05,2.0279992397741732e-05,,,1,0,9.389339107306317e-15,FAIL
