time_s,component_com_x_m,component_com_y_m,component_com_z_m,prescribed_displacement_x_m,measured_robot_displacement_x_m,measured_component_displacement_x_m,mesh_motion_status,overset_connectivity_status,orphan_count,receptor_count,donor_count,minimum_cell_volume_m3
0.0,0.0012060186937156343,0.0,0.0,0.0,0.0,0.0,PASS,PASS,0,4659,13706,9.389339107306568e-15
5e-05,0.001208518693715634,0.0,0.0,2.5e-06,2.499999936844688e-06,2.500019036233425e-06,PASS,PASS,0,4640,13672,9.389339107306555e-15
0.0001,0.001211018693715634,0.0,0.0,5e-06,4.999999873689376e-06,5.00003807246685e-06,PASS,PASS,0,4644,13659,9.389339107306555e-15
0.00015000000000000001,0.001213518693715634,0.0,0.0,7.500000000000001e-06,7.499999810534064e-06,7.499998901039362e-06,PASS,PASS,0,4645,13632,9.389339107306555e-15
0.0002,0.001216018693715634,0.0,0.0,1e-05,9.999999747378752e-06,1.0000017937272787e-05,PASS,PASS,0,4639,13625,9.389339107306555e-15
0.00025,0.001218518693715634,0.0,0.0,1.25e-05,1.249999968422344e-05,1.2500036973506212e-05,PASS,PASS,0,4657,13676,9.389339107306555e-15
0.00030000000000000003,0.001221018693715633,0.0,0.0,1.5000000000000002e-05,1.4999999621068127e-05,1.500002690590918e-05,PASS,PASS,0,4661,13751,9.389339107306555e-15
0.00035000000000000005,0.001223518693715633,0.0,0.0,1.7500000000000002e-05,1.7500000467407517e-05,1.750001683831215e-05,PASS,PASS,0,4657,13721,9.389339107306555e-15
0.0004000000000000001,0.001226018693715633,0.0,0.0,2.0000000000000005e-05,1.9999999494757503e-05,2.0000035874545574e-05,PASS,PASS,0,4655,13716,9.389339107306555e-15
0.0004500000000000001,0.001228518693715633,0.0,0.0,2.2500000000000005e-05,2.2500000341096893e-05,2.2500025806948543e-05,PASS,PASS,0,4655,13701,9.389339107306555e-15
0.0005000000000000001,0.001231018693715633,0.0,0.0,2.5000000000000008e-05,2.499999936844688e-05,2.500001573935151e-05,PASS,PASS,0,4656,13700,9.389339107306555e-15
0.0005500000000000001,0.001233518693715633,0.0,0.0,2.7500000000000008e-05,2.750000021478627e-05,2.7500034775584936e-05,PASS,PASS,0,4632,13643,9.389339107306555e-15
0.0006000000000000002,0.001236018693715633,0.0,0.0,3.000000000000001e-05,2.9999999242136255e-05,3.0000024707987905e-05,PASS,PASS,0,4628,13598,9.389339107306555e-15
0.0006500000000000002,0.001238518693715633,0.0,0.0,3.250000000000001e-05,3.2500000088475645e-05,3.250001464039087e-05,PASS,PASS,0,4627,13611,9.389339107306555e-15
0.0007000000000000002,0.001241018693715633,0.0,0.0,3.500000000000001e-05,3.5000000934815034e-05,3.50000336766243e-05,PASS,PASS,0,4625,13609,9.389339107306555e-15
0.0007500000000000002,0.001243518693715633,0.0,0.0,3.750000000000002e-05,3.7500001781154424e-05,3.7500023609027267e-05,PASS,PASS,0,4631,13636,9.389339107306555e-15
0.0008000000000000003,0.001246018693715632,0.0,0.0,4.000000000000002e-05,3.9999998989515007e-05,4.0000013541430235e-05,PASS,PASS,0,4627,13609,9.389339107306555e-15
0.0008500000000000003,0.001248518693715632,0.0,0.0,4.2500000000000017e-05,4.2499999835854396e-05,4.250003257766366e-05,PASS,PASS,0,4627,13608,9.389339107306555e-15
0.0009000000000000003,0.001251018693715632,0.0,0.0,4.5000000000000016e-05,4.5000000682193786e-05,4.500002251006663e-05,PASS,PASS,0,4621,13573,9.389339107306555e-15
0.0009500000000000003,0.001253518693715632,0.0,0.0,4.7500000000000016e-05,4.7500001528533176e-05,4.75000124424696e-05,PASS,PASS,0,4622,13563,9.389339107306555e-15
0.0010000000000000002,0.001256018693715632,0.0,0.0,5.0000000000000016e-05,4.999999873689376e-05,5.000003147870302e-05,PASS,PASS,0,4623,13578,9.389339107306555e-15
0.0010500000000000002,0.001258518693715632,0.0,0.0,5.250000000000001e-05,5.249999958323315e-05,5.250002141110599e-05,PASS,PASS,0,4628,13550,9.389339107306555e-15
0.0011,0.001261018693715632,0.0,0.0,5.500000000000001e-05,5.500000042957254e-05,5.500001134350896e-05,PASS,PASS,0,4623,13533,9.389339107306555e-15
0.00115,0.001263518693715632,0.0,0.0,5.75e-05,5.750000127591193e-05,5.7500030379742384e-05,PASS,PASS,0,4631,13588,9.389339107306555e-15
0.0012,0.001266018693715632,0.0,0.0,5.9999999999999995e-05,5.999999848427251e-05,6.000002031214535e-05,PASS,PASS,0,4628,13626,9.389339107306555e-15
0.0012499999999999998,0.001268518693715632,0.0,0.0,6.249999999999999e-05,6.25000029685907e-05,6.250001024454832e-05,PASS,PASS,0,4637,13611,9.389339107306555e-15
0.0012999999999999997,0.001271018693715631,0.0,0.0,6.5e-05,6.500000017695129e-05,6.500002928078175e-05,PASS,PASS,0,4646,13638,9.389339107306555e-15
0.0013499999999999996,0.001273518693715631,0.0,0.0,6.749999999999999e-05,6.749999738531187e-05,6.750001921318471e-05,PASS,PASS,0,4636,13607,9.389339107306555e-15
0.0013999999999999996,0.001276018693715631,0.0,0.0,6.999999999999998e-05,7.000000186963007e-05,7.000003824941814e-05,PASS,PASS,0,4651,13641,9.389339107306555e-15
0.0014499999999999995,0.001278518693715631,0.0,0.0,7.249999999999997e-05,7.249999907799065e-05,7.250002818182111e-05,PASS,PASS,0,4657,13662,9.389339107306555e-15
0.0014999999999999994,0.001281018693715631,0.0,0.0,7.499999999999998e-05,7.500000356230885e-05,7.500001811422408e-05,PASS,PASS,0,4654,13707,9.389339107306555e-15
0.0015499999999999993,0.001283518693715631,0.0,0.0,7.749999999999997e-05,7.750000077066943e-05,7.75000371504575e-05,PASS,PASS,0,4659,13794,9.389339107306555e-15
0.0015999999999999992,0.001286018693715631,0.0,0.0,7.999999999999997e-05,7.999999797903001e-05,8.000002708286047e-05,PASS,PASS,0,4663,13778,9.389339107306555e-15
0.0016499999999999991,0.001288518693715631,0.0,0.0,8.249999999999996e-05,8.250000246334821e-05,8.250001701526344e-05,PASS,PASS,0,4668,13811,9.389339107306555e-15
0.001699999999999999,0.001291018693715631,0.0,0.0,8.499999999999995e-05,8.499999967170879e-05,8.500003605149686e-05,PASS,PASS,0,4669,13771,9.389339107306555e-15
0.001749999999999999,0.001293518693715631,0.0,0.0,8.749999999999996e-05,8.749999688006938e-05,8.750002598389983e-05,PASS,PASS,0,4673,13758,9.389339107306555e-15
0.0017999999999999989,0.00129601869371563,0.0,0.0,8.999999999999995e-05,9.000000136438757e-05,9.00000159163028e-05,PASS,PASS,0,4667,13746,9.389339107306555e-15
0.0018499999999999988,0.00129851869371563,0.0,0.0,9.249999999999994e-05,9.249999857274815e-05,9.250003495253623e-05,PASS,PASS,0,4671,13740,9.389339107306555e-15
0.0018999999999999987,0.00130101869371563,0.0,0.0,9.499999999999994e-05,9.500000305706635e-05,9.50000248849392e-05,PASS,PASS,0,4670,13717,9.389339107306555e-15
0.0019499999999999986,0.00130351869371563,0.0,0.0,9.749999999999993e-05,9.750000026542693e-05,9.750001481734216e-05,PASS,PASS,0,4677,13736,9.389339107306555e-15
0.0019999999999999987,0.00130601869371563,0.0,0.0,9.999999999999994e-05,9.999999747378752e-05,0.00010000003385357559,PASS,PASS,0,4680,13752,9.389339107306555e-15
