step,time_s,com_x_m,com_y_m,com_z_m,q0,q1,q2,q3,q_norm,omega_x_rad_s,omega_y_rad_s,omega_z_rad_s,Fmag_x_N,Fmag_y_N,Fmag_z_N,Tmag_x_Nm,Tmag_y_Nm,Tmag_z_Nm,vx_m_s,vy_m_s,vz_m_s,theta_x_rad,theta_y_rad,theta_z_rad,orphan_count,receptors_without_donors,official_donor_count,official_receptor_count,minimum_cell_volume_m3,robot_wall_clearance_m,overset_wall_clearance_m,donor_length_ratio_min,donor_length_ratio_median,donor_length_ratio_p95,donor_length_ratio_max,BOI_pose_displacement_bound_m
1,2.5e-05,0.001206018692811474,0.0,0.0,0.9999999999999998,8.919917127545668e-10,-1.9544185708660843e-08,1.994382614783871e-09,0.9999999999999999,0.00014271867404073069,-0.0031270697133857347,0.00031910121836541935,-5.152658755426078e-08,0.0,0.0,8.286600948946486e-12,-9.82996801303591e-10,1.0030971666623426e-10,-7.233280811885771e-08,0.0,0.0,1.7839834255091335e-09,-3.9088371417321686e-08,3.988765229567742e-09,0,0,305957,144035,6.100596812e-17,0.0004894844993418812,0.0004394935524971515,0.38409211440345015,0.6991792016749729,2.0576473173223464,3.060739819979232,5.030568625429113e-11
2,5e-05,0.001206018686555561,-5.903829786817887e-15,-2.075805195936671e-14,0.999999999999988,7.175723975136429e-09,-1.5461846836763797e-07,9.232254666145825e-09,1.0,0.0008626785493474849,-0.0184848155091342,0.0008389583109686459,-2.026125390531657e-07,0.0,0.0,3.3558127926624986e-11,-3.863936558925266e-09,6.513040034282455e-11,-4.281402320356363e-07,-4.723063829454309e-10,-1.6606441567493366e-09,1.4351447950272914e-08,-3.0923693673527715e-07,1.8464509332291723e-08,0,0,305958,144035,6.100596812e-17,0.0004894844718023904,0.0004394935242680799,0.38409211440345015,0.6991691955376912,2.057647001078792,3.060739819979232,3.9667656362075395e-10
3,7.500000000000001e-05,0.001206018664524745,-5.449562826526752e-14,-2.111707650768816e-13,0.9999999999998013,2.9761512935015032e-08,-6.296553932466716e-07,9.252330075581263e-09,1.0,0.002751041251780013,-0.05752094994966784,-0.0008357538319966485,-4.4801717425963977e-07,0.0,0.0,7.633894060888377e-11,-8.53887157795593e-09,-5.83797844813432e-10,-1.3343250306378635e-06,-3.41503749533054e-09,-1.3572372892651852e-08,5.9523025870034e-08,-1.2593107864934267e-06,1.850466015116375e-08,0,0,305961,144036,6.100596812e-17,0.0004894844772992135,0.0004394935246955772,0.38409211440345015,0.6991543758068773,2.0576460523481304,3.060739819979232,1.6128460339462258e-09
4,0.0001,0.001206018609857408,-1.613810173292126e-13,-1.000438857170366e-12,0.9999999999983644,8.702745105396652e-08,-1.8055765416143164e-06,-5.833689979529827e-08,0.9999999999999999,0.0064114517239063935,-0.13062532535010105,-0.009978522588399734,-7.824998606284071e-07,0.0,0.0,1.3703436768562833e-10,-1.490177840405636e-08,-2.289937755510707e-09,-3.039061936750213e-06,-5.1357936297850624e-09,-4.956907447482691e-08,1.7405490210802793e-07,-3.6111530832306013e-06,-1.1667379959066014e-07,0,0,305951,144035,6.100596812e-17,0.0004894846073193887,0.00043949365134942747,0.38409211440345015,0.6991535532756021,2.0576671018296837,3.060739819979232,4.627169649814863e-09
5,0.000125,0.001206018499806037,-3.371931490239505e-13,-3.358010764617467e-12,0.9999999999912403,2.0494642970813575e-07,-4.167077016171519e-06,-3.3579102869440713e-07,1.0,0.012455668329672397,-0.24721474661367396,-0.03441413632680111,-1.2008200128923524e-06,0.0,0.0,2.1594145550407585e-10,-2.2845180135302692e-08,-5.461743404118625e-09,-5.765047775881233e-06,-8.929176905793969e-09,-1.3903667812094114e-07,4.0989285941746836e-07,-8.334154032367373e-06,-6.715820573907752e-07,0,0,305923,144032,6.100596812e-17,0.0004894850711967887,0.0004394941322557784,0.38409211440345015,0.6991734142533108,2.0576355683372527,3.060739819979232,1.0708335291803381e-08
6,0.00015,0.001206018306153033,-3.389828323244026e-13,-8.9861569102301e-12,0.999999999964792,4.171728323825305e-07,-8.311508178908209e-06,-1.0773362837673511e-06,1.0,0.02150090920983054,-0.41589422236998824,-0.08423309716643376,-1.697737094518399e-06,0.0,0.0,3.1326534646596824e-10,-3.2260853936333265e-08,-1.0472616447880942e-08,-9.727192520729022e-06,8.7860022417578e-09,-3.112150135280695e-07,8.343456647748528e-07,-1.6623016358011503e-05,-2.154672567559989e-06,0,0,305936,144031,6.100596812e-17,0.0004894863372601716,0.000439495357539774,0.38409211440345015,0.6991846103980683,2.057636660074097,3.060739819979232,2.1467216474858974e-08
7,0.000175,0.001206017995459091,3.328510580316818e-13,-1.965361255368744e-11,0.9999999998845095,7.650858770718166e-07,-1.4941037849116593e-05,-2.6760043569692814e-06,1.0,0.034166373975989005,-0.6448304670606658,-0.17155376989322252,-2.2680106216858087e-06,0.0,0.0,4.291418030086009e-10,-4.304059508634276e-08,-1.766105432066969e-08,-1.5128322874514012e-05,4.4960708986728944e-08,-5.421814379485174e-07,1.5301717542025402e-06,-2.9882075699383552e-05,-5.3520087141445985e-06,0,0,305949,144031,6.100596812e-17,0.0004894889957087539,0.0004394980328467156,0.38409211440345015,0.6991543758068773,2.0576552695111823,3.060739819979232,3.887662309630494e-08
8,0.0002,0.001206017529529926,2.57889394663342e-12,-3.691268484252311e-11,0.9999999996741248,1.2977949129011876e-06,-2.485401309620474e-05,-5.6872041438583805e-06,1.0,0.0510705078392039,-0.9412454064280937,-0.31023812570199855,-2.9064001700947637e-06,0.0,0.0,5.63666051806863e-10,-5.507700775655512e-08,-2.7331001352149754e-08,-2.2146010361648498e-05,1.347227221014101e-07,-8.385443451583366e-07,2.5955898260843216e-06,-4.970802619780902e-05,-1.1374408288952308e-05,0,0,305906,144022,6.100596812e-17,0.0004894939516421705,0.00043950307080943194,0.38409211440345015,0.6991574800871978,2.057690071224175,3.060739819979232,6.52955938726433e-08
9,0.000225,0.001206016865661637,7.623162687176859e-12,-6.339093249777393e-11,0.9999999991811028,2.0721105691135064e-06,-3.8933234303216946e-05,-1.0849145178167841e-05,1.0,0.07282869375982358,-1.3114295668781382,-0.5156722624979382,-3.607665384565626e-06,0.0,0.0,7.169275002398452e-10,-6.826428666990597e-08,-3.9752402104510836e-08,-3.09634527587946e-05,2.6881877714206506e-07,-1.279715467261729e-06,4.144221139358243e-06,-7.786646862768877e-05,-2.1698290362258574e-05,0,0,305892,144023,6.100596812e-17,0.0004894978019531741,0.0004395116756330412,0.38409211440345015,0.6991001181419619,2.0576852405362382,3.060739819979232,1.0349049688480391e-07
10,0.0002500000000000001,0.001206015957686126,1.683484663750034e-11,-1.03368519725888e-10,0.9999999981225239,3.152483994501897e-06,-5.813903814271932e-05,-1.91014712862675e-05,1.0,0.10005095745858336,-1.7614980880147362,-0.8046995108910836,-4.366565990961056e-06,0.0,0.0,8.890500486073881e-10,-8.249897963939033e-08,-5.516195037048178e-08,-4.167458809659052e-05,4.681159388838137e-07,-1.9184915109873963e-06,6.304967992949602e-06,-0.0001162780763582084,-3.820294259644337e-05,0,0,305896,144015,6.100596812e-17,0.0004894866959975172,0.00043952538008012375,0.38409211440345015,0.699009982061239,2.057725536296386,3.060739819979232,1.5666981628680367e-07
11,0.0002750000000000001,0.00120601475594386,3.318953818688787e-11,-1.614838163477404e-10,0.9999999960035915,4.610917662534668e-06,-8.350396239425614e-05,-3.1601340899310596e-05,0.9999999999999999,0.13334039694692587,-2.29688777267452,-1.195278780742155,-5.177861809386168e-06,0.0,0.0,1.0802376226096712e-09,-9.768071417637395e-08,-7.376401596544319e-08,-5.4464793231976644e-05,8.402593850671881e-07,-2.730732218760797e-06,9.221835337354076e-06,-0.0001670079250109896,-6.320268188281576e-05,0,0,305852,144010,6.100596812e-17,0.0004894730384470888,0.0004395461486531073,0.38409211440345015,0.6991604447600475,2.0577179774443364,3.060739819979232,2.2852378459467216e-07
12,0.0003000000000000001,0.001206013206124135,6.248190583950725e-11,-2.417663868999648e-10,0.9999999919993193,6.526856542720978e-06,-0.00011612503388615844,-4.973668708867214e-05,1.0,0.17329251344264668,-2.9224797530585174,-1.7063749824337937,-6.036312767205989e-06,0.0,0.0,1.290823763636025e-09,-1.1371285766971799e-07,-9.573172269024662e-08,-6.952078475172695e-05,1.5031300271423626e-06,-3.691873425417151e-06,1.305371312025482e-05,-0.00023225006839170312,-9.947337444262918e-05,0,0,305796,144005,6.100596812e-17,0.0004894567658922424,0.00043954767911393554,0.38409211440345015,0.6992544475235531,2.0577938071565027,3.060739819979232,3.232571761102846e-07
13,0.0003250000000000001,0.001206011250854138,1.110696474776539e-10,-3.479910420831618e-10,0.999999984787613,8.987065006275706e-06,-0.000157156726538296,-7.51383381301566e-05,1.0,0.22049471111664182,-3.642583701481839,-2.357886128857,-6.9366789103316676e-06,0.0,0.0,1.5213240668118257e-09,-1.3050310027024656e-07,-1.2120815331756923e-07,-8.690081499388413e-05,2.3838893039093703e-06,-4.806098989238609e-06,1.7974130103694553e-05,-0.00031431345467041133,-0.00015027667702233554,0,0,305777,144009,6.100596812e-17,0.0004894378837306897,0.00043948640438144483,0.38409211440345015,0.6993819800298071,2.057844672807032,3.060739819979232,4.4561893298851326e-07
14,0.0003500000000000001,0.001206008832135191,1.830206469330443e-10,-4.853470085900658e-10,0.999999972319868,1.2085489596543871e-05,-0.00020780389760612477,-0.00010968930817810105,1.0,0.2755259804515104,-4.460950648486442,-3.1702637115719203,-7.873720410141343e-06,0.0,0.0,1.772490343427857e-09,-1.4796394354471992e-07,-1.5030763977017107e-07,-0.00010659670079145711,3.3721906525218604e-06,-6.182378331313713e-06,2.4170979416106377e-05,-0.00041560779904694246,-0.00021937861838034517,0,0,305887,144022,6.100596812e-17,0.0004894146294503053,0.00043941182836208103,0.38409211440345015,0.6992290880388627,2.0578595002102786,3.060739819979232,6.009265057236294e-07
15,0.0003750000000000001,0.001206005888097321,2.822788731865053e-10,-6.594185179527512e-10,0.9999999515124265,1.5923113602616487e-05,-0.00026931642771476115,-0.00015553218622423086,1.0,0.3389574807911468,-5.381032127826006,-4.164587745610506,-8.842197561977644e-06,0.0,0.0,2.0453655788738963e-09,-1.660130934237035e-07,-1.8311710083883894e-07,-0.00012892632878208748,4.568467447755019e-06,-7.743342417701115e-06,3.1846227719948414e-05,-0.0005386328641351892,-0.0003110643774760474,0,0,305910,144027,6.100596812e-17,0.0004893557219725036,0.00043932254422489444,0.38409211440345015,0.6991422389596771,2.0579281319867166,3.060739819979232,7.950950457616267e-07
16,0.0004000000000000001,0.001206002354502891,4.151274753036714e-10,-8.722394487163387e-10,0.9999999178401268,2.0607809917960024e-05,-0.0003429842709408868,-0.00021507405195894975,1.0,0.41135358280313106,-6.405786858841007,-5.362096148621531,-9.836870772248834e-06,0.0,0.0,2.3413384318492263e-09,-1.8457374463533516e-07,-2.1969737914417772e-07,-0.00015376122560625393,6.059420721618269e-06,-9.28233204338589e-06,4.1215620964676784e-05,-0.000685968560668137,-0.0004301481156982044,0,0,305946,144024,6.100596812e-17,0.0004892513872699096,0.0004392171229017088,0.38409211440345015,0.6990580170664322,2.0580310609304844,3.060739819979232,1.0346565442251944e-06
17,0.0004250000000000001,0.001205998169434926,5.93184211358282e-10,-1.122405831689707e-09,0.9999998648117676,2.625419870186597e-05,-0.0004301309291525762,-0.0002909889128426431,1.0,0.4932737837118545,-7.537621819328479,-6.784258705138413,-1.0852500529835044e-05,0.0,0.0,2.6621948553964847e-09,-2.0357473167236914e-07,-2.600845271350818e-07,-0.00018104421163422165,8.185118162750582e-06,-1.0730978594483573e-05,5.2508399769904544e-05,-0.0008602618970709145,-0.0005819778519108056,0,0,306146,144038,6.100596812e-17,0.000489128203342812,0.0004390942594895229,0.38409211440345015,0.6988732786557375,2.058089974733319,3.060739819979232,1.3267660530104887e-06
18,0.0004500000000000002,0.001205993265233572,8.300953388082697e-10,-1.416036476711818e-09,0.999999783305648,3.298351185699639e-05,-0.0005321047537976538,-0.00038621920706771555,0.9999999999999999,0.585274489448183,-8.77810350340972,-8.452553621967333,-1.1883847354327986e-05,0.0,0.0,3.010163201466218e-09,-2.2295052296150184e-07,-3.0429100428519723e-07,-0.00021129189664808692,1.0767772033248436e-05,-1.2759473007285296e-05,6.596702847888701e-05,-0.0010642095844647108,-0.0007724384699297831,0,0,306166,144031,6.100596812e-17,0.0004889553121527221,0.00043895262476083155,0.38409211440345015,0.6987587904623414,2.058104184983215,3.060739819979232,1.6792124074656097e-06
19,0.0004750000000000002,0.001205987570885985,1.140044833834126e-09,-1.767277226372617e-09,0.9999996607368871,4.0923464265336754e-05,-0.0006502763155318935,-0.0005039762834730769,1.0,0.6879109817859402,-10.129218684812024,-10.38852845628525,-1.2925671718005328e-05,0.0,0.0,3.3879554926261553e-09,-2.426411249139178e-07,-3.523067391432369e-07,-0.0002442559103467383,1.4028187568820066e-05,-1.533978696557866e-05,8.184693778655601e-05,-0.0013005527781403182,-0.0010079526809332112,0,0,306044,144044,6.100596812e-17,0.0004885954136335134,0.00043862238119560037,0.38409211440345015,0.6986363182699262,2.058209962731133,3.060739819979232,2.100426733256213e-06
20,0.0005000000000000001,0.001205981018772974,1.536845149150676e-09,-2.187771975132164e-09,0.9999994800306975,5.0208150451697525e-05,-0.0007860373210920267,-0.0006477366796479672,1.0,0.8017410479458811,-11.592355141367024,-12.613061271757596,-1.3972733934557463e-05,0.0,0.0,3.798804167018791e-09,-2.6259187462752197e-07,-4.040999734162041e-07,-0.00027991313052031175,1.771583765650395e-05,-1.8299792935185084e-05,0.00010041631830786331,-0.001572074914660962,-0.0012954735838314408,0,0,305993,144041,6.100596812e-17,0.0004881711522089444,0.000438195557937426,0.38409211440345015,0.6982560103090176,2.058221929738954,3.060739819979232,2.5994792698723575e-06
21,0.0005250000000000001,0.001205973536954909,2.029817263365654e-09,-2.683205654755442e-09,0.9999992183759087,6.097793853132821e-05,-0.0009407958182295163,-0.0008212383887325344,1.0,0.9273262805228624,-13.168739193336803,-15.147109100074724,-1.5019794005433386e-05,0.0,0.0,4.246486896641034e-09,-2.827530622878917e-07,-4.596178736346228e-07,-0.00031863231474014373,2.1721931480694302e-05,-2.1334901434677126e-05,0.00012195590883721689,-0.0018815921266916369,-0.0016424772053983423,0,0,306046,144035,6.100596812e-17,0.00048767527645850005,0.0004376946826511672,0.38409211440345015,0.698319176528313,2.0583203435917348,3.060739819979232,3.186079738183798e-06
22,0.00055,0.00120596505531723,2.635086482046765e-09,-3.251346386527807e-09,0.9999988457168285,7.337937909869755e-05,-0.001115974361741901,-0.0010284851488325242,1.0,1.0652359928034305,-14.859462733399468,-18.01223523602385,-1.6061611424193594e-05,0.0,0.0,4.735337425065857e-09,-3.030794454252832e-07,-5.187869751547477e-07,-0.0003598986995185852,2.6699606013794573e-05,-2.4116357107112033e-05,0.00014675881466447613,-0.0022319495822511488,-0.00205697108910748,0,0,306047,144030,6.100596812e-17,0.000487100188500682,0.00043711157496058084,0.38409211440345015,0.6983837134829505,2.057997927259509,3.060739819979232,3.8705816399623665e-06
23,0.000575,0.001205955512684699,3.367912366187272e-09,-3.900143511042505e-09,0.9999983229721056,8.756514699244697e-05,-0.0013130022959173704,-0.0012737387065163213,1.0,1.2160496086591168,-16.664506465862228,-21.228147186622138,-1.709294492802212e-05,0.0,0.0,5.270240871370424e-09,-3.235295469379884e-07,-5.815131867233635e-07,-0.000403511902982491,3.1926464717446056e-05,-2.7787412854063724e-05,0.00017513039188442236,-0.0026260060597967094,-0.0025474788370971587,0,0,305859,144032,6.100596812e-17,0.00048643790555158423,0.00043643767108044655,0.38409211440345015,0.6984769422125815,2.057920334121085,3.0745650945068865,4.663954619711373e-06
24,0.0006,0.001205944845407727,4.249339965800919e-09,-4.651565245120236e-09,0.9999975999546123,0.000103693959807439,-0.0015333146969246478,-0.001561498837036569,1.0,1.380356020035081,-18.584810888647038,-24.813232106093064,-1.8108552183911073e-05,0.0,0.0,5.8566258210109035e-09,-3.440648861827852e-07,-6.47681242381972e-07,-0.0004498702547550866,3.8587743251645656e-05,-3.232632587215475e-05,0.0002073880855285106,-0.0030666318472015617,-0.0031230001725209245,0,0,305932,144038,6.100596812e-17,0.0004856802674149779,0.00043566410396725917,0.38409211440345015,0.6981181014760307,2.057727001061257,3.0745650945068865,5.5777634762163655e-06
25,0.0006249999999999999,0.001205932982612706,5.303934963010478e-09,-5.50718497359487e-09,0.9999966129319917,0.00012193051296059787,-0.0017783515273139213,-0.001896502923700542,1.0,1.5587605195248435,-20.62021607815798,-28.78712635848537,-1.9103189419361777e-05,0.0,0.0,6.5004290020176785e-09,-3.6464908138650497e-07,-7.171539896311749e-07,-0.0004991533469359608,4.5779856525119083e-05,-3.6123252405815934e-05,0.00024386130124619523,-0.0035567070702316604,-0.003793010129796473,0,0,306044,144089,6.100596812e-17,0.00048481871822847965,0.0004347816022328494,0.38214961380411316,0.6980695767298107,2.05763781569403,3.0745650945068865,6.62416844441034e-06
26,0.0006499999999999999,0.001205919861671305,6.536991383356202e-09,-6.463005915870436e-09,0.999995281796841,0.00014244543116929143,-0.0020495545920859006,-0.0022837292592831396,1.0,1.7518810110381464,-22.77115500009351,-33.168719220738815,-2.0071610998095964e-05,0.0,0.0,7.2080324525793836e-09,-3.852467848729045e-07,-7.897713328793014e-07,-0.0005505219650815857,5.2864657102538805e-05,-4.0342422976229347e-05,0.000284891310397084,-0.0040991156309939355,-0.004567465701978907,0,0,305736,144066,6.100596812e-17,0.00048384443485939614,0.0004337806533190702,0.38214961380411316,0.6974905165857407,2.0575780562263706,3.0745650945068865,7.815910404694971e-06
27,0.0006749999999999998,0.001205905425908625,7.96913184165603e-09,-7.521350085744588e-09,0.9999935068807406,0.0001654151548927025,-0.0023483703271894064,-0.0027283678254647423,1.0,1.9603492187793985,-25.03796179270435,-37.97303591117915,-2.1008568922921512e-05,0.0,0.0,7.986206858702106e-09,-4.058225766849869e-07,-8.653481968458495e-07,-0.0006043390493220839,6.17065795614475e-05,-4.432511061370287e-05,0.00033083102582748345,-0.004696750819904282,-0.005456747461371942,0,0,305520,144017,6.100596812e-17,0.00048273140927296564,0.00043265131780897184,0.3774324872263532,0.6980396750573926,2.0579290382171944,3.0745650945068865,9.166266359861825e-06
28,0.0006999999999999998,0.001205889604137417,9.644457068888846e-09,-8.682773612684126e-09,0.9999911654403578,0.000191021938110066,-0.0026762382946782935,-0.0032357843630629987,1.0,2.1848106664900104,-27.419182360093714,-43.21315413830041,-2.190881228371418e-05,0.0,0.0,8.84201276543052e-09,-4.2633948965059176e-07,-9.436717680956745e-07,-0.000661402647363999,7.231943861717772e-05,-4.858877154146022e-05,0.00038204500128724464,-0.005352492351670176,-0.006471587784013309,0,0,305587,144036,6.100596812e-17,0.00048146220723491715,0.00043137498668392054,0.3774324872263532,0.6978467562724283,2.057695374414533,3.0745650945068865,1.0688978508863817e-05
29,0.0007249999999999997,0.00120587232525132,1.158480632459022e-08,-9.96442984701017e-09,0.9999881076068159,0.00021945370319131826,-0.003034587079140743,-0.003811530699127026,0.9999999999999999,2.4259357679288054,-29.91452819619727,-48.905799445850164,-2.2767086681991575e-05,0.0,0.0,9.782649318738915e-09,-4.46757496596776e-07,-1.0244989493139047e-06,-0.0007209082404067127,8.290850183893246e-05,-5.394372720462333e-05,0.0004389091462773958,-0.006069198217397732,-0.007623091617212273,0,0,305524,144001,6.100596812e-17,0.0004800190766412073,0.0004299068908617543,0.3774324872263532,0.6980111066011475,2.057873920492637,3.0745650945068865,1.2398245599906371e-05
30,0.0007499999999999997,0.001205853536219902,1.379753245894105e-08,-1.138256648886092e-08,0.9999841518038225,0.0002509038361198909,-0.0034248455807961292,-0.004461347464887773,1.0,2.6843834581829387,-32.52435036914869,-55.06448437488462,-2.357813362116958e-05,0.0,0.0,1.0815304991632169e-08,-4.670321560813744e-07,-1.1075532037709234e-06,-0.0007822142730040138,9.410958890913426e-05,-5.950720414343682e-05,0.0005018103231720644,-0.006849727346904742,-0.008922742066280917,0,0,305539,144042,6.100596812e-17,0.0004783704727369306,0.00042827000943460513,0.38214961380411316,0.6977008701066921,2.0574560894267413,3.0745650945068865,1.4308724436935178e-05
31,0.0007749999999999996,0.001205833193845621,1.62965088791775e-08,-1.295023574691077e-08,0.999979079889367,0.0002855710307920766,-0.003848443115512048,-0.005191119184537867,1.0,2.960832634147614,-35.24838568171936,-61.698761950679135,-2.4336689884244325e-05,0.0,0.0,1.1946992414934068e-08,-4.871129627137929e-07,-1.1925199329511988e-06,-0.0008451756694784201,0.00010580852470978155,-6.59063365005509e-05,0.0005711460444025202,-0.007696939904710401,-0.010382310768873346,0,0,305508,143986,6.100596812e-17,0.0004765361328516139,0.000426452671720502,0.38214961380411316,0.6980720591874401,2.057484412715819,3.0745650945068865,1.643062109242413e-05
32,0.0007999999999999996,0.001205811246714532,1.911533016651599e-08,-1.467278185002998e-08,0.999972631969234,0.00032365901725010256,-0.004306782717060957,-0.006006844428758804,0.9999999999999999,3.2559600640635376,-38.0827251024553,-68.81738558330657,-2.503748695993354e-05,0.0,0.0,1.3184271099846609e-08,-5.069410326859677e-07,-1.2790414484115462e-06,-0.0009105948176445434,0.00011969717827729783,-7.189735174898589e-05,0.0006473239398381468,-0.008613644013756744,-0.012013798455719493,0,0,305537,143992,6.100596812e-17,0.000474503646088631,0.00042444317120146467,0.38214961380411316,0.6981956258270017,2.058112963464549,3.0745650945068865,1.4309757449021209e-05
33,0.0008249999999999996,0.00120578765040033,2.232789992844146e-08,-1.655857464633271e-08,0.9999645007535644,0.0003653759830422007,-0.004801229119620847,-0.0069146172711721035,1.0,3.570408183200309,-41.025196788730625,-76.42696358131433,-2.5675250558351472e-05,0.0,0.0,1.4532938088411891e-08,-5.264468945086446e-07,-1.366711536956328e-06,-0.0009771103185322327,0.00013730840267673998,-7.896607195523298e-05,0.0007307606132552312,-0.009602571867532324,-0.013829398187136263,0,0,305548,143975,6.100596812e-17,0.00047226056621632606,0.0004222297612310551,0.38926608638868354,0.6986263516496365,2.0583293802661298,3.092991089609444,1.204115698466238e-05
34,0.0008499999999999995,0.001205762363416008,2.598176559560515e-08,-1.861441273143339e-08,0.9999543253813808,0.0004109341083673266,-0.005333138120749699,-0.007920601114252395,1.0,3.904792758587238,-44.07660781277576,-84.53209219741565,-2.62447002257364e-05,0.0,0.0,1.599778593686091e-08,-5.455490330665678e-07,-1.4550692692475984e-06,-0.0010458484271748298,0.00015500085069635526,-8.550097485282103e-05,0.0008218807298023835,-0.01066643863716615,-0.01584144341320129,0,0,305440,143962,6.100596812e-17,0.0004697944077687797,0.0004198006722287844,0.37767369140815754,0.6980871871127712,2.0585231355800837,3.092991089609444,9.705420038079713e-06
35,0.0008749999999999995,0.001205735325857059,3.006884816586849e-08,-2.083093646800155e-08,0.9999416851349555,0.00046054903647927596,-0.005903849867614479,-0.009030990022757724,1.0,4.259705619075553,-47.23373526968957,-93.13322964682779,-2.6740549169579076e-05,0.0,0.0,1.758224393510827e-08,-5.641516429363282e-07,-1.5435919397276958e-06,-0.0011171562887851128,0.00017196575492471245,-9.182092407263227e-05,0.0009211159779461425,-0.011807929262055077,-0.018062331147681517,0,0,305706,144001,6.100596812e-17,0.00046709266397497066,0.00041714422922104556,0.37767369140815754,0.6973063544680999,2.0580538470245466,3.0745650945068865,7.537168127545708e-06
36,0.0008999999999999994,0.001205706500061043,3.459570370992497e-08,-2.321661852642912e-08,0.9999260932607881,0.0005144388550737174,-0.006514659282885364,-0.010251955096959526,1.0,4.635638034538338,-50.49268263592766,-102.22643611210817,-2.7157504422837095e-05,0.0,0.0,1.9287907650600485e-08,-5.821417676911964e-07,-1.6316870843644812e-06,-0.0011889073924308965,0.0001901826885998059,-9.903364060157326e-05,0.0010289030578956525,-0.013029639560076656,-0.020504415334566914,0,0,305314,143995,6.100596812e-17,0.00046414309180781637,0.000414237980264518,0.37767369140815754,0.6977779056863704,2.058265228817124,3.0745650945068865,6.1978658168051904e-06
37,0.0009249999999999994,0.0012056758767626,3.961410259548196e-08,-2.578277187700767e-08,0.999906990552339,0.0005728230416950261,-0.007166817026547393,-0.01158960103003816,0.9999999999999999,5.033019001826024,-53.85041397737944,-111.8052754339483,-2.749026735844324e-05,0.0,0.0,2.1114081424938687e-08,-5.993869861972373e-07,-1.7186841621158598e-06,-0.0012609564829909792,0.0002112892222447527,-0.0001062586274447111,0.0011456816033480093,-0.01433407845742377,-0.02317992071507335,0,0,305417,143994,6.100596812e-17,0.00046093379825105815,0.00041103288548639756,0.3563659936952812,0.6974902835283536,2.057983633955313,2.914053397229937,6.781235384205576e-06
38,0.0009499999999999993,0.001205643460535449,4.517051033530124e-08,-2.858741534153537e-08,0.9998837386083305,0.0006359212930477991,-0.00786152563215635,-0.013049953466269096,1.0,5.452193462267596,-57.30245066620215,-121.8638530704078,-2.773353465417607e-05,0.0,0.0,2.3057225682191996e-08,-6.157329417326797e-07,-1.803826464245417e-06,-0.0013323416891293743,0.00023322339694078928,-0.00011811284971750523,0.0012718918771175442,-0.01572366062059106,-0.02610091845007933,0,0,305721,144041,6.100596812e-17,0.00045745323354605573,0.0004075573409466521,0.3563659936952812,0.6973205528703321,2.0586303063841322,2.914053397229937,9.328572706420393e-06
39,0.0009749999999999993,0.001205609242533233,5.129196186483778e-08,-3.165301866448459e-08,0.9998556136543327,0.0007039517324205806,-0.0085999178851177,-0.01463891076021002,1.0,5.893327840066919,-60.84234136557413,-132.38809451371387,-2.7881999879657003e-05,0.0,0.0,2.5110314464854737e-08,-6.310004283528669e-07,-1.886261865167724e-06,-0.0014050984881473928,0.0002564927254221342,-0.0001271354161184319,0.0014079712294336705,-0.017200663625192292,-0.029279230707693477,0,0,305930,144027,6.100596812e-17,0.0004536902808347231,0.00040380046052877126,0.3563659936952812,0.6979049471277321,2.0586341814990496,2.914053397229937,1.3017810178400888e-05
40,0.0009999999999999994,0.00120557318145819,5.800929740693038e-08,-3.492813293062721e-08,0.9998218016041652,0.0007771289008933733,-0.009383040399322768,-0.01636214107436081,1.0,6.356386328825224,-64.46303384938061,-143.35573496112983,-2.7930355888203698e-05,0.0,0.0,2.7262184549052138e-08,-6.449825681693272e-07,-1.965032025951665e-06,-0.0014797875152956813,0.00028089411794527373,-0.00013487372517297826,0.0015543501304502389,-0.018767195573271167,-0.032726226092146614,0,0,305752,143989,6.100596812e-17,0.0004496345300346022,0.0003997519030106522,0.3660576241797034,0.698112621837605,2.0584835255540495,2.914053397229937,1.7394252310835067e-05
